record_id,OBJECTID,Station_name,Station_address,Operator,Number_of_plugs,Charger_Type,Charger_rating,Latitude,Longitude,LGANAME,PCODE,Source,missing_region_metadata,power_kw,power_format,operator_raw,operator_standardized,operator_needs_review,source_file,shared_coordinates,shared_address_operator,potential_duplicate_review,postcode_from_address,postcode_check,postcode_standardized,postcode_source,postcode_needs_review,postcode_resolution,charger_type_standardized,status_from_type
ev_35fd7b517c13af2f3539c4e4bf763c10205c189b8da6e626534017d6485fb250,,,", Muswellbrook, 2333",EVUp,2,AC,22 kW,-32.26224229,150.8901391,Muswellbrook Shire Council,2333,Existing Destination Chargers,False,22.0,single_kw,EVUp,EVUp,False,ev_20251216.csv,False,False,False,,no_address_candidate,2333,PCODE,False,existing_retained,AC,not_specified
ev_e795ae9310df33c9b9f8840aea501aec56db120b534e345b0fc6a3d5ce041b7b,,,"01 Wallgrove Road, Sydney, 2766",BP,4,DC,150 kW,-33.81100405,150.8495966,Blacktown City Council,2766,Existing Fast Chargers,False,150.0,single_kw,BP,BP,False,ev_20251216.csv,False,False,False,,no_address_candidate,2766,PCODE,False,existing_retained,DC,not_specified
ev_92a54038955adbf16c92062ab57a4b497be32cb889fcc2b6cb5d53a12c433e0c,,,"1 - 7 Ross St, Wilcannia NSW 2836, Australia",NRMA,4,DC,50 kW,-30.5118739,151.669395,Central Darling Shire Council,2350,TfNSW Regional,False,50.0,single_kw,NRMA,NRMA,False,ev_20251216.csv,False,False,False,2836,conflicts_with_existing,,,True,value_conflict,DC,not_specified
ev_3da79c501d7974c4467f521947a6948bf95b2e22c608821689fae49c2c5806ca,,,"1 Balfour St, Sydney, 2070",Chargefox,7,AC,22 kW,-33.77410115,151.167035,Ku-ring-gai Council,2070,Existing Destination Chargers,False,22.0,single_kw,Chargefox,Chargefox,False,ev_20251216.csv,False,False,False,,no_address_candidate,2070,PCODE,False,existing_retained,AC,not_specified
ev_1db50d53783f3bb52cca4274ed47e15067c953845d5380672f6912782c9785d8,,,"1 Bay Ln, Byron Bay, 2481",Tesla,2,AC,19 kW,-28.64181886,153.6136326,Byron Shire Council,2481,Existing Destination Chargers,False,19.0,single_kw,Tesla,Tesla,False,ev_20251216.csv,False,False,False,,no_address_candidate,2481,PCODE,False,existing_retained,AC,not_specified
ev_357c3ca140819629070a2e9b19d8727c0411780adcc388593c413bb502f677e4,,,"1 Bay St, Sydney, 2037",Tesla,16,DC,130 kW,-33.88350355,151.1944334,"Sydney, Council of the City of",2037,Existing Fast Chargers,False,130.0,single_kw,Tesla,Tesla,False,ev_20251216.csv,False,False,False,,no_address_candidate,2037,PCODE,False,existing_retained,DC,not_specified
ev_e277d9e717f28e9822fbbe62ef707efac7561fe9571da33ff2289a4ae24c0274,,,"1 Bells Blvd, Kingscliff, 2487",Evie,4,DC,75 kW,-28.27690295,153.5770781,Tweed Shire Council,2487,Existing Fast Chargers,False,75.0,single_kw,Evie,Evie,False,ev_20251216.csv,False,False,False,,no_address_candidate,2487,PCODE,False,existing_retained,DC,not_specified
ev_f0f9273354e3dc18756094a1d0202744f7e8169806239b6679153a12e38186ab,,,"1 Bradleys Head Rd, Sydney, 2088",Chargefox,1,AC,22 kW,-33.84103708,151.2422452,Mosman Municipal Council,2088,Existing Destination Chargers,False,22.0,single_kw,Chargefox,Chargefox,False,ev_20251216.csv,False,True,True,,no_address_candidate,2088,PCODE,False,existing_retained,AC,not_specified
ev_eb43cbbb49fdca2aae8fb7a5c7dad4dda9a42876e92fd68d4c4b9f897f1262cb,,,"1 Bradleys Head Rd, Sydney, 2088",Chargefox,1,AC,22 kW,-33.84141846,151.2426306,Mosman Municipal Council,2088,Existing Destination Chargers,False,22.0,single_kw,Chargefox,Chargefox,False,ev_20251216.csv,False,True,True,,no_address_candidate,2088,PCODE,False,existing_retained,AC,not_specified
ev_f1d54ecdf9ce93b6d2d6f842d6692fbccb3a82b1f3f920e23821e6c7fdd22c61,,,"1 Cathedral Sq, Sydney, 2000",AXCharge,3,AC,22 kW,-33.87136841,151.2137407,"Sydney, Council of the City of",2000,Existing Destination Chargers,False,22.0,single_kw,AXCharge,AXCharge,False,ev_20251216.csv,False,False,False,,no_address_candidate,2000,PCODE,False,existing_retained,AC,not_specified
ev_49b5bf2faa97ae8a4ebfc28745186f5fcf4e06c41a8049353edfa32c33e7b4a8,,,"1 Dalgal Way, Sydney, 2037",Tesla,2,AC,22 kW,-33.87637442,151.1776376,"Sydney, Council of the City of",2037,Existing Destination Chargers,False,22.0,single_kw,Tesla,Tesla,False,ev_20251216.csv,False,True,True,,no_address_candidate,2037,PCODE,False,existing_retained,AC,not_specified
ev_3a32c9499c919b9eee3b1d259654ae2aa107785987c99e7e5ae70ffe256a573f,,,"1 Dalgal Way, Sydney, 2037",Tesla,4,DC,250 kW,-33.87650055,151.178,"Sydney, Council of the City of",2037,Existing Fast Chargers,False,250.0,single_kw,Tesla,Tesla,False,ev_20251216.csv,False,True,True,,no_address_candidate,2037,PCODE,False,existing_retained,DC,not_specified
ev_e53f56827a584676255ea25d0b532e76a4a5508aa50e7b0dd38cb2bba876334c,,,"1 Eels Pl, Sydney, 2150",Everty,3,AC,22 kW,-33.8064585,151.0017477,"Parramatta, Council of the City of",2150,Existing Destination Chargers,False,22.0,single_kw,Everty,Everty,False,ev_20251216.csv,False,False,False,,no_address_candidate,2150,PCODE,False,existing_retained,AC,not_specified
ev_1c0f3cac47fe39465073b809645b35ea3fcbff7a05c0d4f68c82cb2f688145f1,,,"1 Elizabeth St, Merimbula, 2548",Tesla,1,AC,8 kW,-36.89530635,149.9118809,Bega Valley Shire Council,2548,Existing Destination Chargers,False,8.0,single_kw,Tesla,Tesla,False,ev_20251216.csv,False,False,False,,no_address_candidate,2548,PCODE,False,existing_retained,AC,not_specified
ev_8fcc49779a21bbe1fc0cccff73c2027f23313ab0e1822d5eb8c2230e64746bd5,,,"1 Ferguson Cres, Mittagong, 2575",Tesla,1,AC,22 kW,-34.44729434,150.4615586,Wingecarribee Shire Council,2575,Existing Destination Chargers,False,22.0,single_kw,Tesla,Tesla,False,ev_20251216.csv,False,False,False,,no_address_candidate,2575,PCODE,False,existing_retained,AC,not_specified
ev_01ae1384f06f34d4d924faed82d764ac0fbd862d0b7210c44dec2155f90a2f86,,,"1 Ferrers Rd, Sydney, 2766",Tesla,2,AC,22 kW,-33.80382587,150.8677297,Blacktown City Council,2766,Existing Destination Chargers,False,22.0,single_kw,Tesla,Tesla,False,ev_20251216.csv,False,False,False,,no_address_candidate,2766,PCODE,False,existing_retained,AC,not_specified
ev_53fd601d36c25a323642c8ff07423030ff11df8a8e0dbf506b0cbaeff0a42cec,,,"1 Frederick St, Sydney, 2064",Evie,6,DC,150 kW,-33.81707912,151.1889369,Willoughby City Council,2064,Existing Fast Chargers,False,150.0,single_kw,Evie,Evie,False,ev_20251216.csv,False,False,False,,no_address_candidate,2064,PCODE,False,existing_retained,DC,not_specified
ev_f75fabba93f409a1c8496d1cf1503c8dc9c4e4164a6956e872c92ae2883ba905,,,"1 Friday Dr, Thredbo, 2625",Exploren,10,AC,22 kW,-36.50129634,148.3103774,Snowy Monaro Regional Council,2625,Existing Destination Chargers,False,22.0,single_kw,Exploren,Exploren,False,ev_20251216.csv,False,False,False,,no_address_candidate,2625,PCODE,False,existing_retained,AC,not_specified
ev_1b8a521a32cd892d89d467969aa0a6687a51e61bf0f24e58b6d675c62ca8658a,,,"1 Golf Club Rd, Deniliquin, 2710",Chargefox,4,AC,22 kW,-35.53652657,144.9742282,Edward River Council,2710,Existing Destination Chargers,False,22.0,single_kw,Chargefox,Chargefox,False,ev_20251216.csv,False,False,False,,no_address_candidate,2710,PCODE,False,existing_retained,AC,not_specified
ev_d0abb5f909a046b8e4ad8e38f4aacd7663b733e09d8f9811e5d6b891b8bd6ec8,,,"1 Greenbridge Dr, Wilton, 2571",Chargefox,2,DC,160 kW,-34.22847652,150.6841562,Wollondilly Shire Council,2571,Existing Fast Chargers,False,160.0,single_kw,Chargefox,Chargefox,False,ev_20251216.csv,False,False,False,,no_address_candidate,2571,PCODE,False,existing_retained,DC,not_specified
ev_1caa21b4d23922c31d77c3e87070aead912e08ecefe8819c9bd0540d3ba612bb,,,"1 Hargreaves St, Wollongong, 2526",Exploren,4,AC,22 kW,-34.45151356,150.8428559,Wollongong City Council,2526,Existing Destination Chargers,False,22.0,single_kw,Exploren,Exploren,False,ev_20251216.csv,False,False,False,,no_address_candidate,2526,PCODE,False,existing_retained,AC,not_specified
ev_981beefb280d1ff85c02eb5305956723a6be2a31fed9676176e1f02b625041dc,,,"1 Hay St, Port Macquarie, 2444",Tesla,4,AC,22 kW,-31.42837342,152.9087618,Port Macquarie-Hastings Council,2444,Existing Destination Chargers,False,22.0,single_kw,Tesla,Tesla,False,ev_20251216.csv,False,False,False,,no_address_candidate,2444,PCODE,False,existing_retained,AC,not_specified
ev_39255706075efef502370bb48e45eb7bb20db9e0d3e67361735476270361a255,,,"1 Hollinsworth Rd, Sydney, 2765",Chargefox,4,AC,22 kW,-33.71981686,150.8425556,Blacktown City Council,2765,Existing Destination Chargers,False,22.0,single_kw,Chargefox,Chargefox,False,ev_20251216.csv,False,False,False,,no_address_candidate,2765,PCODE,False,existing_retained,AC,not_specified
ev_f8d92dcfda9ce8e22ab18f90fc33cff3019d784d034813f807d58e99af30f680,,,"1 Ingham Dr, Casula NSW 2170",Evie,4,DC,50 kW,-33.948829,150.90027,Liverpool City Council,2170,ARENA - Driving the Nation,False,50.0,single_kw,Evie,Evie,False,ev_20251216.csv,False,False,False,2170,matches_existing,2170,PCODE,False,existing_retained,DC,not_specified
ev_0dd399921deabd2bf18413c57f45bc745d01abb0dc0e9f889a43fee589b10707,,,"1 Jondaryan Ave, Griffith, 2680",Tesla,2,AC,22 kW,-34.2891582,146.0511201,Griffith City Council,2680,Existing Destination Chargers,False,22.0,single_kw,Tesla,Tesla,False,ev_20251216.csv,False,False,False,,no_address_candidate,2680,PCODE,False,existing_retained,AC,not_specified
ev_daf91a3ddcf9dce2b393c2292eb29d3c6827dfb804f1e547511af1c449060b5f,,,"1 Kiaora Ln, Sydney, 2028",Chargefox,2,AC,22 kW,-33.87823128,151.2448659,Woollahra Municipal Council,2028,Existing Destination Chargers,False,22.0,single_kw,Chargefox,Chargefox,False,ev_20251216.csv,False,False,False,,no_address_candidate,2028,PCODE,False,existing_retained,AC,not_specified
ev_2814dd82973f2aa14ca673ab2438d53d857230dcc57b935c433f081291b8fae4,,,"1 Laman St, Newcastle, 2300",Chargefox,2,AC,22 kW,-32.92913118,151.772021,Newcastle City Council,2300,Existing Destination Chargers,False,22.0,single_kw,Chargefox,Chargefox,False,ev_20251216.csv,False,False,False,,no_address_candidate,2300,PCODE,False,existing_retained,AC,not_specified
ev_7cde3d4e59cd084712a54481b1dd4295c6fd2f3ab426b9fa8c291f5893d98880,,,"1 Little Walker St, Casino, NSW 2470, Australia",NRMA,4,DC,50 kW,-35.442745,149.7913305,Richmond Valley Council,2622,TfNSW Regional,False,50.0,single_kw,NRMA,NRMA,False,ev_20251216.csv,False,False,False,2470,conflicts_with_existing,,,True,value_conflict,DC,not_specified
ev_b29d39c7a2b5cddd7738f53ab28b016c00e92ad66f55933620b87afba281cb9d,,,"1 Littlebourne St, Bathurst, 2795",Exploren,2,AC,22 kW,-33.41997202,149.6143994,Bathurst Regional Council,2795,Existing Destination Chargers,False,22.0,single_kw,Exploren,Exploren,False,ev_20251216.csv,False,False,False,,no_address_candidate,2795,PCODE,False,existing_retained,AC,not_specified
ev_0e85dea2e3e6b9dc4589d887b90a1929525f4bda0938007e402b413c159345e1,,,"1 Magenta Dr, Central Coast, 2261",Tesla,1,AC,6 kW,-33.31093998,151.5228138,Central Coast Council,2261,Existing Destination Chargers,False,6.0,single_kw,Tesla,Tesla,False,ev_20251216.csv,False,False,False,,no_address_candidate,2261,PCODE,False,existing_retained,AC,not_specified
ev_da2ad1e59b60e4d72d27682ac6878aefb685800c922c5136535f4c132177b0a4,,,"1 Martin Pl, Sydney, 2000",Everty,3,AC,22 kW,-33.86784589,151.2077858,"Sydney, Council of the City of",2000,Existing Destination Chargers,False,22.0,single_kw,Everty,Everty,False,ev_20251216.csv,False,False,False,,no_address_candidate,2000,PCODE,False,existing_retained,AC,not_specified
ev_bef9ff3cda9ecf901fcbf7e4a7403ef08d52f255018e4422d4f6664037f5c1f8,,,"1 Matong St, Dareton, 2717",Chargestar,1,AC,22 kW,-34.09419724,142.0396877,Wentworth Shire Council,2717,Existing Destination Chargers,False,22.0,single_kw,Chargestar,Chargestar,False,ev_20251216.csv,False,False,False,,no_address_candidate,2717,PCODE,False,existing_retained,AC,not_specified
ev_5b40b8a6305d941f6fc9c0dc0223420c28f00aac572ac689681d62f277a42b6a,,,"1 Molly Morgan Dr, Maitland, 2323",Chargefox,2,AC,6 kW,-32.76249354,151.5895816,Maitland City Council,2323,Existing Destination Chargers,False,6.0,single_kw,Chargefox,Chargefox,False,ev_20251216.csv,False,False,False,,no_address_candidate,2323,PCODE,False,existing_retained,AC,not_specified
ev_cab941bc57b8eb84eaa6cf327be39dd400c4303bc732140f331580be63e5db7e,,,"1 Molly Morgan Dr, Maitland, 2323",Tesla,2,AC,22 kW,-32.76258363,151.5903554,Maitland City Council,2323,Existing Destination Chargers,False,22.0,single_kw,Tesla,Tesla,False,ev_20251216.csv,False,False,False,,no_address_candidate,2323,PCODE,False,existing_retained,AC,not_specified
ev_75a0b2783690c13442588abc3a56382ed052d17e4533e0c9c68b00cf616f6545,,,"1 Pambula Beach Rd, Pambula Beach, 2549",Tesla,1,AC,22 kW,-36.94024329,149.9072653,Bega Valley Shire Council,2549,Existing Destination Chargers,False,22.0,single_kw,Tesla,Tesla,False,ev_20251216.csv,False,False,False,,no_address_candidate,2549,PCODE,False,existing_retained,AC,not_specified
ev_493afb89ec4116e7dfe20763aa68c152e55b9e5cf1370f36d15e0307fd5aa3a8,,,"1 Park St, Sydney, 2103",JOLT,2,DC,25 kW,-33.67613618,151.3039429,Northern Beaches Council,2103,Existing Fast Chargers,False,25.0,single_kw,JOLT,JOLT,False,ev_20251216.csv,False,False,False,,no_address_candidate,2103,PCODE,False,existing_retained,DC,not_specified
ev_d0bdc7857cb7d9eb465b9c75066a9ca66743c7fff663acad913f516209bf7541,,,"1 Perry St, Batemans Bay, 2536",Evie,4,DC,75 kW,-35.70737242,150.1761672,Eurobodalla Shire Council,2536,Existing Fast Chargers,False,75.0,single_kw,Evie,Evie,False,ev_20251216.csv,False,False,False,,no_address_candidate,2536,PCODE,False,existing_retained,DC,not_specified
ev_ba957a1d60a66d402962a841bae99cd1a5602881984b05d2b1d9e33de987d216,,,"1 Plunkett St, Sydney, 2065",Exploren,2,DC,50 kW,-33.8215586,151.1964124,Willoughby City Council,2065,Existing Fast Chargers,False,50.0,single_kw,Exploren,Exploren,False,ev_20251216.csv,False,False,False,,no_address_candidate,2065,PCODE,False,existing_retained,DC,not_specified
ev_dd66bd1d0e3fca68984f204dcf8dda853395b7ee6d01b73e614db50ff44f7608,,,"1 Porter St, Byron Bay, 2481",Chargefox,11,AC,22 kW,-28.63114219,153.5822593,Byron Shire Council,2481,Existing Destination Chargers,False,22.0,single_kw,Chargefox,Chargefox,False,ev_20251216.csv,False,False,False,,no_address_candidate,2481,PCODE,False,existing_retained,AC,not_specified
ev_5e0a2b54dfabec10fdea5e0d9dee66c5a4719b3168679773503b4b34afa65f19,,,"1 Railway Pde, Sydney, 2217",Tesla,2,AC,6 kW,-33.96202107,151.1331081,Georges River Council,2217,Existing Destination Chargers,False,6.0,single_kw,Tesla,Tesla,False,ev_20251216.csv,False,False,False,,no_address_candidate,2217,PCODE,False,existing_retained,AC,not_specified
ev_63e24f3d3ed3d9a3c42a4689e84b6b74383fd949ff24b9e05dc539dcd4502f05,,,"1 Reina Street, Sydney, 2026",Exploren,1,AC,22 kW,-33.8818579,151.2752853,Waverley Council,2026,Existing Destination Chargers,False,22.0,single_kw,Exploren,Exploren,False,ev_20251216.csv,False,False,False,,no_address_candidate,2026,PCODE,False,existing_retained,AC,not_specified
ev_06426986e289afdf388e8851380105616fff0bd8a0dd550d19e471ba6bdeaf5f,,,"1 Rider Blvd, Sydney, 2138",Tesla,3,AC,22 kW,-33.83552757,151.0841261,"Canada Bay Council, City of",2138,Existing Destination Chargers,False,22.0,single_kw,Tesla,Tesla,False,ev_20251216.csv,False,False,False,,no_address_candidate,2138,PCODE,False,existing_retained,AC,not_specified
ev_b1b3eff2a14b078db2b5e198946bbfa7ff84c9c93f0fdea198e6d998059acfa1,,,"1 Salisbury Rd, Sydney, 2154",Tesla,1,AC,6 kW,-33.73073778,150.9734024,The Hills Shire Council,2154,Existing Destination Chargers,False,6.0,single_kw,Tesla,Tesla,False,ev_20251216.csv,False,False,False,,no_address_candidate,2154,PCODE,False,existing_retained,AC,not_specified
ev_33cbfccf2b466874103c2f6666384d58338d5876bba8c0c8b4e1503a70bc2d9c,,,"1 Seabeach Ave, Sydney, 2103",Chargefox,2,AC,6 kW,-33.67677782,151.3098839,Northern Beaches Council,2103,Existing Destination Chargers,False,6.0,single_kw,Chargefox,Chargefox,False,ev_20251216.csv,False,False,False,,no_address_candidate,2103,PCODE,False,existing_retained,AC,not_specified
ev_f682ba99a646a98b8e6c87ccc057eeffbbeb68e44a4be051427e3d1cf4b40227,,,"1 Stanley St, Sydney, 2025",EVX,2,AC,22 kW,-33.88848053,151.2444605,Woollahra Municipal Council,2025,Existing Destination Chargers,False,22.0,single_kw,EVX,EVX,False,ev_20251216.csv,False,False,False,,no_address_candidate,2025,PCODE,False,existing_retained,AC,not_specified
ev_a61f059a1889d1ea2f32839174dc0b9b2fb870c8e93b0ca3e6d9bd81ec050742,,,"1 Sterling Cct, Sydney, 2050",Saascharge,1,AC,22 kW,-33.88474779,151.1766086,"Sydney, Council of the City of",2050,Existing Destination Chargers,False,22.0,single_kw,Saascharge,Saascharge,False,ev_20251216.csv,False,False,False,,no_address_candidate,2050,PCODE,False,existing_retained,AC,not_specified
ev_0b5be5115383c3f46dbfcb3ca3784435eabb14ed17e0e176b13b14b0cc3a3d5f,,,"1 Sublime Point Rd, Leura, 2780",Exploren,4,AC,22 kW,-33.72087992,150.3514194,Blue Mountains City Council,2780,Existing Destination Chargers,False,22.0,single_kw,Exploren,Exploren,False,ev_20251216.csv,False,False,False,,no_address_candidate,2780,PCODE,False,existing_retained,AC,not_specified
ev_d15fc9f97a2d29ed106b1322ff239a4e84b7092a885d284b6a60f7c25bf1d7a7,,,"1 Wharf St, Tweed Heads, 2485",Tesla,6,DC,250 kW,-28.17378983,153.5445165,Tweed Shire Council,2485,Existing Fast Chargers,False,250.0,single_kw,Tesla,Tesla,False,ev_20251216.csv,False,False,False,,no_address_candidate,2485,PCODE,False,existing_retained,DC,not_specified
ev_fafafe6a63bed21c5107da214737be37afe3861cf381442b99daa520431700b9,,,"1 Williamtown Drive, Williamtown, 2318",Chargefox,6,AC,22 kW,-32.80442447,151.8391211,Port Stephens Council,2318,Existing Destination Chargers,False,22.0,single_kw,Chargefox,Chargefox,False,ev_20251216.csv,False,False,False,,no_address_candidate,2318,PCODE,False,existing_retained,AC,not_specified
ev_47faaaf7ed619356378e7907c5f87f497dc56a4dab7317b05614fd51853bb224,,,"1/9 Railway Parade, Kogarah NSW 2217",Evie,4,DC,150 kW,-33.9624686,151.1324696,Georges River Council,2217,ARENA - Driving the Nation,False,150.0,single_kw,Evie,Evie,False,ev_20251216.csv,False,False,False,2217,matches_existing,2217,PCODE,False,existing_retained,DC,not_specified
ev_c6cb314cc030e7e7bb52bca1b918f9ab20e9c6fd01fdb0eda093cd961a792778,,,"10 Brookfield Rd, Minto NSW 2566",Evie,4,DC,75 kW,-34.03094307,150.8490285,Campbelltown City Council,2566,ARENA - Driving the Nation,False,75.0,single_kw,Evie,Evie,False,ev_20251216.csv,False,False,False,2566,matches_existing,2566,PCODE,False,existing_retained,DC,not_specified
ev_fda9b364c60178cb3d4902556216a04626f7faa0d0945d011cc27802fb492d09,,,"10 Burkinshaw St, Barooga, 3644",Exploren,2,AC,22 kW,-35.9064535,145.6867497,Berrigan Shire Council,3644,Existing Destination Chargers,False,22.0,single_kw,Exploren,Exploren,False,ev_20251216.csv,False,False,False,,no_address_candidate,3644,PCODE,False,existing_retained,AC,not_specified
ev_eb0be9908c14a950e35cf331185c0dfee511f60dd9be073e7a00e1c4a8580e11,,,"10 Colden Dr, Albion Park Rail, 2527",Chargefox,4,AC,22 kW,-34.57356661,150.8134274,Shellharbour City Council,2527,Existing Destination Chargers,False,22.0,single_kw,Chargefox,Chargefox,False,ev_20251216.csv,False,False,False,,no_address_candidate,2527,PCODE,False,existing_retained,AC,not_specified
ev_64c547ce2aa81fd216aa2a71d122754dbec89a7e3a2c7eb3ae44c5d1861c1972,,,"10 Elizabeth St, Bathurst, 2795",Evie,4,DC,150 kW,-33.41417222,149.5833564,Bathurst Regional Council,2795,Existing Fast Chargers,False,150.0,single_kw,Evie,Evie,False,ev_20251216.csv,False,False,False,,no_address_candidate,2795,PCODE,False,existing_retained,DC,not_specified
ev_bb95c287e5c56e137c97af3574948f5b1b96ad6712730e393eb38b848656d9d4,,,"10 Rugby Rd, Newcastle, 2305",Tesla,1,AC,22 kW,-32.9207518,151.7155225,Newcastle City Council,2305,Existing Destination Chargers,False,22.0,single_kw,Tesla,Tesla,False,ev_20251216.csv,False,False,False,,no_address_candidate,2305,PCODE,False,existing_retained,AC,not_specified
ev_5b2ddccd73204deab0d59a8266e8799e9b350e2bea2e572af5641fb0427b1932,,,"10 Seymour street, Laurieton, 2443",Exploren,2,AC,22 kW,-31.65042247,152.7958869,Port Macquarie-Hastings Council,2443,Existing Destination Chargers,False,22.0,single_kw,Exploren,Exploren,False,ev_20251216.csv,False,False,False,,no_address_candidate,2443,PCODE,False,existing_retained,AC,not_specified
ev_75ae0e02906e82c38f2744b8bf9d02c0c62545c7663aaa0b62f17472cf757cc3,,,"10 Tryon Rd, Sydney, 2070",Chargefox,10,AC,22 kW,-33.77481686,151.1704995,Ku-ring-gai Council,2070,Existing Destination Chargers,False,22.0,single_kw,Chargefox,Chargefox,False,ev_20251216.csv,False,False,False,,no_address_candidate,2070,PCODE,False,existing_retained,AC,not_specified
ev_ddd8c8b8d56e250ff2db50f9981f150c49fcbb509480f2076714b1538be58553,,,"10 Tryon Rd, Sydney, 2070",Exploren,5,AC,6 kW,-33.77497902,151.1702102,Ku-ring-gai Council,2070,Existing Destination Chargers,False,6.0,single_kw,Exploren,Exploren,False,ev_20251216.csv,False,False,False,,no_address_candidate,2070,PCODE,False,existing_retained,AC,not_specified
ev_8907c788c92547acc6eca4a9e7787a128eea4de10d1d8f1dbd8c7582ef885e70,,,"10 Victoria St, Wollongong , NSW 2500",EVX,2,AC,22 kW,-34.42213018,150.891979,Wollongong City Council,NSW 2500,Existing Destination Chargers,False,22.0,single_kw,EVX,EVX,False,ev_20251216.csv,False,False,False,2500,conflicts_with_existing,2500,PCODE,False,existing_format_standardized,AC,not_specified
ev_7111c5da459e1385e97e441e923bc3b99b903019c59ce2f263cea61c1b7abc70,,,"10 Winery Dr, Port Macquarie, 2444",Tesla,12,DC,130 kW,-31.43610015,152.8235826,Port Macquarie-Hastings Council,2444,Existing Fast Chargers,False,130.0,single_kw,Tesla,Tesla,False,ev_20251216.csv,False,False,False,,no_address_candidate,2444,PCODE,False,existing_retained,DC,not_specified
ev_3ad69d49a55d3cdc16b76b46cdfdbfb0b077a5dcfd4ba1b7d360144ad93189b1,,,"100 Weakleys Dr, Beresfield, 2322",Exploren,3,AC,22 kW,-32.80300905,151.6334314,Newcastle City Council,2322,Existing Destination Chargers,False,22.0,single_kw,Exploren,Exploren,False,ev_20251216.csv,False,False,False,,no_address_candidate,2322,PCODE,False,existing_retained,AC,not_specified
ev_5265c035db4112b38e10de503213bce05bc00d99f79630a6bd27b78b30fb2d16,,,"101 Goulburn St, Sydney, 2000",Chargefox,4,AC,6 kW,-33.87844949,151.208999,"Sydney, Council of the City of",2000,Existing Destination Chargers,False,6.0,single_kw,Chargefox,Chargefox,False,ev_20251216.csv,False,False,False,,no_address_candidate,2000,PCODE,False,existing_retained,AC,not_specified
ev_97178c4c0334ad5ab38db2af0e45a7d26becdd710fb56032b92beaf6a5e5cd51,,,"101 Grafton St, Sydney, 2022",Tesla,4,AC,22 kW,-33.89091996,151.2508218,Waverley Council,2022,Existing Destination Chargers,False,22.0,single_kw,Tesla,Tesla,False,ev_20251216.csv,False,False,False,,no_address_candidate,2022,PCODE,False,existing_retained,AC,not_specified
ev_50322ded665c1e70d5e6cb65f62f051b7e88ee5db2aba0ec75318ae0b1d89a99,,,"102 Volt Lane, Albury, 2640",Exploren,4,AC,22 kW,-36.08176781,146.9163193,Albury City Council,2640,Existing Destination Chargers,False,22.0,single_kw,Exploren,Exploren,False,ev_20251216.csv,False,False,False,,no_address_candidate,2640,PCODE,False,existing_retained,AC,not_specified
ev_de7dea49815fc457aa0082b44a2ae80832f54e424b36ed6c0fe7a77d93cdc7da,,,"103 Sandy Flat Rd, Sandy Flat, 2372",Tesla,2,AC,22 kW,-29.23413718,152.0222883,Tenterfield Shire Council,2372,Existing Destination Chargers,False,22.0,single_kw,Tesla,Tesla,False,ev_20251216.csv,False,False,False,,no_address_candidate,2372,PCODE,False,existing_retained,AC,not_specified
ev_8116670d76824e526b466161623b6c0dd7774d68f5f628037c7dea22df262b3c,,,"1034 The Escort Way, Borenore, 2800",Tesla,2,AC,22 kW,-33.25922627,149.00404,Cabonne Council,2800,Existing Destination Chargers,False,22.0,single_kw,Tesla,Tesla,False,ev_20251216.csv,False,False,False,,no_address_candidate,2800,PCODE,False,existing_retained,AC,not_specified
ev_11a42ddd532302c6411c2070fdeebf4b3db5c058d31323e2042bfa60b576f721,,,"105 Station Rd, Sydney, 2147",Ampol,2,DC,150 kW,-33.77436041,150.9448809,Blacktown City Council,2147,Existing Fast Chargers,False,150.0,single_kw,Ampol,Ampol,False,ev_20251216.csv,False,False,False,,no_address_candidate,2147,PCODE,False,existing_retained,DC,not_specified
ev_c156b026cb323b208a699afcd39a6966d32392dd7760a9ba18ccd9a6ab5f3366,,,"106 Parraween St, Sydney, 2090",Evie,4,DC,75 kW,-33.8273504,151.2303373,North Sydney Council,2090,Existing Fast Chargers,False,75.0,single_kw,Evie,Evie,False,ev_20251216.csv,False,False,False,,no_address_candidate,2090,PCODE,False,existing_retained,DC,not_specified
ev_aa65ed899c7474e3ba60a1b5922be9c4115a56436f6af3187920db4a736edfb0,,,"1067 Oxley Hwy, Thrumster, 2444",Chargefox,4,DC,180 kW,-31.46394199,152.8219499,Port Macquarie-Hastings Council,2444,Existing Fast Chargers,False,180.0,single_kw,Chargefox,Chargefox,False,ev_20251216.csv,False,False,False,,no_address_candidate,2444,PCODE,False,existing_retained,DC,not_specified
ev_5dcc044a017af4cc28fd2ad6e57fc6bf79bea6c350ddc8a979c736b09ac64736,,,"1068 Pittwater Rd, Sydney, 2097",JOLT,2,DC,25 kW,-33.73111016,151.301011,Northern Beaches Council,2097,Existing Fast Chargers,False,25.0,single_kw,JOLT,JOLT,False,ev_20251216.csv,False,False,False,,no_address_candidate,2097,PCODE,False,existing_retained,DC,not_specified
ev_b45bae3bd77fad6d6f33d1d6031eb642e860389ee077c0dcc0a9bf2ad54f154e,,,"107 John St, Singleton, 2330",Exploren,1,AC,22 kW,-32.56552757,151.1671401,Singleton Council,2330,Existing Destination Chargers,False,22.0,single_kw,Exploren,Exploren,False,ev_20251216.csv,False,False,False,,no_address_candidate,2330,PCODE,False,existing_retained,AC,not_specified
ev_70202d1b8c74450518c3df942c8966189035bc4ecdcc45d9b13a25a21acd0b6a,,,"108 Ingleburn Rd, Leppington, 2179",Chargefox,6,AC,6 kW,-33.96187992,150.8062342,Camden Council,2179,Existing Destination Chargers,False,6.0,single_kw,Chargefox,Chargefox,False,ev_20251216.csv,False,False,False,,no_address_candidate,2179,PCODE,False,existing_retained,AC,not_specified
ev_83a64e26692d6bdb9b589fbda3f419b2f9dda619dad2cced26a61bdf5ae2b09e,,,"109 Beecroft Rd, Sydney, 2119",JOLT,2,DC,25 kW,-33.75051656,151.0650831,"Hornsby, The Council of the Shire of",2119,Existing Fast Chargers,False,25.0,single_kw,JOLT,JOLT,False,ev_20251216.csv,False,False,False,,no_address_candidate,2119,PCODE,False,existing_retained,DC,not_specified
ev_cf2c77373317784c840002095c953cb9f4f64de5f1dfcb5090f56c803815918b,,,"109 Cobra St, Dubbo, 2830",Tesla,2,AC,14 kW,-32.25474879,148.6101421,Dubbo Regional Council,2830,Existing Destination Chargers,False,14.0,single_kw,Tesla,Tesla,False,ev_20251216.csv,False,False,False,,no_address_candidate,2830,PCODE,False,existing_retained,AC,not_specified
ev_1268131fc570c5396c1151a1fe7526f503c1918c3b31b540232eee0c358489a6,,,"109 Whylandra St, Dubbo, 2830",Tesla,1,AC,22 kW,-32.25216621,148.5899209,Dubbo Regional Council,2830,Existing Destination Chargers,False,22.0,single_kw,Tesla,Tesla,False,ev_20251216.csv,False,False,False,,no_address_candidate,2830,PCODE,False,existing_retained,AC,not_specified
ev_af647758b62bba5a9f8b8cdb091e3bdbbd0a34830a6867b197d7d0de78b7a8e7,,,"10B Charles St, Sydney, 2193",Exploren,1,AC,6 kW,-33.91171076,151.1172923,Canterbury Bankstown Council,2193,Existing Destination Chargers,False,6.0,single_kw,Exploren,Exploren,False,ev_20251216.csv,False,False,False,,no_address_candidate,2193,PCODE,False,existing_retained,AC,not_specified
ev_776ac39be06998cf2e32e1dc28783d7254274999809038f9a91c0f02f14e1be4,,,"10W Apsley St, Walcha NSW 2354, Australia",NRMA,4,DC,50 kW,-29.960127,146.8578887,Walcha Council,2839,TfNSW Regional,False,50.0,single_kw,NRMA,NRMA,False,ev_20251216.csv,False,False,False,2354,conflicts_with_existing,,,True,value_conflict,DC,not_specified
ev_0a35d85eeeb47fa401bcb0a6bd4e7ceb8bd2b4a5dbcedcdeec28dd415944449a,,,"11 Coolangatta Rd, Coolangatta, 2535",EVUp,2,AC,22 kW,-34.84028833,150.7323604,Shoalhaven City Council,2535,Existing Destination Chargers,False,22.0,single_kw,EVUp,EVUp,False,ev_20251216.csv,False,False,False,,no_address_candidate,2535,PCODE,False,existing_retained,AC,not_specified
ev_d1ef88c735efd469618cc98977f24c4fabd0efd91b433713141362da7a88f65b,,,"11 Coolangatta Rd, Coolangatta, 2535",Tesla,2,AC,6 kW,-34.8392503,150.7340831,Shoalhaven City Council,2535,Existing Destination Chargers,False,6.0,single_kw,Tesla,Tesla,False,ev_20251216.csv,False,False,False,,no_address_candidate,2535,PCODE,False,existing_retained,AC,not_specified
ev_1ad57cc2b69b4ea4b2aa94776275625c9d7e10137c7a8ea156a620b2cbbd61e7,,,"11 Ewingsdale Rd, Ewingsdale, 2481",NRMA,4,DC,75 kW,-28.63612817,153.5534605,Byron Shire Council,2481,Existing Fast Chargers,False,75.0,single_kw,NRMA,NRMA,False,ev_20251216.csv,False,False,False,,no_address_candidate,2481,PCODE,False,existing_retained,DC,not_specified
ev_6525d74ea4c7a63e70510ba25925cce3a06fddd6056c5224412565269aa6c01f,,,"11 Hickson Rd, Sydney, 2000",Tesla,2,AC,22 kW,-33.85426831,151.2081952,"Sydney, Council of the City of",2000,Existing Destination Chargers,False,22.0,single_kw,Tesla,Tesla,False,ev_20251216.csv,False,False,False,,no_address_candidate,2000,PCODE,False,existing_retained,AC,not_specified
ev_7fde3c1f5f08f206099ee44b28e82e5561720970b250573531c67c1543f28fe8,,,"11 Jamison St, Sydney, 2000",Tesla,2,AC,22 kW,-33.86433138,151.2060691,"Sydney, Council of the City of",2000,Existing Destination Chargers,False,22.0,single_kw,Tesla,Tesla,False,ev_20251216.csv,False,False,False,,no_address_candidate,2000,PCODE,False,existing_retained,AC,not_specified
ev_329ddbea451df304a6455111e2189dfc7aaf9413054574fb955bdc5a788adba0,,,"11 Renown Rd, Sydney, 2153",Tesla,1,AC,19 kW,-33.76312017,151.0042903,The Hills Shire Council,2153,Existing Destination Chargers,False,19.0,single_kw,Tesla,Tesla,False,ev_20251216.csv,False,False,False,,no_address_candidate,2153,PCODE,False,existing_retained,AC,not_specified
ev_a4097ff8014598e5028ca61fb797beda99adbac3c53f487eb8228e3bd3a2d578,,,"11 Scott St, Sydney, 2170",JOLT,2,DC,25 kW,-33.92522427,150.9265836,Liverpool City Council,2170,Existing Fast Chargers,False,25.0,single_kw,JOLT,JOLT,False,ev_20251216.csv,False,False,False,,no_address_candidate,2170,PCODE,False,existing_retained,DC,not_specified
ev_b8d9004e72f50e6431f9e3576fbc62c458c04d4d2c757dc429b12053c1ff23cd,,,"11 West St, Wollongong, 2500",EVUp,2,AC,23 kW,-34.43367372,150.8916216,Wollongong City Council,2500,Existing Destination Chargers,False,23.0,single_kw,EVUp,EVUp,False,ev_20251216.csv,False,False,False,,no_address_candidate,2500,PCODE,False,existing_retained,AC,not_specified
ev_1207309b1c4129b24e34107e8ce243ac69b2a53f36416bf12d19c685abe745a3,,,"11 William St, Bellingen, 2454",EVX,2,AC,22 kW,-30.4527558,152.896039,Bellingen Shire Council,2454,Existing Destination Chargers,False,22.0,single_kw,EVX,EVX,False,ev_20251216.csv,False,False,False,,no_address_candidate,2454,PCODE,False,existing_retained,AC,not_specified
ev_3ec5e1f5bafda5afc1a9af3cd122195ca0a2d2c55f15307de0d3609b5051a205,,,"110 Anzac Pde, Sydney, 2033",JOLT,2,DC,25 kW,-33.90717322,151.2239409,Randwick City Council,2033,Existing Fast Chargers,False,25.0,single_kw,JOLT,JOLT,False,ev_20251216.csv,False,False,False,,no_address_candidate,2033,PCODE,False,existing_retained,DC,not_specified
ev_0abc3a56aeb9cc08cbbed5808ceea66dbb7457f6fcee39fa28eb4e950449dd16,,,"1106 Barrenjoey Rd, Sydney, 2108",JOLT,2,DC,25 kW,-33.59707712,151.320022,Northern Beaches Council,2108,Existing Fast Chargers,False,25.0,single_kw,JOLT,JOLT,False,ev_20251216.csv,False,False,False,,no_address_candidate,2108,PCODE,False,existing_retained,DC,not_specified
ev_cb445d1ba27c917b2a530a45d8be9da12c9d4c1ec4daf88f9340bd852c8454fd,,,"1-11 Lexington Dr, Sydney, 2153",ChargePoint,6,AC,6 kW,-33.73669174,150.9503203,The Hills Shire Council,2153,Existing Destination Chargers,False,6.0,single_kw,ChargePoint,ChargePoint,False,ev_20251216.csv,False,False,False,,no_address_candidate,2153,PCODE,False,existing_retained,AC,not_specified
ev_5032e7ecd7b7795f6819de3747b0e6206dc33678c17bcc62bc0f3b4c1cf3ca20,,,"111 Park Beach Rd, Coffs Harbour, 2450",Tesla,2,AC,6 kW,-30.28609214,153.1365155,Coffs Harbour City Council,2450,Existing Destination Chargers,False,6.0,single_kw,Tesla,Tesla,False,ev_20251216.csv,False,False,False,,no_address_candidate,2450,PCODE,False,existing_retained,AC,not_specified
ev_41dd87ed7593a37696f935c2a41310db5297cfa928e228566c141943cec34385,,,"113 Hanwood Ave, Hanwood, 2680",Tesla,2,AC,22 kW,-34.3407558,146.0586336,Griffith City Council,2680,Existing Destination Chargers,False,22.0,single_kw,Tesla,Tesla,False,ev_20251216.csv,False,False,False,,no_address_candidate,2680,PCODE,False,existing_retained,AC,not_specified
ev_a485e1747955a06afa5f39bdd277b82679fe8c47c03947415c44ff500c62c805,,,"11-37 Alexandria Pde, Sydney, 2077",JOLT,2,DC,25 kW,-33.70973178,151.1045866,"Hornsby, The Council of the Shire of",2077,Existing Fast Chargers,False,25.0,single_kw,JOLT,JOLT,False,ev_20251216.csv,False,False,False,,no_address_candidate,2077,PCODE,False,existing_retained,DC,not_specified
ev_e6beb72e9b55d54b6393e6cd43ddd9f4a4f8c453f48b9168daa9417e4947b250,,,"115 Rowe St, Sydney, 2122",Tesla,2,AC,19 kW,-33.79103908,151.0830941,"Ryde, Council of the City of",2122,Existing Destination Chargers,False,19.0,single_kw,Tesla,Tesla,False,ev_20251216.csv,False,False,False,,no_address_candidate,2122,PCODE,False,existing_retained,AC,not_specified
ev_86b39271bd7ed257d4a010492a26a5557485021d24e7264ba7473f65acf2f34b,,,"115-133 Dunning Ave, Sydney, 2018",Exploren,4,AC,22 kW,-33.91833338,151.2021642,"Sydney, Council of the City of",2018,Existing Destination Chargers,False,22.0,single_kw,Exploren,Exploren,False,ev_20251216.csv,False,False,False,,no_address_candidate,2018,PCODE,False,existing_retained,AC,not_specified
ev_6fddf67cd79ce70f1669da6b18638c91bb7b066b4cdf86974ec620f0e920ebea,,,"116 Liverpool St, Scone, NSW 2337, Australia",NRMA,2,DC,50 kW,-31.9598511,141.4601038,Upper Hunter Shire Council,2880,TfNSW Regional,False,50.0,single_kw,NRMA,NRMA,False,ev_20251216.csv,False,False,False,2337,conflicts_with_existing,,,True,value_conflict,DC,not_specified
ev_dd707c4e5d58f34ce29085e8825d71f9def7a93d73bbc74bb08ddd5de32640ac,,,"117 Glenayr Ave, Sydney, 2026",Chargefox,1,AC,6 kW,-33.88682487,151.2723734,Waverley Council,2026,Existing Destination Chargers,False,6.0,single_kw,Chargefox,Chargefox,False,ev_20251216.csv,False,False,False,,no_address_candidate,2026,PCODE,False,existing_retained,AC,not_specified
ev_67b75c4a3546a96c8e15328f109c7dfb927da30ded517cdbcaf17915424b244c,,,"117 Macquarie St, Sydney, 2000",Tesla,2,AC,22 kW,-33.86298603,151.2123053,"Sydney, Council of the City of",2000,Existing Destination Chargers,False,22.0,single_kw,Tesla,Tesla,False,ev_20251216.csv,False,False,False,,no_address_candidate,2000,PCODE,False,existing_retained,AC,not_specified
ev_fcc2b43533908171db079a81b5a3f250cf8efc84193782cc99c53126f2487a03,,,"118 Allambie Rd, Sydney, 2100",Exploren,1,AC,22 kW,-33.76549154,151.2511982,Northern Beaches Council,2100,Existing Destination Chargers,False,22.0,single_kw,Exploren,Exploren,False,ev_20251216.csv,False,False,False,,no_address_candidate,2100,PCODE,False,existing_retained,AC,not_specified
ev_65e6adc18a42c876697f1b36d8fbc897eb1b9670b3092a1979310a7b67ec7513,,,"1183-1187 The Horsley Dr, Sydney, 2164",Chargefox,2,DC,150 kW,-33.84986891,150.8978248,Fairfield City Council,2164,Existing Fast Chargers,False,150.0,single_kw,Chargefox,Chargefox,False,ev_20251216.csv,False,False,False,,no_address_candidate,2164,PCODE,False,existing_retained,DC,not_specified
ev_7cef84604b4c950226f5aa5702856fc23ddc262afd7ccf4e39fdb8fbe8259d78,,,"1183-1187 The Horsley Dr, Wetherill Park NSW 2164",Engie,2,DC,150 kW,-33.8505352,150.8988605,Fairfield City Council,2164,ARENA - Driving the Nation,False,150.0,single_kw,Engie,Engie,False,ev_20251216.csv,False,False,False,2164,matches_existing,2164,PCODE,False,existing_retained,DC,not_specified
ev_eb501f6f9490f3685a7a5096afb42990642bdbe2d2254b4bd6ec7c43cca3980d,,,"119 Borella Rd
East Albury NSW 2640
Australia",EVUp,4,AC,AC,-36.0779535,146.9432129,Albury City Council,2640,Destination Charging R1,False,,type_only,EVUp,EVUp,False,ev_20251216.csv,False,False,False,2640,matches_existing,2640,PCODE,False,existing_retained,AC,not_specified
ev_a3f188d0e827fda5b155c50169a4250a988c8566aaf438cacc4f3546a5b0ced9,,,"119 Greenwell Point Rd, Greenwell Point, 2540",Everty,1,AC,22 kW,-34.90711116,150.7351051,Shoalhaven City Council,2540,Existing Destination Chargers,False,22.0,single_kw,Everty,Everty,False,ev_20251216.csv,False,False,False,,no_address_candidate,2540,PCODE,False,existing_retained,AC,not_specified
ev_49f84dc0eca272f488006e218ffb7b0fc6da9899ec4c8c3de74bd3395b3ed70b,,,"119 Stenhouse Drive, Cameron Park, 2285",Evie,8,DC,350 kW,-32.89647352,151.5977107,Lake Macquarie City Council,2285,Existing Fast Chargers,False,350.0,single_kw,Evie,Evie,False,ev_20251216.csv,False,False,False,,no_address_candidate,2285,PCODE,False,existing_retained,DC,not_specified
ev_321de3d2d9210ebe1b27e89880ab401d107befa98070fcac2b9372e3796440f0,,,"12 Arncliffe St, Sydney, 2205",Exploren,1,AC,22 kW,-33.93374179,151.1492883,Bayside Council,2205,Existing Destination Chargers,False,22.0,single_kw,Exploren,Exploren,False,ev_20251216.csv,False,False,False,,no_address_candidate,2205,PCODE,False,existing_retained,AC,not_specified
ev_49812256df03bf81368d595c186783328fab0578bae8808d80a9c5f4a3466310,,,"12 Carabella St, Sydney, 2061",Tesla,2,AC,22 kW,-33.85016221,151.2184795,"North Sydney, Council of the City of Council",2061,Existing Destination Chargers,False,22.0,single_kw,Tesla,Tesla,False,ev_20251216.csv,False,False,False,,no_address_candidate,2061,PCODE,False,existing_retained,AC,not_specified
ev_8ae71b08e899e577e4b1811687100f41f07dc4b0cd4265d59ca6363f1d55ed6f,,,"12 Cooper Park Rd, Sydney, 2023",Chargefox,2,AC,6 kW,-33.88496401,151.2533664,Woollahra Municipal Council,2023,Existing Destination Chargers,False,6.0,single_kw,Chargefox,Chargefox,False,ev_20251216.csv,False,False,False,,no_address_candidate,2023,PCODE,False,existing_retained,AC,not_specified
ev_fc8862c4fe5f893f7ae348d91f59cb8b3d692e7787278daa84a2a49204e53b5c,,,"12 Hume Hwy, Pheasants Nest, 2574",Ampol,9,DC,150 kW,-34.28138543,150.640016,Wollondilly Shire Council,2574,Existing Fast Chargers,False,150.0,single_kw,Ampol,Ampol,False,ev_20251216.csv,False,True,True,,no_address_candidate,2574,PCODE,False,existing_retained,DC,not_specified
ev_1c5a11a52978610295fbffa354927c10f9283924f138c3dc6fc0c5467671d677,,,"12 Hume Hwy, Pheasants Nest, 2574",Ampol,9,DC,150 kW,-34.28222427,150.6366026,Wollondilly Shire Council,2574,Existing Fast Chargers,False,150.0,single_kw,Ampol,Ampol,False,ev_20251216.csv,False,True,True,,no_address_candidate,2574,PCODE,False,existing_retained,DC,not_specified
ev_6063e97a4183d3a6f61af3288c737217c15baba11f0608ef2c824ade18db2fd6,,,"12 Jacksons Rd, Sydney, 2102",Chargefox,2,AC,22 kW,-33.69607712,151.297028,Northern Beaches Council,2102,Existing Destination Chargers,False,22.0,single_kw,Chargefox,Chargefox,False,ev_20251216.csv,False,False,False,,no_address_candidate,2102,PCODE,False,existing_retained,AC,not_specified
ev_7bebc2caad36a1472f7c1d1c314948ff957923b14feb94667272f8d1aa50e981,,,"12 Jacksons Rd, Warriewood NSW 2102",Engie,2,DC,150 kW,-33.6971741,151.2956935,Northern Beaches Council,2102,ARENA - Driving the Nation,False,150.0,single_kw,Engie,Engie,False,ev_20251216.csv,False,False,False,2102,matches_existing,2102,PCODE,False,existing_retained,DC,not_specified
ev_6a93a01dfb95d75b92894e648db5baab581636cc01e7b8402d097c1dd20057cf,,,"12 Lord St, Botany NSW 2019",Evie,4,DC,75 kW,-33.939429,151.1970375,Bayside Council,2019,ARENA - Driving the Nation,False,75.0,single_kw,Evie,Evie,False,ev_20251216.csv,False,False,False,2019,matches_existing,2019,PCODE,False,existing_retained,DC,not_specified
ev_67bbecad311485deb474ed722934e0ad8ea84de39e9e3085042ce937f996a3ad,,,"12 Rosenthal Ave, Sydney, 2066",Exploren,6,AC,22 kW,-33.81383988,151.1692322,Lane Cove Municipal Council,2066,Existing Destination Chargers,False,22.0,single_kw,Exploren,Exploren,False,ev_20251216.csv,False,False,False,,no_address_candidate,2066,PCODE,False,existing_retained,AC,not_specified
ev_5ae610124ead10b2c7df05840bab935149db10853cbef454875fc15bf5241272,,,"12 Trinity Ave, Dawes Point, 2000",EVX,2,AC,22 kW,-33.85740045,151.2065726,"Sydney, Council of the City of",2000,Existing Destination Chargers,False,22.0,single_kw,EVX,EVX,False,ev_20251216.csv,False,False,False,,no_address_candidate,2000,PCODE,False,existing_retained,AC,not_specified
ev_a532a435a55cdb53586c7c5b45cb871ce37fcd15a53065ca941dbe110000ed4a,,,"12 Yulong Ave, Sydney, 2084",Exploren,1,AC,22 kW,-33.68222127,151.227953,Northern Beaches Council,2084,Existing Destination Chargers,False,22.0,single_kw,Exploren,Exploren,False,ev_20251216.csv,False,False,False,,no_address_candidate,2084,PCODE,False,existing_retained,AC,not_specified
ev_9ce22fcdf23424e01266d3a760667df46764364e01076f9e055742ead4b70428,,,"120 Rouse St, Tenterfield, 2372",Tesla,2,AC,6 kW,-29.05959364,152.0178889,Tenterfield Shire Council,2372,Existing Destination Chargers,False,6.0,single_kw,Tesla,Tesla,False,ev_20251216.csv,False,False,False,,no_address_candidate,2372,PCODE,False,existing_retained,AC,not_specified
ev_03d2873a06e400a8a583909a52f759b901efdf03b57872ccfc13b4286c6de606,,,"1-21 Bay St, Sydney, 2037",Chargefox,3,AC,22 kW,-33.88362967,151.1939459,"Sydney, Council of the City of",2037,Existing Destination Chargers,False,22.0,single_kw,Chargefox,Chargefox,False,ev_20251216.csv,False,False,False,,no_address_candidate,2037,PCODE,False,existing_retained,AC,not_specified
ev_d7e0f93c90ea2162dd13a39d512fb428d62f124f56d251b69d17d8c81c5d3fd5,,,"121 Howick St, Bathurst, 2795",Tesla,2,AC,6 kW,-33.41844249,149.5828599,Bathurst Regional Council,2795,Existing Destination Chargers,False,6.0,single_kw,Tesla,Tesla,False,ev_20251216.csv,False,False,False,,no_address_candidate,2795,PCODE,False,existing_retained,AC,not_specified
ev_77fc5728b55f4d99cc959af21523941e67c9622bb899dff9eca367d5b31b19e4,,,"121 Princes Hwy, Wollongong, 2519",Exploren,2,DC,60 kW,-34.40192697,150.8906517,Wollongong City Council,2519,Existing Fast Chargers,False,60.0,single_kw,Exploren,Exploren,False,ev_20251216.csv,False,False,False,,no_address_candidate,2519,PCODE,False,existing_retained,DC,not_specified
ev_1a2d37f3043bd74f79f77467ed8e5f1b2e01d8ed69b3c8fa11a92e513f10d7ec,,Reflections Coffs Harbour,"123 Pacific Hwy
Coffs Harbour NSW 2450
Australia",Non-networked,4,AC,AC,-30.2930627,153.1200085,Coffs Harbour City Council,2450,Destination Charging R2,False,,type_only,Non-networked,Non-networked,False,ev_20251216.csv,False,True,True,2450,matches_existing,2450,PCODE,False,existing_retained,AC,not_specified
ev_c2f3e402401f2250fb266058eda2cad5e8a325dc3ed77ad2dafa859335df68de,,,"123 Wharf St, Tweed Heads, 2485",Tesla,2,AC,14 kW,-28.17674579,153.5412843,Tweed Shire Council,2485,Existing Destination Chargers,False,14.0,single_kw,Tesla,Tesla,False,ev_20251216.csv,False,False,False,,no_address_candidate,2485,PCODE,False,existing_retained,AC,not_specified
ev_b6094654943bdcaafaddc98f51e67b6dc5dc44624599e5fdced6de401884f09d,,,"123 Wharf Street, Tweed Heads, 2485",Exploren,2,AC,22 kW,-28.17661866,153.5407868,Tweed Shire Council,2485,Existing Destination Chargers,False,22.0,single_kw,Exploren,Exploren,False,ev_20251216.csv,False,False,False,,no_address_candidate,2485,PCODE,False,existing_retained,AC,not_specified
ev_3789c698ed9c7c911675f1c823c424ada1b8dc6c422b486117487c9809a8aae7,,,"124 Wallace St, Nowra, 2541",Exploren,2,AC,22 kW,-34.88951556,150.6084865,Shoalhaven City Council,2541,Existing Destination Chargers,False,22.0,single_kw,Exploren,Exploren,False,ev_20251216.csv,False,False,False,,no_address_candidate,2541,PCODE,False,existing_retained,AC,not_specified
ev_7f2e2d8e406b5b039c98880cd3d2a5ccecfa537dff4daa12f331cc62e477c336,,,"126 Havannah St, Bathurst, 2795",Exploren,2,AC,20 kW,-33.42607312,149.5815506,Bathurst Regional Council,2795,Existing Destination Chargers,False,20.0,single_kw,Exploren,Exploren,False,ev_20251216.csv,False,False,False,,no_address_candidate,2795,PCODE,False,existing_retained,AC,not_specified
ev_d7e8eaa0c1f310cfeb4f9514093847c1fb2c28cafc7cf5eeeede05a76e55be5a,,,"126 Mackay Ave, Yoogali, 2680",Chargefox,1,DC,24 kW,-34.30172777,146.0826426,Griffith City Council,2680,Existing Fast Chargers,False,24.0,single_kw,Chargefox,Chargefox,False,ev_20251216.csv,False,False,False,,no_address_candidate,2680,PCODE,False,existing_retained,DC,not_specified
ev_59f949f85f20276de5b579d641f6575556cf987dafea00517f88d2e261a02284,,,"127 Conadilly St, Gunnedah, 2380",Chargefox,4,DC,47 kW,-30.97681086,150.2501652,Gunnedah Shire Council,2380,Existing Fast Chargers,False,47.0,single_kw,Chargefox,Chargefox,False,ev_20251216.csv,False,False,False,,no_address_candidate,2380,PCODE,False,existing_retained,DC,not_specified
ev_4d62513dc36be23312ad4e4405c082df435bf3ac9f285d124d977648eceed847,,,"128 Bonnydoon Rd, Uki, 2484",Tesla,2,AC,22 kW,-28.4045526,153.3516617,Tweed Shire Council,2484,Existing Destination Chargers,False,22.0,single_kw,Tesla,Tesla,False,ev_20251216.csv,False,False,False,,no_address_candidate,2484,PCODE,False,existing_retained,AC,not_specified
ev_91dd00fa7130928eb72f678946657af7ba6c46a5b25a5bc4a469bdb34b3a86a5,,,"128 Flood Street, Leichhardt NSW 2040",Evie,4,DC,75 kW,-33.88518,151.148629,Inner West Council,2040,ARENA - Driving the Nation,False,75.0,single_kw,Evie,Evie,False,ev_20251216.csv,False,False,False,2040,matches_existing,2040,PCODE,False,existing_retained,DC,not_specified
ev_d78ba96b61211f7f07c87c28f8d301944e29e3abccfb867c8d0a8e1389610076,,,"1-3 Dural St, Hornsby NSW 2077",Evie,4,DC,50 kW,-33.70276181,151.0964792,"Hornsby, The Council of the Shire of",2077,ARENA - Driving the Nation,False,50.0,single_kw,Evie,Evie,False,ev_20251216.csv,False,False,False,2077,matches_existing,2077,PCODE,False,existing_retained,DC,not_specified
ev_a1d0d283b6659ebc37e099ec5ab66fe318b3054e2d0e9ae1547ddd6235f1794e,,,"13 Kalinya Street, Sydney, 2106",Exploren,1,AC,22 kW,-33.65882187,151.3096537,Northern Beaches Council,2106,Existing Destination Chargers,False,22.0,single_kw,Exploren,Exploren,False,ev_20251216.csv,False,False,False,,no_address_candidate,2106,PCODE,False,existing_retained,AC,not_specified
ev_1592633ce06095fa8c8b4736148a8f9cdead3df4a4c50899464355f6ed605b1d,,,"13 Mitchell St, Bourke, 2840",Tesla,2,AC,22 kW,-30.08820025,145.9338929,Bourke Shire Council,2840,Existing Destination Chargers,False,22.0,single_kw,Tesla,Tesla,False,ev_20251216.csv,False,False,False,,no_address_candidate,2840,PCODE,False,existing_retained,AC,not_specified
ev_89be53669b18a199ce6401010766ef234622b191098eaa9ee2c7b3d40c850fc1,,,"13 Park Rd, Speers Point, 2284",Everty,2,AC,22 kW,-32.9626517,151.618953,Lake Macquarie City Council,2284,Existing Destination Chargers,False,22.0,single_kw,Everty,Everty,False,ev_20251216.csv,False,False,False,,no_address_candidate,2284,PCODE,False,existing_retained,AC,not_specified
ev_9da168f7417d30f913c99b0e7dd6061efb1f7f1943f4fac413c77f36eae14e73,,,"1-3 Warners Ave, Sydney, 2026",Exploren,1,AC,22 kW,-33.88434439,151.2712993,Waverley Council,2026,Existing Destination Chargers,False,22.0,single_kw,Exploren,Exploren,False,ev_20251216.csv,False,False,False,,no_address_candidate,2026,PCODE,False,existing_retained,AC,not_specified
ev_2296c041b76529dacca2881811430357efb489f0c73f38c2c67dcc117cc8f45a,,,"130 Glenayr Ave, Sydney, 2026",Chargefox,1,AC,6 kW,-33.88706611,151.2723443,Waverley Council,2026,Existing Destination Chargers,False,6.0,single_kw,Chargefox,Chargefox,False,ev_20251216.csv,False,False,False,,no_address_candidate,2026,PCODE,False,existing_retained,AC,not_specified
ev_e71283aacf3920a67652a240f887792e9b36b85f102ffdae2858c72b9dde38e7,,,"13125 Hume Hwy, Sutton Forest, 2577",Evie,8,DC,350 kW,-34.60721926,150.2251632,Wingecarribee Shire Council,2577,Existing Fast Chargers,False,350.0,single_kw,Evie,Evie,False,ev_20251216.csv,False,False,False,,no_address_candidate,2577,PCODE,False,existing_retained,DC,not_specified
ev_d1fd7e1ffbf4e1421138656a6014b74a3ddb4ed7cf2d36961ef301def2d0c559,,,"13-15 Castlefield St, Sydney, 2026",Chargefox,2,AC,22 kW,-33.89347052,151.2677117,Waverley Council,2026,Existing Destination Chargers,False,22.0,single_kw,Chargefox,Chargefox,False,ev_20251216.csv,False,False,False,,no_address_candidate,2026,PCODE,False,existing_retained,AC,not_specified
ev_7e9f742355e309b07bb4479b22cc60ca80b3d7d22c707ddc555517cdfe7ec733,,,"13-17 Princes Hwy, Albion Park Rail NSW 2527",Evie,2,DC,50 kW,-34.5504346,150.7877814,Shellharbour City Council,2527,ARENA - Driving the Nation,False,50.0,single_kw,Evie,Evie,False,ev_20251216.csv,False,False,False,2527,matches_existing,2527,PCODE,False,existing_retained,DC,not_specified
ev_ef49fef7a355d35eefaa7d976668bc73b451ae7aae18a7a60f6fdf192a64c617,,,"132 Pound Street, Grafton, 2460",NRMA,2,DC,50 kW,-29.68846451,152.933015,Clarence Valley Council,2460,Existing Fast Chargers,False,50.0,single_kw,NRMA,NRMA,False,ev_20251216.csv,False,False,False,,no_address_candidate,2460,PCODE,False,existing_retained,DC,not_specified
ev_c4477878a5d03339fc24dc7752691c7d674eb2de710f5228cd6f366b0669f021,,,"133 Liverpool Rd, Sydney, 2134",JOLT,2,DC,25 kW,-33.88724929,151.0993353,Burwood Council,2134,Existing Fast Chargers,False,25.0,single_kw,JOLT,JOLT,False,ev_20251216.csv,False,False,False,,no_address_candidate,2134,PCODE,False,existing_retained,DC,not_specified
ev_8ea5af676d9e61cd11e2ac826a13f9b8b85396bda7eb3e11812150c761779358,,,"133 Samantha Riley Dr, Sydney, 2155",Chargefox,2,AC,22 kW,-33.69981786,150.9577978,The Hills Shire Council,2155,Existing Destination Chargers,False,22.0,single_kw,Chargefox,Chargefox,False,ev_20251216.csv,False,False,False,,no_address_candidate,2155,PCODE,False,existing_retained,AC,not_specified
ev_12379629082e1804f33de5c76264f28f5807d09540dfc172f90871a7054826b0,,,"133 Wyndham St Cnr Mcevoy St, Alexandria, NSW, 2015",Ampol,2,DC,150 kW,-33.9020166,151.2000104,Bayside Council,2015,ARENA - Driving the Nation,False,150.0,single_kw,Ampol,Ampol,False,ev_20251216.csv,False,False,False,2015,matches_existing,2015,PCODE,False,existing_retained,DC,not_specified
ev_0ad7ce79c5f1cee66a642743f63d9ff894e3c8ad75e477f3908a5281da6a9752,,,"134 Lachlan St, Hay, 2711",NRMA,4,DC,180 kW,-34.50890395,144.8427858,Hay Shire Council,2711,Existing Fast Chargers,False,180.0,single_kw,NRMA,NRMA,False,ev_20251216.csv,False,True,True,,no_address_candidate,2711,PCODE,False,existing_retained,DC,not_specified
ev_95dcf1e380063e890b96a43a3c3a971f22b7f40dadb9eddfbc2d2995803043c3,,,"134 Lachlan St, Hay, 2711",NRMA,2,DC,50 kW,-34.50908013,144.8410701,Hay Shire Council,2711,Existing Fast Chargers,False,50.0,single_kw,NRMA,NRMA,False,ev_20251216.csv,False,True,True,,no_address_candidate,2711,PCODE,False,existing_retained,DC,not_specified
ev_5746487a5a679c54a0d6c9d71a533829b44ba285028c24ebedcf7855cc1dd226,,,"134 Wallace Ln, Canobolas, 2800",Tesla,1,AC,14 kW,-33.3334595,149.0436226,Orange City Council,2800,Existing Destination Chargers,False,14.0,single_kw,Tesla,Tesla,False,ev_20251216.csv,False,False,False,,no_address_candidate,2800,PCODE,False,existing_retained,AC,not_specified
ev_fb43c1ea2458e79d4d70a95501e14ce09dfda172adaeee7a0043a47f92decc30,,,"134-136 Grafton St, Coffs Harbour, 2450",BP,2,DC,75 kW,-30.29156861,153.1183714,Coffs Harbour City Council,2450,Existing Fast Chargers,False,75.0,single_kw,BP,BP,False,ev_20251216.csv,False,False,False,,no_address_candidate,2450,PCODE,False,existing_retained,DC,not_specified
ev_6c33089a57edc8342e03fdd3308c32ba1e7607b9a6c36af25fc5f8e809ed1a7e,,,"134-140 Francis St, Sydney, 2026",Chargefox,2,AC,22 kW,-33.88836841,151.2633253,Waverley Council,2026,Existing Destination Chargers,False,22.0,single_kw,Chargefox,Chargefox,False,ev_20251216.csv,False,False,False,,no_address_candidate,2026,PCODE,False,existing_retained,AC,not_specified
ev_a008a206dc2d58f10f2762fc22cb67a948092b696d09e170e0f65c349892197f,,,"135 King St, Sydney, 2000",Tesla,1,AC,22 kW,-33.8690591,151.2088539,"Sydney, Council of the City of",2000,Existing Destination Chargers,False,22.0,single_kw,Tesla,Tesla,False,ev_20251216.csv,False,False,False,,no_address_candidate,2000,PCODE,False,existing_retained,AC,not_specified
ev_e9dbf109058ea7d5fb97c3f37518045555b7b17fbb50376ad648a6519c4d3634,,,"137 Beamish St, Sydney, 2194",Exploren,2,AC,6 kW,-33.90773978,151.1038689,Canterbury Bankstown Council,2194,Existing Destination Chargers,False,6.0,single_kw,Exploren,Exploren,False,ev_20251216.csv,False,False,False,,no_address_candidate,2194,PCODE,False,existing_retained,AC,not_specified
ev_18131cdab2e2580f64bb96689550cdc4dd99b42fcb22fdf6ec3887ea13532b82,,,"137 Bronte Rd, Sydney, 2022",Exploren,1,AC,22 kW,-33.8971592,151.2513443,Waverley Council,2022,Existing Destination Chargers,False,22.0,single_kw,Exploren,Exploren,False,ev_20251216.csv,False,False,False,,no_address_candidate,2022,PCODE,False,existing_retained,AC,not_specified
ev_afae7dd9d8f6f67ebfa80ecd7fb9e653c93ba995137bb5c43be2269132039604,,,"14 Aquatic Dr, Sydney, 2086",EVX,18,AC,22 kW,-33.7542533,151.236031,Northern Beaches Council,2086,Existing Destination Chargers,False,22.0,single_kw,EVX,EVX,False,ev_20251216.csv,False,False,False,,no_address_candidate,2086,PCODE,False,existing_retained,AC,not_specified
ev_fd00f989325e023a99ab53f810a5d953ea1adfd3fd12c9e4b0cecaaaf78dd75d,,,"14 Cross St, Forbes, 2871",Tesla,2,AC,22 kW,-33.3836577,148.0099459,Forbes Shire Council,2871,Existing Destination Chargers,False,22.0,single_kw,Tesla,Tesla,False,ev_20251216.csv,False,False,False,,no_address_candidate,2871,PCODE,False,existing_retained,AC,not_specified
ev_b82d8289f85eb30f54ff3bcf9807b1dd645ee29729d0f27e926b1126db542f12,,,"14 Everton Rd, Sydney, 2135",JOLT,2,DC,25 kW,-33.87204909,151.0954464,Burwood Council,2135,Existing Fast Chargers,False,25.0,single_kw,JOLT,JOLT,False,ev_20251216.csv,False,False,False,,no_address_candidate,2135,PCODE,False,existing_retained,DC,not_specified
ev_d5f6f003998f67fc877e7d4fc701791323722f3ec321464068d18780369e57a8,,,"14 George St, Wollongong, NSW 2500",EVX,2,AC,22 kW,-34.42826231,150.8954174,Wollongong City Council,NSW 2500,Existing Destination Chargers,False,22.0,single_kw,EVX,EVX,False,ev_20251216.csv,False,False,False,2500,conflicts_with_existing,2500,PCODE,False,existing_format_standardized,AC,not_specified
ev_11d8554a588efb43b4641e6bff083e9efffb4baafe53b4be68e19550ac8d4eee,,Denman Van Village,"14 Macauley St
Denman NSW 2328
Australia",Non-networked,2,AC,AC,-32.394325,150.6847666,Muswellbrook Shire Council,2328,Destination Charging R2,False,,type_only,Non-networked,Non-networked,False,ev_20251216.csv,False,False,False,2328,matches_existing,2328,PCODE,False,existing_retained,AC,not_specified
ev_e32c5161a807e364b08efa073a8dc57d63c40c901469ba0afdec02176ed65912,,,"140 Denison St, Sydney, 2036",Exploren,2,DC,120 kW,-33.94916821,151.2247958,Bayside Council,2036,Existing Fast Chargers,False,120.0,single_kw,Exploren,Exploren,False,ev_20251216.csv,False,False,False,,no_address_candidate,2036,PCODE,False,existing_retained,DC,not_specified
ev_06cfe2aaacd74edf566b37380bcf5642e706e805cd74c8dd75bd35cf646815d9,,,"140 Queen St, Berry, 2535",NRMA,2,DC,50 kW,-34.77559464,150.7010871,Shoalhaven City Council,2535,Existing Fast Chargers,False,50.0,single_kw,NRMA,NRMA,False,ev_20251216.csv,False,False,False,,no_address_candidate,2535,PCODE,False,existing_retained,DC,not_specified
ev_eedbb688fdfc1d60b83fe5dcccc711a01894c0537ce8f51ef3e853a655fcb816,,,"141 Morgan St, Sydney, 2209",JOLT,2,DC,25 kW,-33.9492503,151.0812503,Georges River Council,2209,Existing Fast Chargers,False,25.0,single_kw,JOLT,JOLT,False,ev_20251216.csv,False,False,False,,no_address_candidate,2209,PCODE,False,existing_retained,DC,not_specified
ev_5cb57763846dec85e772b974b54d76afbd2953027b68db66cae1cee5baa1ffc7,,,"141 Roselands Ave, Roselands NSW 2196",Engie,2,DC,120 kW,-33.9354417,151.0685253,Georges River Council,2196,ARENA - Driving the Nation,False,120.0,single_kw,Engie,Engie,False,ev_20251216.csv,False,False,False,2196,matches_existing,2196,PCODE,False,existing_retained,DC,not_specified
ev_50d879307a40c64a2234222e529ecb6075784e8697cee2f88e694cd2e7c98b07,,,"14-16 Darling St, Wentworth, 2648",Chargefox,2,AC,22 kW,-34.10961266,141.9201061,Wentworth Shire Council,2648,Existing Destination Chargers,False,22.0,single_kw,Chargefox,Chargefox,False,ev_20251216.csv,False,False,False,,no_address_candidate,2648,PCODE,False,existing_retained,AC,not_specified
ev_8cec4366bc64f759c82bc819972e1b79a683b4f52c24da8e32a97438e3586704,,,"142 Addison Rd, Sydney, 2204",Everty,2,AC,6 kW,-33.90214419,151.1613003,Inner West Council,2204,Existing Destination Chargers,False,6.0,single_kw,Everty,Everty,False,ev_20251216.csv,False,False,False,,no_address_candidate,2204,PCODE,False,existing_retained,AC,not_specified
ev_0fddce8c2d0823c53e4be723f5dcd66bf964c4056f1d7db1d87bbf24049b8207,,,"142 Glenayr Ave, Sydney, 2026",Chargefox,1,AC,6 kW,-33.88798403,151.2714735,Waverley Council,2026,Existing Destination Chargers,False,6.0,single_kw,Chargefox,Chargefox,False,ev_20251216.csv,False,False,False,,no_address_candidate,2026,PCODE,False,existing_retained,AC,not_specified
ev_890f2679cbb81d1820a395a0cd632f75bd23acc755a955c564d15e7cea01ca27,,,"143 Johnston St, Casino, 2470",EVUp,1,AC,22 kW,-28.86227832,153.0676086,Richmond Valley Council,2470,Existing Destination Chargers,False,22.0,single_kw,EVUp,EVUp,False,ev_20251216.csv,False,False,False,,no_address_candidate,2470,PCODE,False,existing_retained,AC,not_specified
ev_d425093c5d15b219728de50f5109a879ba0b15b98f9434b67c0999f62017b115,,,"143 Terralong St, Kiama, 2533",Chargefox,4,AC,6 kW,-34.66723728,150.8499379,"Kiama, The Council of the Municipality of",2533,Existing Destination Chargers,False,6.0,single_kw,Chargefox,Chargefox,False,ev_20251216.csv,False,False,False,,no_address_candidate,2533,PCODE,False,existing_retained,AC,not_specified
ev_2e366d1b2eae236c03a882cd2f114c7cd2bb5f214e0e425f779ae315dda8d2ef,,,"1442 George Downes Dr, Kulnura, 2250",Tesla,3,AC,22 kW,-33.19862167,151.199975,Central Coast Council,2250,Existing Destination Chargers,False,22.0,single_kw,Tesla,Tesla,False,ev_20251216.csv,False,False,False,,no_address_candidate,2250,PCODE,False,existing_retained,AC,not_specified
ev_1a0f62f41df2ea5d501ab9b6c49829d011aab1f4343a0408a3da1e2f60fb3538,,,"145 Old Pittwater Rd, Sydney, 2100",Tesla,4,AC,22 kW,-33.76657762,151.2644454,Northern Beaches Council,2100,Existing Destination Chargers,False,22.0,single_kw,Tesla,Tesla,False,ev_20251216.csv,False,False,False,,no_address_candidate,2100,PCODE,False,existing_retained,AC,not_specified
ev_216ca5572eefa5af430a941bd5965723e01a32ff071c646cfbafa2887e4d4797,,,"147 Princes Hwy, Bodalla, 2545",ChargePoint,1,AC,22 kW,-36.09582487,150.0517628,Eurobodalla Shire Council,2545,Existing Destination Chargers,False,22.0,single_kw,ChargePoint,ChargePoint,False,ev_20251216.csv,False,False,False,,no_address_candidate,2545,PCODE,False,existing_retained,AC,not_specified
ev_81b01a32cdbf0c27b8d0ae74dd457571cc54495c9517351ad490eeaa5be9810f,,,"147 Soldiers Point Rd, Soldiers Point, 2317",Tesla,1,AC,14 kW,-32.7114585,152.0714014,Port Stephens Council,2317,Existing Destination Chargers,False,14.0,single_kw,Tesla,Tesla,False,ev_20251216.csv,False,False,False,,no_address_candidate,2317,PCODE,False,existing_retained,AC,not_specified
ev_b094493181b3e6dfc87a9410368d4a3ce178c1c5a5a3f0dad39d663e3d428b01,,,"149 Alison Rd, Sydney, 2031",JOLT,2,DC,50 kW,-33.91307612,151.2387948,Randwick City Council,2031,Existing Fast Chargers,False,50.0,single_kw,JOLT,JOLT,False,ev_20251216.csv,False,False,False,,no_address_candidate,2031,PCODE,False,existing_retained,DC,not_specified
ev_2b15bd997a17826304d3597ccccab5ffc29fe371911560be15222b59808da092,,,"149 Coward St, Sydney, 2020",Exploren,1,AC,22 kW,-33.92550655,151.1938829,Bayside Council,2020,Existing Destination Chargers,False,22.0,single_kw,Exploren,Exploren,False,ev_20251216.csv,False,False,False,,no_address_candidate,2020,PCODE,False,existing_retained,AC,not_specified
ev_a253add96cdffc55935607a7dfbebe3db224410f1299597da3757d4a7eeeeba6,,,"1498 Cullinga Rd, Wallendbeen, 2588",Exploren,1,AC,6 kW,-34.5443564,148.1668368,Cootamundra-gundagai Regional Council,2588,Existing Destination Chargers,False,6.0,single_kw,Exploren,Exploren,False,ev_20251216.csv,False,False,False,,no_address_candidate,2588,PCODE,False,existing_retained,AC,not_specified
ev_b3d8885fe9c32a45e0ae938b053dd0382c43b4386ee4851d1e24cc3c3657978e,,,"1-5 Capper St, Tumut, 2720",Tesla,2,AC,22 kW,-35.29527332,148.2151982,Snowy Valleys Council,2720,Existing Destination Chargers,False,22.0,single_kw,Tesla,Tesla,False,ev_20251216.csv,False,False,False,,no_address_candidate,2720,PCODE,False,existing_retained,AC,not_specified
ev_4377620a088a80cf44882f19b84422fb6f1a4b036bdaa315c53ba300bbd148ce,,,"15 Chancellors Dr, Thrumster , 2444",Tesla,12,DC,250 kW,-31.4577518,152.8267908,Port Macquarie-Hastings Council,2444,Existing Fast Chargers,False,250.0,single_kw,Tesla,Tesla,False,ev_20251216.csv,False,False,False,,no_address_candidate,2444,PCODE,False,existing_retained,DC,not_specified
ev_b0db1921d1b0a80f73dd9741d5cda7a5a1ed2ea951b9923f2d5e68438f3a60d2,,,"15 Edwin Flack Ave, Sydney, 2127",Tesla,2,AC,22 kW,-33.84590095,151.0608609,"Parramatta, Council of the City of",2127,Existing Destination Chargers,False,22.0,single_kw,Tesla,Tesla,False,ev_20251216.csv,False,False,False,,no_address_candidate,2127,PCODE,False,existing_retained,AC,not_specified
ev_e5c74e56ecd49c65edbe7d66f077a909d4621b4370c21d75eedbc7c4f4a13424,,,"15 Greenwich Rd, Greenwich , 2065",EVX,2,AC,22 kW,-33.8255586,151.187957,Lane Cove Municipal Council,2065,Existing Destination Chargers,False,22.0,single_kw,EVX,EVX,False,ev_20251216.csv,False,False,False,,no_address_candidate,2065,PCODE,False,existing_retained,AC,not_specified
ev_040d6d3d78c81e287371ef951dc87a68e0558d069822cbabc0d743e7ca1da7fe,,,"15 Little Street, Sydney, 2066",Exploren,1,AC,22 kW,-33.81460665,151.1713023,Lane Cove Municipal Council,2066,Existing Destination Chargers,False,22.0,single_kw,Exploren,Exploren,False,ev_20251216.csv,False,False,False,,no_address_candidate,2066,PCODE,False,existing_retained,AC,not_specified
ev_9d787b70ecfaa9e6705594cd66d2812fa8f1c19de396d050c8898ed255ccf6e9,,,"15 Merriville Rd, Sydney, 2155",JOLT,2,DC,25 kW,-33.70040345,150.9283123,Blacktown City Council,2155,Existing Fast Chargers,False,25.0,single_kw,JOLT,JOLT,False,ev_20251216.csv,False,True,True,,no_address_candidate,2155,PCODE,False,existing_retained,DC,not_specified
ev_447b00582bf7e93d520752805059e9762cba30fad57921a4cff62df80db7295c,,,"15 Merriville Rd, Sydney, 2155",JOLT,2,DC,25 kW,-33.70051756,150.9281081,Blacktown City Council,2155,Existing Fast Chargers,False,25.0,single_kw,JOLT,JOLT,False,ev_20251216.csv,False,True,True,,no_address_candidate,2155,PCODE,False,existing_retained,DC,not_specified
ev_dc15e2b1d05ac9726e42084e3bd8bf944e168d494ebe33ba51f8ec9410369d43,,,"15 Mort St, Port Macquarie, 2444",Tesla,2,AC,22 kW,-31.43157062,152.8964765,Port Macquarie-Hastings Council,2444,Existing Destination Chargers,False,22.0,single_kw,Tesla,Tesla,False,ev_20251216.csv,False,False,False,,no_address_candidate,2444,PCODE,False,existing_retained,AC,not_specified
ev_fac1e7ed35be342b97e2d171aee2380798291129e4c3ee6dd08a4439d2a18982,,,"15 Ridge St, Sydney, 2060",Evie,4,DC,75 kW,-33.83274979,151.2064264,North Sydney Council,2060,Existing Fast Chargers,False,75.0,single_kw,Evie,Evie,False,ev_20251216.csv,False,False,False,,no_address_candidate,2060,PCODE,False,existing_retained,DC,not_specified
ev_460c20008ea818c6d81250d9edfc34407fb2756b67368c2d340c3a6d303876f4,,,"15 Victoria St, Sydney, 2019",Exploren,1,AC,22 kW,-33.94613218,151.2075586,Bayside Council,2019,Existing Destination Chargers,False,22.0,single_kw,Exploren,Exploren,False,ev_20251216.csv,False,False,False,,no_address_candidate,2019,PCODE,False,existing_retained,AC,not_specified
ev_a54d312ac691446d2c01a66a507dba3f06ee27d1f65c3395fd5325f780aaba74,,,"15 Victory St, Braidwood, NSW 2622, Australia",NRMA,4,DC,50 kW,-31.4988197,145.8375768,Queanbeyan-Palerang Regional Council,2835,TfNSW Regional,False,50.0,single_kw,NRMA,NRMA,False,ev_20251216.csv,False,False,False,2622,conflicts_with_existing,,,True,value_conflict,DC,not_specified
ev_62e324e9ec9244ac20163eee64e5469dc5304c11dc5861cf4a4a2c8eb6fc8a4a,,,"1509-1511 Pittwater Rd, Sydney, 2101",Ampol,2,DC,150 kW,-33.70444949,151.2968509,Northern Beaches Council,2101,Existing Fast Chargers,False,150.0,single_kw,Ampol,Ampol,False,ev_20251216.csv,False,False,False,,no_address_candidate,2101,PCODE,False,existing_retained,DC,not_specified
ev_45b6d28f2a66738f95533da7918362af13297dbe10f67f0638b628ef94a8b7f6,,,"151 Beauchamp Rd, Sydney, 2036",JOLT,2,DC,25 kW,-33.95633138,151.2265986,Randwick City Council,2036,Existing Fast Chargers,False,25.0,single_kw,JOLT,JOLT,False,ev_20251216.csv,False,False,False,,no_address_candidate,2036,PCODE,False,existing_retained,DC,not_specified
ev_3bd0cbde911d9ebf1e2fb56be7c9d9e6002e082a30cab0b81c49c90fb554cdaf,,,"152 Church St, Glen Innes, 2370",EVUp,3,AC,22 kW,-29.73816621,151.7354424,Glen Innes Severn Council,2370,Existing Destination Chargers,False,22.0,single_kw,EVUp,EVUp,False,ev_20251216.csv,False,False,False,,no_address_candidate,2370,PCODE,False,existing_retained,AC,not_specified
ev_794699dadfb01dc320a9b1aaab2452147418dd6b608779d774ec9b4f6fa3d43a,,,"152 Church St, Glen Innes, 2370",Tesla,2,AC,22 kW,-29.7383564,151.7378358,Glen Innes Severn Council,2370,Existing Destination Chargers,False,22.0,single_kw,Tesla,Tesla,False,ev_20251216.csv,False,False,False,,no_address_candidate,2370,PCODE,False,existing_retained,AC,not_specified
ev_17d812652a1033b405423bc442dde8c2c44c72de91d12d9aa608632f13cbe389,,,"152 Green Street W, Lockhart, 2656",Exploren,2,AC,22 kW,-35.22092397,146.7120541,Lockhart Shire Council,2656,Existing Destination Chargers,False,22.0,single_kw,Exploren,Exploren,False,ev_20251216.csv,False,False,False,,no_address_candidate,2656,PCODE,False,existing_retained,AC,not_specified
ev_6b03c3e0a316d1c6306bc55f56b03d66f61421d5cb9d100cce911505737fc0b7,,,"152 Pacific Hwy, 36 Josephson St, Swansea NSW 2281",Evie,4,DC,50 kW,-33.088721,151.637587,Lake Macquarie City Council,2281,ARENA - Driving the Nation,False,50.0,single_kw,Evie,Evie,False,ev_20251216.csv,False,False,False,2281,matches_existing,2281,PCODE,False,existing_retained,DC,not_specified
ev_7ea097f46c2d821db7b00997855b3714399d0831607110cf13df0a7e4a68c0d1,,,"153 Coreen Ave Cnr Castlereagh Rd, Penrith, NSW, 2750",Ampol,2,DC,125 kW,-33.7428103,150.6929292,Penrith City Council,2750,ARENA - Driving the Nation,False,125.0,single_kw,Ampol,Ampol,False,ev_20251216.csv,False,False,False,2750,matches_existing,2750,PCODE,False,existing_retained,DC,not_specified
ev_5bced26a6a39f157962e419fbfc9938497bb61369a0fc01edfa4d6d877e95be2,,,"153 Fitzmaurice St, Wagga Wagga, 2650",Tesla,1,AC,8 kW,-35.10302607,147.3686987,Wagga Wagga City Council,2650,Existing Destination Chargers,False,8.0,single_kw,Tesla,Tesla,False,ev_20251216.csv,False,False,False,,no_address_candidate,2650,PCODE,False,existing_retained,AC,not_specified
ev_4115325089948b37116bb68fcfe629ef5c9e9120b71ac8b37a42824c75484950,,,"154 Canterbury St, Casino, 2470",EVX,2,AC,22 kW,-28.86270875,153.048037,Richmond Valley Council,2470,Existing Destination Chargers,False,22.0,single_kw,EVX,EVX,False,ev_20251216.csv,False,False,False,,no_address_candidate,2470,PCODE,False,existing_retained,AC,not_specified
ev_48eac226319916686502e08a3ffda4a248bb3e30cdbaaa93ed228ebd05d036b4,,,"155 Governor Macquarie Dr, Sydney, 2170",Tesla,3,AC,22 kW,-33.91433738,150.9456166,Liverpool City Council,2170,Existing Destination Chargers,False,22.0,single_kw,Tesla,Tesla,False,ev_20251216.csv,False,False,False,,no_address_candidate,2170,PCODE,False,existing_retained,AC,not_specified
ev_23a3e09ea6e215ce59ece0567678e8fd2a5b4c4e969d6db14e369deb7e63de16,,,"156 Melbourne St, Mulwala, 2647",Wevolt,4,DC,80 kW,-35.99499104,146.001983,Federation Council,2647,Existing Fast Chargers,False,80.0,single_kw,Wevolt,Wevolt,False,ev_20251216.csv,False,False,False,,no_address_candidate,2647,PCODE,False,existing_retained,DC,not_specified
ev_b9dc0376cb640f3cc05c59596817a1aa278cc3f1fff9765de3e30b1501e76795,,,"15620 Hume Hwy, Marulan, 2579",BP,2,DC,75 kW,-34.71852257,150.0003884,Goulburn Mulwaree Council,2579,Existing Fast Chargers,False,75.0,single_kw,BP,BP,False,ev_20251216.csv,False,False,False,,no_address_candidate,2579,PCODE,False,existing_retained,DC,not_specified
ev_01edb41e136d277bc0a478b2bcb91b69324b8d90f011fbf0fd3ce6b29a709f80,,,"15666 Hume Hwy, Marulan, 2579",BP,2,DC,75 kW,-34.71922127,149.9953273,Goulburn Mulwaree Council,2579,Existing Fast Chargers,False,75.0,single_kw,BP,BP,False,ev_20251216.csv,False,False,False,,no_address_candidate,2579,PCODE,False,existing_retained,DC,not_specified
ev_ff09d194a0aafacc2bd5385a6909993405094e8df4166e1b39e14b3b6f3f213a,,,"157 Rouse Street, Tenterfield, NSW 2372, Australia",NRMA,2,DC,50 kW,-31.5645996,147.1969355,Tenterfield Shire Council,2825,TfNSW Regional,False,50.0,single_kw,NRMA,NRMA,False,ev_20251216.csv,False,False,False,2372,conflicts_with_existing,,,True,value_conflict,DC,not_specified
ev_a64d1d018897b4c0b176413023a80ce213f59dabd1c898b5114f196b5f6ca2da,,,"1596 Broke Rd, Pokolbin, 2320",Tesla,2,AC,22 kW,-32.75900405,151.2523473,Cessnock City Council,2320,Existing Destination Chargers,False,22.0,single_kw,Tesla,Tesla,False,ev_20251216.csv,False,False,False,,no_address_candidate,2320,PCODE,False,existing_retained,AC,not_specified
ev_ee83de18c7561554fc8405e119c22a3010fa045294b82f6854dfee78f43798df,,,"15c Mitchell St, Bourke, NSW 2840, Australia",NRMA,4,DC,75 kW,-30.3383734,152.7125414,Bourke Shire Council,2453,TfNSW Regional,False,75.0,single_kw,NRMA,NRMA,False,ev_20251216.csv,False,False,False,2840,conflicts_with_existing,,,True,value_conflict,DC,not_specified
ev_1445d0370508c79e7e45f9c741b2c4510e6e466813b7d6077283cb5557fc87fb,,,"1-5R Knowles Ave, Sydney, 2036",Chargefox,2,AC,11 kW,-33.95723628,151.2372372,Randwick City Council,2036,Existing Destination Chargers,False,11.0,single_kw,Chargefox,Chargefox,False,ev_20251216.csv,False,False,False,,no_address_candidate,2036,PCODE,False,existing_retained,AC,not_specified
ev_df09fbdd7f9c3e90cbe8f065c4f43125e60a79677b0aea8dd17369d8613dbd04,,,"16 Berry St, Nowra, 2541",NRMA,4,DC,160 kW,-34.87360065,150.6005345,Shoalhaven City Council,2541,Existing Fast Chargers,False,160.0,single_kw,NRMA,NRMA,False,ev_20251216.csv,False,False,False,,no_address_candidate,2541,PCODE,False,existing_retained,DC,not_specified
ev_5c8f90fb43ebebf3ec87469d14f06f9cc8349e8f88ba495b8e1dc57d6e76f233,,,"16 Charlton St, Central Coast, 2261",Tesla,2,AC,6 kW,-33.36082487,151.4995526,Central Coast Council,2261,Existing Destination Chargers,False,6.0,single_kw,Tesla,Tesla,False,ev_20251216.csv,False,False,False,,no_address_candidate,2261,PCODE,False,existing_retained,AC,not_specified
ev_3c46ba7b91bf23368e8efdd7735c0f874154bc78ea56016d18e6dad4af027df4,,,"16 Kent St, Millers Point, 2000",EVX,2,AC,22 kW,-33.85866571,151.2036677,"Sydney, Council of the City of",2000,Existing Destination Chargers,False,22.0,single_kw,EVX,EVX,False,ev_20251216.csv,False,False,False,,no_address_candidate,2000,PCODE,False,existing_retained,AC,not_specified
ev_7c0431886cbafce9fe18bb3456fd39e6263fcb44b6cfe497070c8e976cc58435,,,"16 Nettin Cct, Jindabyne, 2627",Tesla,2,AC,22 kW,-36.41732937,148.6076567,Snowy Monaro Regional Council,2627,Existing Destination Chargers,False,22.0,single_kw,Tesla,Tesla,False,ev_20251216.csv,False,False,False,,no_address_candidate,2627,PCODE,False,existing_retained,AC,not_specified
ev_1b1ab490bb907eb48eed3803a3c020a1aaa6e761995e59401c09d9bd5222d1ae,,,"16 Oaks Ave, Sydney, 2099",JOLT,2,DC,25 kW,-33.75370175,151.287,Northern Beaches Council,2099,Existing Fast Chargers,False,25.0,single_kw,JOLT,JOLT,False,ev_20251216.csv,False,False,False,,no_address_candidate,2099,PCODE,False,existing_retained,DC,not_specified
ev_7300144dc027d1a88436bee0128d90ec7b37ed634771facfa97b94ad454d11bb,,,"161 Elizabeth St, Sydney, 2000",Tesla,2,AC,22 kW,-33.87192197,151.2097207,"Sydney, Council of the City of",2000,Existing Destination Chargers,False,22.0,single_kw,Tesla,Tesla,False,ev_20251216.csv,False,False,False,,no_address_candidate,2000,PCODE,False,existing_retained,AC,not_specified
ev_7110cff043bef0fd17a0b31fac7a01ef5ae4e404b82686412ae409cf74a733d9,,,"161 Elizabeth Street, Sydney, 2000",Exploren,8,AC,22 kW,-33.87152857,151.2098208,"Sydney, Council of the City of",2000,Existing Destination Chargers,False,22.0,single_kw,Exploren,Exploren,False,ev_20251216.csv,False,False,False,,no_address_candidate,2000,PCODE,False,existing_retained,AC,not_specified
ev_efba588204fae2063b43c20ff056a8836306e33bec4e28a2f1618641109bac37,,,"16-20 Goodhope St, Sydney, 2021",Chargefox,2,DC,30 kW,-33.88181186,151.2283183,Woollahra Municipal Council,2021,Existing Fast Chargers,False,30.0,single_kw,Chargefox,Chargefox,False,ev_20251216.csv,False,False,False,,no_address_candidate,2021,PCODE,False,existing_retained,DC,not_specified
ev_81ad54536d4837ba5fb8b11a121ac9b17dace0745e9c0c57bb15d1256cd45367,,,"164 Camp Drewe Road, Lennox Head, 2478",Chargefox,2,AC,22 kW,-28.77837542,153.5926857,Ballina Shire Council,2478,Existing Destination Chargers,False,22.0,single_kw,Chargefox,Chargefox,False,ev_20251216.csv,False,False,False,,no_address_candidate,2478,PCODE,False,existing_retained,AC,not_specified
ev_3499aad087efd6b4c92e42d214ba72e46b930b23ce667a8551a36cf859f2e4cb,,,"164 Mona Vale Rd, St Ives, NSW, 2075",Ampol,2,DC,125 kW,-33.7307758,151.1570112,Ku-ring-gai Council,2075,ARENA - Driving the Nation,False,125.0,single_kw,Ampol,Ampol,False,ev_20251216.csv,False,False,False,2075,matches_existing,2075,PCODE,False,existing_retained,DC,not_specified
ev_2b1afafc8c803f90d3ac468d110bb021330cc4bd92e79378f0eb19b1a235e59f,,,"165 Oberon Street, Sydney, 2034",Exploren,1,AC,22 kW,-33.92586491,151.2504234,Randwick City Council,2034,Existing Destination Chargers,False,22.0,single_kw,Exploren,Exploren,False,ev_20251216.csv,False,False,False,,no_address_candidate,2034,PCODE,False,existing_retained,AC,not_specified
ev_8b61a9a1860fe96c2321d0870cbf3232d866261b54c953fd2ee9fb4e2634f297,,,"1650 Alpine Way, Crackenback, 2627",Chargefox,2,AC,22 kW,-36.44508413,148.4499129,Snowy Monaro Regional Council,2627,Existing Destination Chargers,False,22.0,single_kw,Chargefox,Chargefox,False,ev_20251216.csv,False,False,False,,no_address_candidate,2627,PCODE,False,existing_retained,AC,not_specified
ev_e34387542157b4b371af59bd9f34b1bb1e26269db2ba85c8bb97dcdecfabb942,,,"166 Mona Vale Rd, Sydney, 2075",Chargefox,2,AC,22 kW,-33.73007312,151.1585586,Ku-ring-gai Council,2075,Existing Destination Chargers,False,22.0,single_kw,Chargefox,Chargefox,False,ev_20251216.csv,False,False,False,,no_address_candidate,2075,PCODE,False,existing_retained,AC,not_specified
ev_24965443d007e9f0b2b27c71ab1edd9ac4be9b3cd7a2aa9cfe8f5109d17a12ad,,,"169 Willoughby Rd, Sydney, 2065",BP,2,DC,75 kW,-33.8201522,151.2011902,Willoughby City Council,2065,Existing Fast Chargers,False,75.0,single_kw,BP,BP,False,ev_20251216.csv,False,False,False,,no_address_candidate,2065,PCODE,False,existing_retained,DC,not_specified
ev_d5c711d98ed6e5e85422e877614cde82f398bcf06ffe6540ccada374af0a0763,,,"169-179 Thomas St, Sydney, 2000",Tesla,2,AC,22 kW,-33.8818549,151.2024194,"Sydney, Council of the City of",2000,Existing Destination Chargers,False,22.0,single_kw,Tesla,Tesla,False,ev_20251216.csv,False,False,False,,no_address_candidate,2000,PCODE,False,existing_retained,AC,not_specified
ev_de7cfbf0904dd2daa213eb27318a66b0ac7f7db58436fb059b7b63a2f933c5c7,,,"17 Roberts Rd, Sydney, 2766",Exploren,6,AC,22 kW,-33.81728133,150.8381401,Blacktown City Council,2766,Existing Destination Chargers,False,22.0,single_kw,Exploren,Exploren,False,ev_20251216.csv,False,False,False,,no_address_candidate,2766,PCODE,False,existing_retained,AC,not_specified
ev_907e47894a28558ce9ede062bd7f652a5743ad7514f94a3916b0eab8a315d0a5,,,"17 Smith St, Sydney, 2067",Chargefox,6,DC,47 kW,-33.78601306,151.1980831,Willoughby City Council,2067,Existing Fast Chargers,False,47.0,single_kw,Chargefox,Chargefox,False,ev_20251216.csv,False,False,False,,no_address_candidate,2067,PCODE,False,existing_retained,DC,not_specified
ev_f66b004646dfb235cc596c8c421fb1a5ccb4afd04aded96e19aa7d6b8f19f403,,,"17 Stanley St, Sydney, 2210",JOLT,2,DC,25 kW,-33.96212217,151.0635736,Georges River Council,2210,Existing Fast Chargers,False,25.0,single_kw,JOLT,JOLT,False,ev_20251216.csv,False,False,False,,no_address_candidate,2210,PCODE,False,existing_retained,DC,not_specified
ev_0d5b32871d5bc6906b4287c8218180841e0651cf394b92b438c6d27c7596ec05,,,"17 Stewart St, Wollongong NSW 2500, Australia",NRMA,4,DC,75 kW,-29.7756503,151.1151033,Wollongong City Council,2453,TfNSW Regional,False,75.0,single_kw,NRMA,NRMA,False,ev_20251216.csv,False,False,False,2500,conflicts_with_existing,,,True,value_conflict,DC,not_specified
ev_0cd7b75f059564fcc2ac33f51de5915442f0c0ac150946bce6fed70367f6695d,,,"170 Riversdale Rd, Illaroo, 2540",Tesla,4,AC,22 kW,-34.86498003,150.4925095,Shoalhaven City Council,2540,Existing Destination Chargers,False,22.0,single_kw,Tesla,Tesla,False,ev_20251216.csv,False,False,False,,no_address_candidate,2540,PCODE,False,existing_retained,AC,not_specified
ev_c6d52ecc3b33435845304ad1cff1975b727bbad8567ece427d09c12d4959c1e3,,,"173 The Vineyards Rd, Lake George, 2581",Exploren,2,DC,60 kW,-34.99682987,149.3848398,Yass Valley Council,2581,Existing Fast Chargers,False,60.0,single_kw,Exploren,Exploren,False,ev_20251216.csv,False,False,False,,no_address_candidate,2581,PCODE,False,existing_retained,DC,not_specified
ev_44914950ae6ff2f841e64ec918c04e490f38d97e6f86477eee715e1b7e07f07a,,,"176 Sutherland St, Sydney, 2021",Exploren,1,AC,22 kW,-33.88436041,151.235985,Woollahra Municipal Council,2021,Existing Destination Chargers,False,22.0,single_kw,Exploren,Exploren,False,ev_20251216.csv,False,False,False,,no_address_candidate,2021,PCODE,False,existing_retained,AC,not_specified
ev_049e0bbf95f222dcd428d41f31520b92c293a042a300757de7a1887241a6f247,,,"1760 Joadja Road, Joadja, 2575",Tesla,1,AC,22 kW,-34.40588793,150.2226507,Wingecarribee Shire Council,2575,Existing Destination Chargers,False,22.0,single_kw,Tesla,Tesla,False,ev_20251216.csv,False,False,False,,no_address_candidate,2575,PCODE,False,existing_retained,AC,not_specified
ev_f30666d5fc98333b0a035516d054cf5efe001d8399ccdd27f73e28e51c736b3a,,,"177-179 Glenayr Ave, Sydney, 2026",Chargefox,1,AC,6 kW,-33.88860365,151.2706987,Waverley Council,2026,Existing Destination Chargers,False,6.0,single_kw,Chargefox,Chargefox,False,ev_20251216.csv,False,False,False,,no_address_candidate,2026,PCODE,False,existing_retained,AC,not_specified
ev_3841c39f27aa61992a7a664710116688857ffb119227b689e9866fea14313851,,,"179 Gillards Rd, Pokolbin, 2320",Exploren,1,AC,22 kW,-32.7640561,151.2915996,Cessnock City Council,2320,Existing Destination Chargers,False,22.0,single_kw,Exploren,Exploren,False,ev_20251216.csv,False,False,False,,no_address_candidate,2320,PCODE,False,existing_retained,AC,not_specified
ev_d4e78db86d5cc240d24a3d870d8e99a8b6ddb4d5768046a8536a8974d8590b43,,,"179 Gordon St, Port Macquarie, 2444",Tesla,2,AC,22 kW,-31.43500005,152.8979429,Port Macquarie-Hastings Council,2444,Existing Destination Chargers,False,22.0,single_kw,Tesla,Tesla,False,ev_20251216.csv,False,False,False,,no_address_candidate,2444,PCODE,False,existing_retained,AC,not_specified
ev_f095f5d97d6d2b73dd8f375d9ecaba3d25f219115fc7f48187b94ec570e879ac,,,"18 Alfred St, Dubbo, 2830",Chargefox,3,AC,22 kW,-32.24559064,148.5961001,Dubbo Regional Council,2830,Existing Destination Chargers,False,22.0,single_kw,Chargefox,Chargefox,False,ev_20251216.csv,False,False,False,,no_address_candidate,2830,PCODE,False,existing_retained,AC,not_specified
ev_5178ef2bbe95e772345a5651aaaab94ab880a4bcc7fc797a8d8b180a576e0692,,,"18 Dandaloo St, Nyngan, NSW 2825, Australia",NRMA,4,DC,75 kW,-32.0506213,150.8667598,Bogan Shire Council,2360,TfNSW Regional,False,75.0,single_kw,NRMA,NRMA,False,ev_20251216.csv,False,False,False,2825,conflicts_with_existing,,,True,value_conflict,DC,not_specified
ev_a8e727b67cf39301de01345f8c3905db23e006a42cce52cd4c023d3a070ccbf6,,,"18 Imlay St, Broulee, 2537",Tesla,2,AC,6 kW,-35.85590895,150.1722222,Eurobodalla Shire Council,2537,Existing Destination Chargers,False,6.0,single_kw,Tesla,Tesla,False,ev_20251216.csv,False,False,False,,no_address_candidate,2537,PCODE,False,existing_retained,AC,not_specified
ev_e50c3aa62c1d4907fa2bd8baaa91029e29503c6d4a49dd40953f46ac82e8274b,,,"18 Silver St, Sydney, 2031",Chargefox,2,DC,42 kW,-33.91374579,151.2390611,Randwick City Council,2031,Existing Fast Chargers,False,42.0,single_kw,Chargefox,Chargefox,False,ev_20251216.csv,False,False,False,,no_address_candidate,2031,PCODE,False,existing_retained,DC,not_specified
ev_08e33f78445b9e25693de1e2c1f3bb60f1294433e787284eaa4f04116023bb9d,,,"18 Station St, Sydney, 2766",Chargefox,8,AC,6 kW,-33.7710541,150.8449039,Blacktown City Council,2766,Existing Destination Chargers,False,6.0,single_kw,Chargefox,Chargefox,False,ev_20251216.csv,False,False,False,,no_address_candidate,2766,PCODE,False,existing_retained,AC,not_specified
ev_4e96a6bd56d649faa62716702fd7dec5d2cf56fc831ba2965c043ab0d41a3cf8,,,"18 Victoria Avenue, Castle Hill NSW 2154",Evie,4,DC,50 kW,-33.727803,150.976049,The Hills Shire Council,2154,ARENA - Driving the Nation,False,50.0,single_kw,Evie,Evie,False,ev_20251216.csv,False,False,False,2154,matches_existing,2154,PCODE,False,existing_retained,DC,not_specified
ev_03fee015aa09bffa94b7d527e62b04f71a8e71b9bb0659e3929b2a4ac695b399,,,"18 Yango St, Cessnock, 2325",Exploren,4,AC,6 kW,-32.83174379,151.3596797,Cessnock City Council,2325,Existing Destination Chargers,False,6.0,single_kw,Exploren,Exploren,False,ev_20251216.csv,False,False,False,,no_address_candidate,2325,PCODE,False,existing_retained,AC,not_specified
ev_c59f217204ce9233497440b11197e025a5bb5c17bec02810d8932616585decf1,,,"180 Campbell Pde, Sydney, 2026",Tesla,2,AC,22 kW,-33.88896801,151.2759489,Waverley Council,2026,Existing Destination Chargers,False,22.0,single_kw,Tesla,Tesla,False,ev_20251216.csv,False,False,False,,no_address_candidate,2026,PCODE,False,existing_retained,AC,not_specified
ev_cb531df5ed43b4e3ce15d2cb81d4468ed45351bd069c2221dc43027977f62514,,,"180 George St, Sydney, 2150",Chargefox,3,AC,6 kW,-33.81443948,151.0102683,"Parramatta, Council of the City of",2150,Existing Destination Chargers,False,6.0,single_kw,Chargefox,Chargefox,False,ev_20251216.csv,False,False,False,,no_address_candidate,2150,PCODE,False,existing_retained,AC,not_specified
ev_4e1111f1de0f9a763004d34fec31fda1d643f04b16e82391ed295fcd59f7a373,,,"184 Forbes St, Sydney, 2010",Saascharge,2,AC,22 kW,-33.87567272,151.2192843,"Sydney, Council of the City of",2010,Existing Destination Chargers,False,22.0,single_kw,Saascharge,Saascharge,False,ev_20251216.csv,False,False,False,,no_address_candidate,2010,PCODE,False,existing_retained,AC,not_specified
ev_37b8898ebb0b5ebac3c9880bac2bfdd9bbd761468ffcbec0bafb80baaf29bbcc,,,"18-40 Anderson St, Sydney, 2150",Tesla,4,AC,22 kW,-33.82070775,151.0052152,"Parramatta, Council of the City of",2150,Existing Destination Chargers,False,22.0,single_kw,Tesla,Tesla,False,ev_20251216.csv,False,False,False,,no_address_candidate,2150,PCODE,False,existing_retained,AC,not_specified
ev_15eb0fb04a7aeb00638db305562443d7f60d0c4a18eda7b8a5ecfdd2234dddd9,,,"185 O'Riordan St, Sydney, 2020",Exploren,4,AC,6 kW,-33.92697402,151.1864655,Bayside Council,2020,Existing Destination Chargers,False,6.0,single_kw,Exploren,Exploren,False,ev_20251216.csv,False,False,False,,no_address_candidate,2020,PCODE,False,existing_retained,AC,not_specified
ev_d62ac77480811c2d5bcf1e5eda7784e8c996c368b3123a9e67ee2a6cce251b62,,,"185 Princes Hwy, Narooma , 2546",Tesla,8,DC,130 kW,-36.22313618,150.1283463,Eurobodalla Shire Council,2546,Existing Fast Chargers,False,130.0,single_kw,Tesla,Tesla,False,ev_20251216.csv,False,False,False,,no_address_candidate,2546,PCODE,False,existing_retained,DC,not_specified
ev_7a756f8ebe809a99c74f5fd3f670c7932aa8110a140d7209323806ccab18e4f0,,,"187 Rickard Rd, Leppington, 2179",Chargefox,8,AC,6 kW,-33.95353158,150.8087728,Camden Council,2179,Existing Destination Chargers,False,6.0,single_kw,Chargefox,Chargefox,False,ev_20251216.csv,False,False,False,,no_address_candidate,2179,PCODE,False,existing_retained,AC,not_specified
ev_253e965c94f92be31ed44d2305428924f945fad2fa675c5fa03a084c9e2c8548,,,"188 Fernleigh Rd, Wagga Wagga, 2650",Tesla,1,AC,22 kW,-35.13090895,147.3404094,Wagga Wagga City Council,2650,Existing Destination Chargers,False,22.0,single_kw,Tesla,Tesla,False,ev_20251216.csv,False,False,False,,no_address_candidate,2650,PCODE,False,existing_retained,AC,not_specified
ev_335e0a18e948eb62f240641f3113b1d4694f01d1b544eec965bc9bea9a3fec84,,,"188 Raglan St, Sydney, 2088",Evie,4,DC,50 kW,-33.83108413,151.2436587,Mosman Municipal Council,2088,Existing Fast Chargers,False,50.0,single_kw,Evie,Evie,False,ev_20251216.csv,False,False,False,,no_address_candidate,2088,PCODE,False,existing_retained,DC,not_specified
ev_15150196f0eead6f4f16060ebfe5cfedff75be0f7e6d82be80425c2295a4dac2,,,"189 Newcastle Rd, Newcastle, 2299",ChargeHub,2,AC,22 kW,-32.90549054,151.6911001,Newcastle City Council,2299,Existing Destination Chargers,False,22.0,single_kw,ChargeHub,ChargeHub,True,ev_20251216.csv,False,False,False,,no_address_candidate,2299,PCODE,False,existing_retained,AC,not_specified
ev_4756f94604d3a0dbfac00fff6f1972c1a1fd0d989de3431c73b6654ac33df58b,,,"18A Gould Dr, Lemon Tree Passage, 2319",Exploren,4,AC,6 kW,-32.73360165,152.0336807,Port Stephens Council,2319,Existing Destination Chargers,False,6.0,single_kw,Exploren,Exploren,False,ev_20251216.csv,False,False,False,,no_address_candidate,2319,PCODE,False,existing_retained,AC,not_specified
ev_5d305b020717a2f3d989dbce3f7080e0e6d9f72dd7d53f963c61e3eccfec4c25,,,"19 Bourke Rd, Sydney, 2020",Tesla,4,AC,22 kW,-33.9261552,151.187957,Bayside Council,2020,Existing Destination Chargers,False,22.0,single_kw,Tesla,Tesla,False,ev_20251216.csv,False,False,False,,no_address_candidate,2020,PCODE,False,existing_retained,AC,not_specified
ev_a6012315a6fa4ab1c5e23f3eaae374491cb66795648bf7db3948d20a548a3e8e,,,"19 Buchanan Drive, South West Rocks, 2431",Exploren,2,AC,22 kW,-30.88653058,153.037958,Kempsey Shire Council,2431,Existing Destination Chargers,False,22.0,single_kw,Exploren,Exploren,False,ev_20251216.csv,False,False,False,,no_address_candidate,2431,PCODE,False,existing_retained,AC,not_specified
ev_cf2672a3571ca90dc8ebdd18260502c0407a05237935b79301db74590cca08bf,,,"19 Ebsworth St, Redhead, 2290",Exploren,1,AC,22 kW,-33.01271676,151.719038,Lake Macquarie City Council,2290,Existing Destination Chargers,False,22.0,single_kw,Exploren,Exploren,False,ev_20251216.csv,False,False,False,,no_address_candidate,2290,PCODE,False,existing_retained,AC,not_specified
ev_0c3bab3e46c3a6f199c0af74d69e3424f2aeda7c4fdea402adac60a828a68d53,,,"19 Narabang Way, Sydney, 2085",Saascharge,1,AC,11 kW,-33.7073564,151.2121241,Northern Beaches Council,2085,Existing Destination Chargers,False,11.0,single_kw,Saascharge,Saascharge,False,ev_20251216.csv,False,False,False,,no_address_candidate,2085,PCODE,False,existing_retained,AC,not_specified
ev_ffcb26bd4701f323c2817c64f57fca6f432b8663141c6e337b62779b53168593,,,"19 Princes Hwy, Figtree NSW 2525, Australia",Tesla,6,DC,175 kW,-34.4366153,150.8632982,Wollongong City Council,2525,Fast Charging R1,False,175.0,single_kw,Tesla,Tesla,False,ev_20251216.csv,True,True,True,2525,matches_existing,2525,PCODE,False,existing_retained,DC,not_specified
ev_1b0ba81ff1d2aff7cad5420327a44d5b3fbb878077265c3cff439f38df961610,,,"1-9 Railway Parade, Kogarah NSW 2217",Evie,4,DC,150 kW,-33.96168115,151.1325903,Georges River Council,2217,ARENA - Driving the Nation,False,150.0,single_kw,Evie,Evie,False,ev_20251216.csv,False,False,False,2217,matches_existing,2217,PCODE,False,existing_retained,DC,not_specified
ev_ff60e67d080d77fe9ededf67c85c7e1f4fad83b746b540018d332a0793562de1,,,"19 Richmond Rd, Sydney, 2140",JOLT,2,DC,25 kW,-33.86603808,151.0644525,Strathfield,2140,Existing Fast Chargers,False,25.0,single_kw,JOLT,JOLT,False,ev_20251216.csv,False,False,False,,no_address_candidate,2140,PCODE,False,existing_retained,DC,not_specified
ev_228eef339b0c2905f4ba44059824668359ad72a3c77651be8a36ee31d0a54db3,,,"19 Windsor Rd, Sydney, 2155",BP,2,DC,75 kW,-33.71274679,150.9591602,The Hills Shire Council,2155,Existing Fast Chargers,False,75.0,single_kw,BP,BP,False,ev_20251216.csv,False,False,False,,no_address_candidate,2155,PCODE,False,existing_retained,DC,not_specified
ev_f729ef41846db729bf91cd61fefee24e1263a660d2b923ceff48068649183a3d,,,"19/287 Victoria Rd, Sydney, 2116",Exploren,5,AC,22 kW,-33.81211216,151.0355095,"Parramatta, Council of the City of",2116,Existing Destination Chargers,False,22.0,single_kw,Exploren,Exploren,False,ev_20251216.csv,False,False,False,,no_address_candidate,2116,PCODE,False,existing_retained,AC,not_specified
ev_c6191bbe32d29b97863790418f950503fc897fdc61a7530cfa37a04489997d52,,,"190 Portland Dr, Cameron Park, 2285",Chargefox,4,AC,6 kW,-32.91601506,151.5977868,Lake Macquarie City Council,2285,Existing Destination Chargers,False,6.0,single_kw,Chargefox,Chargefox,False,ev_20251216.csv,False,False,False,,no_address_candidate,2285,PCODE,False,existing_retained,AC,not_specified
ev_9ade196e82ad359510b6b934eeb7c72083766a9494a01fd890f78335b65e3b9a,,,"191 Mitchell Pde, Mollymook Beach, 2539",Tesla,1,AC,22 kW,-35.32272277,150.482015,Shoalhaven City Council,2539,Existing Destination Chargers,False,22.0,single_kw,Tesla,Tesla,False,ev_20251216.csv,False,False,False,,no_address_candidate,2539,PCODE,False,existing_retained,AC,not_specified
ev_c5b3da6ff5f061d435da0e6417bd8c840da2696ba4abe3b8954445b1bb9173e8,,,"193 George St, Quirindi, 2343",Exploren,2,AC,22 kW,-31.50737342,150.6804785,Liverpool Plains Shire Council,2343,Existing Destination Chargers,False,22.0,single_kw,Exploren,Exploren,False,ev_20251216.csv,False,False,False,,no_address_candidate,2343,PCODE,False,existing_retained,AC,not_specified
ev_0cc33c9a5b5a043eb2fe07637f64ccb8056b02fcfedb580d7693f0dc8ef024d9,,,197-215 Condamine St Balgowlah NSW 2093 Australia,Tesla,6,DC,175 kW,-33.7930342,151.2641426,Northern Beaches Council,2093,Fast Charging R3,False,175.0,single_kw,Tesla,Tesla,False,ev_20251216.csv,False,True,True,2093,matches_existing,2093,PCODE,False,existing_retained,DC,not_specified
ev_107197b3bb498a6995bc77c8bcf9368f954cb23473dd016336397f53761f1834,,,"197-215 Condamine St, Sydney, 2093",Tesla,4,AC,22 kW,-33.7931532,151.2641161,Northern Beaches Council,2093,Existing Destination Chargers,False,22.0,single_kw,Tesla,Tesla,False,ev_20251216.csv,False,False,False,,no_address_candidate,2093,PCODE,False,existing_retained,AC,not_specified
ev_4d6b8dff7317e9dafe5b708263d0986eee6bb518afd0ea10c1156623d90c3523,,,"198 Great Western Highway, Hazelbrook, NSW, 2779",Ampol,2,DC,125 kW,-33.7211325,150.4521067,Blue Mountains City Council,2779,ARENA - Driving the Nation,False,125.0,single_kw,Ampol,Ampol,False,ev_20251216.csv,False,False,False,2779,matches_existing,2779,PCODE,False,existing_retained,DC,not_specified
ev_017fab597ec7a791a283237a294b0479f14cf09a0e6a4d4fc460ef5e2dfcfcdb,,,"1985 Camden Valley Way, Prestons NSW 2170",Evie,4,DC,150 kW,-33.95224765,150.8557529,Liverpool City Council,2170,ARENA - Driving the Nation,False,150.0,single_kw,Evie,Evie,False,ev_20251216.csv,False,False,False,2170,matches_existing,2170,PCODE,False,existing_retained,DC,not_specified
ev_32edac5f9af1b5c68d9a05ffc5c3c851ef1a60dc93869afd8c1c188b5b69423a,,,"19A Sirius Rd, Sydney, 2066",Exploren,1,AC,22 kW,-33.81018223,151.1460651,Lane Cove Municipal Council,2066,Existing Destination Chargers,False,22.0,single_kw,Exploren,Exploren,False,ev_20251216.csv,False,False,False,,no_address_candidate,2066,PCODE,False,existing_retained,AC,not_specified
ev_5bccaa6a01ffb6c2e93e8052cd8b5b1c4683fdb4a3bcb91ab331082ce9d3f7e0,,,"1A Bridges Rd, Gerringong, 2534",Exploren,2,AC,6 kW,-34.74244649,150.8315465,"Kiama, The Council of the Municipality of",2534,Existing Destination Chargers,False,6.0,single_kw,Exploren,Exploren,False,ev_20251216.csv,False,False,False,,no_address_candidate,2534,PCODE,False,existing_retained,AC,not_specified
ev_d0bf613c35ebd73453eeb427750b3c1ec4544e81466956de5a5951901eccfa7d,,,"1a Duck St, Sydney, 2144",Tesla,2,AC,22 kW,-33.836954,151.027035,Cumberland Council,2144,Existing Destination Chargers,False,22.0,single_kw,Tesla,Tesla,False,ev_20251216.csv,False,False,False,,no_address_candidate,2144,PCODE,False,existing_retained,AC,not_specified
ev_082d863c90c6f9a33b0274be7b7d06dc23f281e3a3baa9e41fee5a3e8ced1448,,,1A Keith St Dulwich Hill NSW 2203 Australia,EVE Australia,2,AC,22 kW,-33.9098594,151.141688,Inner West Council,2203,Kerbside Charging R1,False,22.0,single_kw,EVE Australia,EVE Australia,False,ev_20251216.csv,True,False,True,2203,matches_existing,2203,PCODE,False,existing_retained,AC,not_specified
ev_34edb206c73bb0a36f21c10a01e40b71e93314314f9dfd9cddf411bdb0918cdd,,,"2 Baptist St, Sydney, 2016",Exploren,10,AC,22 kW,-33.89346151,151.2123383,"Sydney, Council of the City of",2016,Existing Destination Chargers,False,22.0,single_kw,Exploren,Exploren,False,ev_20251216.csv,False,False,False,,no_address_candidate,2016,PCODE,False,existing_retained,AC,not_specified
ev_ab2e34ef197a3b2c8da6a895b3ab8a6b8fda5499eacdddb54696d6d3b1510550,,,"2 Central Ave, Sydney, 2015",Tesla,1,AC,22 kW,-33.89588993,151.1960561,"Sydney, Council of the City of",2015,Existing Destination Chargers,False,22.0,single_kw,Tesla,Tesla,False,ev_20251216.csv,False,False,False,,no_address_candidate,2015,PCODE,False,existing_retained,AC,not_specified
ev_f48a872bed181fed67846192ef9030161e5dfcba85566c2780ba36905640ab71,,,"2 Coast Hospital Rd, Sydney, 2036",Evie,2,DC,75 kW,-33.98102507,151.2497087,Randwick City Council,2036,Existing Fast Chargers,False,75.0,single_kw,Evie,Evie,False,ev_20251216.csv,False,False,False,,no_address_candidate,2036,PCODE,False,existing_retained,DC,not_specified
ev_51a9db6e16f429aad382cf77ded175f8d0eeff74f66f9e260d1ce0a65df974de,,,"2 Corkwood Rd, Valla, 2448",BP,2,DC,75 kW,-30.6267528,152.9724735,Nambucca Valley Council,2448,Existing Fast Chargers,False,75.0,single_kw,BP,BP,False,ev_20251216.csv,False,False,False,,no_address_candidate,2448,PCODE,False,existing_retained,DC,not_specified
ev_921c567c6f2c3a74fcb7fad986ea485f6367978471b7fd754eb017c2c148fb21,,,"2 Crofts Ave, Sydney, 2220",Exploren,4,AC,22 kW,-33.96603708,151.1036707,Georges River Council,2220,Existing Destination Chargers,False,22.0,single_kw,Exploren,Exploren,False,ev_20251216.csv,False,False,False,,no_address_candidate,2220,PCODE,False,existing_retained,AC,not_specified
ev_21a1cc7c872335c91b1beb5866a98d3b9a1cf04d1f610205a0cb87e27381a51e,,,"2 Cross St, Sydney, 2100",EVUp,1,AC,22 kW,-33.7655586,151.2672142,Northern Beaches Council,2100,Existing Destination Chargers,False,22.0,single_kw,EVUp,EVUp,False,ev_20251216.csv,False,False,False,,no_address_candidate,2100,PCODE,False,existing_retained,AC,not_specified
ev_22fa2f3ed577a2fb35d949c0210d75c4a0cbcbb8d3365127a51a8dcaf0f4ec9e,,,"2 Hannabus Pl, Windsor, 2756",Exploren,2,DC,60 kW,-33.62676281,150.8353483,Hawkesbury City Council,2756,Existing Fast Chargers,False,60.0,single_kw,Exploren,Exploren,False,ev_20251216.csv,False,False,False,,no_address_candidate,2756,PCODE,False,existing_retained,DC,not_specified
ev_9f8eb7ac2178f48ee78918b749beed1d240365de66d85d2fe0c48d59977fcc4c,,,"2 Hector Ct, Sydney, 2155",Chargefox,4,AC,6 kW,-33.71912317,150.9544184,The Hills Shire Council,2155,Existing Destination Chargers,False,6.0,single_kw,Chargefox,Chargefox,False,ev_20251216.csv,False,False,False,,no_address_candidate,2155,PCODE,False,existing_retained,AC,not_specified
ev_2b8d11ee6bef9ed765687e832435acfd72174d8440c0e6b8abd683c0f2292ba3,,,"2 Hercules Street, Murrumbateman, 2582",Evie,2,DC,50 kW,-34.96936041,149.03,Yass Valley Council,2582,Existing Fast Chargers,False,50.0,single_kw,Evie,Evie,False,ev_20251216.csv,False,False,False,,no_address_candidate,2582,PCODE,False,existing_retained,DC,not_specified
ev_afd8496df6a3a6258ee3a2320b0f12d38a6af0846e2f1424d91c0010d0a84f4b,,,"2 Huntley St, Alexandria, 2015",EVX,2,AC,22 kW,-33.9104525,151.1942032,"Sydney, Council of the City of",2015,Existing Destination Chargers,False,22.0,single_kw,EVX,EVX,False,ev_20251216.csv,False,False,False,,no_address_candidate,2015,PCODE,False,existing_retained,AC,not_specified
ev_21b6e9c4cde99cadebb194c5d9e9757b4d82fa055da3cf57900e15721193ffda,,,"2 John St, Shellharbour, 2529",Chargefox,1,AC,6 kW,-34.5811512,150.8730671,Shellharbour City Council,2529,Existing Destination Chargers,False,6.0,single_kw,Chargefox,Chargefox,False,ev_20251216.csv,False,False,False,,no_address_candidate,2529,PCODE,False,existing_retained,AC,not_specified
ev_36464c11b15d734a5e820b26b89ff974c46ea37a3bb15c8bba40e877b6f51b65,,,"2 Lachlan Valley Way, Cowra, 2794",Non-networked,2,AC,22 kW,-33.83527532,148.6811792,Cowra Shire Council,2794,Existing Destination Chargers,False,22.0,single_kw,Non-networked,Non-networked,False,ev_20251216.csv,False,False,False,,no_address_candidate,2794,PCODE,False,existing_retained,AC,not_specified
ev_a91b90efa2768fa7fe8b9079db4d3a8a5643ab0c75750ffb9def270af81e122c,,,"2 Lachlan Valley Way, Cowra, 2794",Tesla,2,AC,22 kW,-33.83547852,148.6817277,Cowra Shire Council,2794,Existing Destination Chargers,False,22.0,single_kw,Tesla,Tesla,False,ev_20251216.csv,False,False,False,,no_address_candidate,2794,PCODE,False,existing_retained,AC,not_specified
ev_73e9bd43803586bb75c0db42ac74d3b3c168b98268ba13e9568c782cd1ed39f4,,,"2 Little St, Sydney, 2066",Exploren,2,AC,22 kW,-33.81389094,151.1707878,Lane Cove Municipal Council,2066,Existing Destination Chargers,False,22.0,single_kw,Exploren,Exploren,False,ev_20251216.csv,False,False,False,,no_address_candidate,2066,PCODE,False,existing_retained,AC,not_specified
ev_cac0bb44f29bab1b24556e392d47a9b6e9558827d4cc59c327ae1963c6aa8858,,,"2 Murray St, Port Macquarie, 2444",Tesla,2,AC,22 kW,-31.42813918,152.9109009,Port Macquarie-Hastings Council,2444,Existing Destination Chargers,False,22.0,single_kw,Tesla,Tesla,False,ev_20251216.csv,False,False,False,,no_address_candidate,2444,PCODE,False,existing_retained,AC,not_specified
ev_89beffcb616821fd74c6e8bf7126c5be8c97ef325cab8daaf9b3c38ffbfa6d41,,,"2 Ocean Dr, Kew, 2439",Tesla,8,DC,250 kW,-31.63426031,152.7250501,Port Macquarie-Hastings Council,2439,Existing Fast Chargers,False,250.0,single_kw,Tesla,Tesla,False,ev_20251216.csv,False,False,False,,no_address_candidate,2439,PCODE,False,existing_retained,DC,not_specified
ev_136aa3b2dd6a6d0fadd7267e5b352d8731ee8af41c489ece7ca8f4eeb1055d0a,,,"2 Perry St, Euston, 2737",NRMA,1,AC,22 kW,-34.57761866,142.7461892,Balranald Shire Council,2737,Existing Destination Chargers,False,22.0,single_kw,NRMA,NRMA,False,ev_20251216.csv,False,False,False,,no_address_candidate,2737,PCODE,False,existing_retained,AC,not_specified
ev_d2fa70f8a621586f74d9f228575a0613f0e0e55a5b4a90e97a0ac0771308a796,,,"2 Premier St, Sydney, 2217",JOLT,2,DC,25 kW,-33.96242247,151.1343213,Georges River Council,2217,Existing Fast Chargers,False,25.0,single_kw,JOLT,JOLT,False,ev_20251216.csv,False,False,False,,no_address_candidate,2217,PCODE,False,existing_retained,DC,not_specified
ev_3f27d425f5ec7ff7cb9d3934de1cc8580b64cfab6beea54217fc3b39b9f749c9,,,"2 Quay St, Sydney, 2000",Tesla,6,AC,19 kW,-33.87969174,151.2027187,"Sydney, Council of the City of",2000,Existing Destination Chargers,False,19.0,single_kw,Tesla,Tesla,False,ev_20251216.csv,False,False,False,,no_address_candidate,2000,PCODE,False,existing_retained,AC,not_specified
ev_403554bb7220cd34e5757cb6ef94dae023b61c885e4ceff82705078f712aacf7,,,"2 Riddell St, Sydney, 2023",Chargefox,2,DC,40 kW,-33.88578883,151.2573263,Woollahra Municipal Council,2023,Existing Fast Chargers,False,40.0,single_kw,Chargefox,Chargefox,False,ev_20251216.csv,False,False,False,,no_address_candidate,2023,PCODE,False,existing_retained,DC,not_specified
ev_87effd0f3149f43c6dc93e12c847cbd5659a80be4190409dc5cb70a4beb06818,,,"2 Robsons Rd, Wollongong, 2500",Chargefox,4,AC,22 kW,-34.4040561,150.8745285,Wollongong City Council,2500,Existing Destination Chargers,False,22.0,single_kw,Chargefox,Chargefox,False,ev_20251216.csv,False,False,False,,no_address_candidate,2500,PCODE,False,existing_retained,AC,not_specified
ev_8156cda3bb7a266b15e1f3513baccfb35e4431a4ef67049779b707d96c1e4355,,,"2 Rosenthal Ave, Lane Cove NSW 2066",Evie,4,DC,50 kW,-33.813936,151.169298,Lane Cove Municipal Council,2066,ARENA - Driving the Nation,False,50.0,single_kw,Evie,Evie,False,ev_20251216.csv,False,False,False,2066,matches_existing,2066,PCODE,False,existing_retained,DC,not_specified
ev_b68dec21d99fe19a81268df46a98fea6237f443a03837efd4bf63d2fa3259a69,,,"2 Rosenthal Ave, Sydney, 2066",Tesla,3,AC,19 kW,-33.8137508,151.1687788,Lane Cove Municipal Council,2066,Existing Destination Chargers,False,19.0,single_kw,Tesla,Tesla,False,ev_20251216.csv,False,False,False,,no_address_candidate,2066,PCODE,False,existing_retained,AC,not_specified
ev_ed61a1ba25f176644b83cdd4d89a6367e0e03677f825df94147a278cb67fda1a,,,"2 Sentry Dr, Sydney, 2768",Tesla,3,AC,22 kW,-33.71879184,150.9206707,Blacktown City Council,2768,Existing Destination Chargers,False,22.0,single_kw,Tesla,Tesla,False,ev_20251216.csv,False,False,False,,no_address_candidate,2768,PCODE,False,existing_retained,AC,not_specified
ev_ce08481f2eb040683153c7f92783df3896d035a20afec0d08a13ec8e72ff9f9c,,,"2 Sentry Dr, Sydney, 2768",Chargefox,4,DC,40 kW,-33.71984389,150.918979,Blacktown City Council,2768,Existing Fast Chargers,False,40.0,single_kw,Chargefox,Chargefox,False,ev_20251216.csv,False,False,False,,no_address_candidate,2768,PCODE,False,existing_retained,DC,not_specified
ev_2dc20b4059b964370db991a96b03703f071ca05a14ed99c0955fa770f0cb1e58,,,"2 Shepherd St, Ulladulla, 2539",Tesla,3,AC,22 kW,-35.33970075,150.4727307,Shoalhaven City Council,2539,Existing Destination Chargers,False,22.0,single_kw,Tesla,Tesla,False,ev_20251216.csv,False,False,False,,no_address_candidate,2539,PCODE,False,existing_retained,AC,not_specified
ev_8e919babc12a3d23a683db9d8c1c256c14eef1fa447a779687b641e23ec8102e,,,"2 Stewart St, Lithgow, 2790",Evie,4,DC,150 kW,-33.48184889,150.1361812,"Lithgow Council, City of",2790,Existing Fast Chargers,False,150.0,single_kw,Evie,Evie,False,ev_20251216.csv,False,False,False,,no_address_candidate,2790,PCODE,False,existing_retained,DC,not_specified
ev_b9c336e7b824d43578dd32842daa807d13d02c697d2429130abe890b71988b53,,,"2 Stockton St, Nelson Bay, 2315",Chargefox,2,AC,22 kW,-32.72076081,152.1434995,Port Stephens Council,2315,Existing Destination Chargers,False,22.0,single_kw,Chargefox,Chargefox,False,ev_20251216.csv,False,False,False,,no_address_candidate,2315,PCODE,False,existing_retained,AC,not_specified
ev_49cf2911161e0264fd22142eabaea4096fbe212cd0c3b5e2c614ef7460f61e6a,,,"2 Ween St, Peak Hill, 2869",Tesla,1,AC,22 kW,-32.72124929,148.1908148,Parkes Shire Council,2869,Existing Destination Chargers,False,22.0,single_kw,Tesla,Tesla,False,ev_20251216.csv,False,False,False,,no_address_candidate,2869,PCODE,False,existing_retained,AC,not_specified
ev_fe5f71ed1553fc92107cf3bb8f85497ab8bb193fab350f84771f2102cc711b33,,,"2 West St, Bermagui, 2546",Tesla,2,AC,17 kW,-36.42591296,150.0634715,Bega Valley Shire Council,2546,Existing Destination Chargers,False,17.0,single_kw,Tesla,Tesla,False,ev_20251216.csv,False,False,False,,no_address_candidate,2546,PCODE,False,existing_retained,AC,not_specified
ev_a6a00ad84e97610a39b8d8a8a2c5f587e4536d7eca6eb459fdb3ec2feb88571b,,,"20 Bay St, Byron Bay, 2481",Tesla,2,AC,6 kW,-28.64166771,153.6146847,Byron Shire Council,2481,Existing Destination Chargers,False,6.0,single_kw,Tesla,Tesla,False,ev_20251216.csv,False,False,False,,no_address_candidate,2481,PCODE,False,existing_retained,AC,not_specified
ev_0bedc906d483ebd735f660e9ec58dd8003c34d413c46888f0838308883dcd017,,,"20 Bridge St, Sydney, 2073",Chargefox,2,AC,6 kW,-33.75068373,151.1446456,Ku-ring-gai Council,2073,Existing Destination Chargers,False,6.0,single_kw,Chargefox,Chargefox,False,ev_20251216.csv,False,False,False,,no_address_candidate,2073,PCODE,False,existing_retained,AC,not_specified
ev_ab04c796a2a12764d2c763e7fbea6634e8d3c3cc80e23a00bbcea6fbff2ecf89,,,"20 Ocean St, Merewether, NSW 2291",EVX,4,AC,11 kW,-32.94476481,151.7605355,Newcastle City Council,NSW 2291,Existing Destination Chargers,False,11.0,single_kw,EVX,EVX,False,ev_20251216.csv,False,False,False,2291,conflicts_with_existing,2291,PCODE,False,existing_format_standardized,AC,not_specified
ev_5c41eca268526f7815bba1d786874b4a8115b04c1b61513560329cbd4656815e,,,"20 Owen St, Sydney, 2761",Chargefox,2,DC,47 kW,-33.75074779,150.8580751,Blacktown City Council,2761,Existing Fast Chargers,False,47.0,single_kw,Chargefox,Chargefox,False,ev_20251216.csv,False,False,False,,no_address_candidate,2761,PCODE,False,existing_retained,DC,not_specified
ev_32bfa3bb1b43046578cd04bc351d203a3beb138b038b33b04ec178b11ab05738,,,"20 Park St, Port Macquarie, 2444",Tesla,2,AC,22 kW,-31.42759564,152.8975035,Port Macquarie-Hastings Council,2444,Existing Destination Chargers,False,22.0,single_kw,Tesla,Tesla,False,ev_20251216.csv,False,False,False,,no_address_candidate,2444,PCODE,False,existing_retained,AC,not_specified
ev_33f5fb57909c6ae8d81df01d7fb77da1c7a12f6c2e611bf679848849f3b76d72,,,"20 Phoenix Street, Sydney, 2066",Exploren,1,AC,22 kW,-33.81394499,151.1723493,Lane Cove Municipal Council,2066,Existing Destination Chargers,False,22.0,single_kw,Exploren,Exploren,False,ev_20251216.csv,False,False,False,,no_address_candidate,2066,PCODE,False,existing_retained,AC,not_specified
ev_424ed1705110e6714d2e685d13e21ef18249f5e8e3ec2ff4abbf844df0a9329e,,,"20 Smidmore St, Marrickville NSW 2204",Evie,4,DC,50 kW,-33.907982,151.170899,Inner West Council,2204,ARENA - Driving the Nation,False,50.0,single_kw,Evie,Evie,False,ev_20251216.csv,False,False,False,2204,matches_existing,2204,PCODE,False,existing_retained,DC,not_specified
ev_6a11a0e421ecda6be1ec44dcb29dc65030ab8f162ef1206abf6c0424c52f4c13,,,"20 Wentworth St, Sydney, 2142",Tesla,2,AC,19 kW,-33.83269174,151.0215005,"Parramatta, Council of the City of",2142,Existing Destination Chargers,False,19.0,single_kw,Tesla,Tesla,False,ev_20251216.csv,False,False,False,,no_address_candidate,2142,PCODE,False,existing_retained,AC,not_specified
ev_34e3025447cadfc5f5d1491ffc68712687a3ec3f9bcfddd16cd39e6f7055afdc,,,"200 Crown St, Wollongong NSW 2500",Evie,4,DC,50 kW,-34.423975,150.892316,Wollongong City Council,2500,ARENA - Driving the Nation,False,50.0,single_kw,Evie,Evie,False,ev_20251216.csv,False,False,False,2500,matches_existing,2500,PCODE,False,existing_retained,DC,not_specified
ev_e29a94096679713aaf5b4ff7ff3560ddc613796002336a383c54c9523590db97,,,"200 Gilchrist Drive, Sydney, 2560",Tesla,2,AC,22 kW,-34.07462967,150.7968068,Campbelltown City Council,2560,Existing Destination Chargers,False,22.0,single_kw,Tesla,Tesla,False,ev_20251216.csv,False,False,False,,no_address_candidate,2560,PCODE,False,existing_retained,AC,not_specified
ev_9513881094151146a3e6a39370fc82360dd3b065d640d9db524ff840fc9785d9,,,"200 Horderns Rd, Bowral, 2576",Tesla,1,AC,8 kW,-34.49912817,150.4813033,Wingecarribee Shire Council,2576,Existing Destination Chargers,False,8.0,single_kw,Tesla,Tesla,False,ev_20251216.csv,False,False,False,,no_address_candidate,2576,PCODE,False,existing_retained,AC,not_specified
ev_23818f39f504723bb2a784859e8bc2347db36ebbb7068a41a9e87a4d56a1a454,,,"201 Manning River Drive, Taree, 2430",Evie,4,DC,150 kW,-31.94333438,152.4706146,Mid-Coast Council,2430,Existing Fast Chargers,False,150.0,single_kw,Evie,Evie,False,ev_20251216.csv,False,False,False,,no_address_candidate,2430,PCODE,False,existing_retained,DC,not_specified
ev_df77ea6c30dfd09000e191b051d3acc15053a26680427f4f6368efe0746edcd0,,,"201 Sloane St, Goulburn , 2580",Tesla,16,DC,130 kW,-34.75552357,149.720998,Goulburn Mulwaree Council,2580,Existing Fast Chargers,False,130.0,single_kw,Tesla,Tesla,False,ev_20251216.csv,False,False,False,,no_address_candidate,2580,PCODE,False,existing_retained,DC,not_specified
ev_528687c3328e0365180d1a86f8d9c517081a16b25afc7c57c6f1b4ee8221bbcd,,,"201 Sussex St, Sydney, 2000",Chargefox,2,AC,22 kW,-33.871959,151.2039029,"Sydney, Council of the City of",2000,Existing Destination Chargers,False,22.0,single_kw,Chargefox,Chargefox,False,ev_20251216.csv,False,False,False,,no_address_candidate,2000,PCODE,False,existing_retained,AC,not_specified
ev_4ecf08fbeb901b4b91d1c6eebaf5cf32554d9e6751dc5f71422d83dd148cd1b8,,,20-22 Camden Rd Campbelltown NSW 2560 Australia,Tesla,12,DC,175 kW,-34.0725934,150.8078816,Campbelltown City Council,2560,Fast Charging R1,False,175.0,single_kw,Tesla,Tesla,False,ev_20251216.csv,False,True,True,2560,matches_existing,2560,PCODE,False,existing_retained,DC,not_specified
ev_fcbf81852593ff90716c682ea4ee4cbb315fa521b0cbbb63137702a9cf5951da,,,"203 Victoria St, Potts Point, 2011",Tesla,4,AC,6 kW,-33.87458063,151.2218569,"Sydney, Council of the City of",2011,Existing Destination Chargers,False,6.0,single_kw,Tesla,Tesla,False,ev_20251216.csv,False,False,False,,no_address_candidate,2011,PCODE,False,existing_retained,AC,not_specified
ev_bfe8ef68e76d70680ae46f345b22b1dac138e0ea16f9c60f61d09760ba4b10a5,,,"2032 Camden Valley Way, Sydney, 2174",Exploren,8,AC,22 kW,-33.95508313,150.8622653,Liverpool City Council,2174,Existing Destination Chargers,False,22.0,single_kw,Exploren,Exploren,False,ev_20251216.csv,False,False,False,,no_address_candidate,2174,PCODE,False,existing_retained,AC,not_specified
ev_f3e6cad59df1858d7b9f75a88808087b9fc20924cdb5d9ebb854e47851f0eaa2,,,"205 Kelly St, Scone, 2337",Tesla,2,AC,22 kW,-32.05161266,150.8670891,Upper Hunter Shire Council,2337,Existing Destination Chargers,False,22.0,single_kw,Tesla,Tesla,False,ev_20251216.csv,False,False,False,,no_address_candidate,2337,PCODE,False,existing_retained,AC,not_specified
ev_e52c67cc0a493e85aa9f50c4bc6819bc77b8c36f76d3d7667fa6865985428ca2,,,"205 Old Hume Hwy, Mittagong, 2575",Evie,4,DC,150 kW,-34.44672777,150.436991,Wingecarribee Shire Council,2575,Existing Fast Chargers,False,150.0,single_kw,Evie,Evie,False,ev_20251216.csv,False,False,False,,no_address_candidate,2575,PCODE,False,existing_retained,DC,not_specified
ev_0ff5779d363ca7e3511ccc70eab3be648d4219e872077539823f3589db810c62,,,"205 O'Riordan St, Sydney, 2020",Tesla,4,AC,22 kW,-33.927953,151.1871321,Bayside Council,2020,Existing Destination Chargers,False,22.0,single_kw,Tesla,Tesla,False,ev_20251216.csv,False,False,False,,no_address_candidate,2020,PCODE,False,existing_retained,AC,not_specified
ev_7bd753beab56b2ecafb9c6c6f1098f666cf5d911f95ac6b01595c3b7267f23af,,,"2072 Camden Valley Way, Edmondson Park, NSW, 2174",Ampol,2,DC,125 kW,-33.9558559,150.8648944,Liverpool City Council,2174,ARENA - Driving the Nation,False,125.0,single_kw,Ampol,Ampol,False,ev_20251216.csv,False,False,False,2174,matches_existing,2174,PCODE,False,existing_retained,DC,not_specified
ev_f58364c09520229db1cf3d9392bf6a69162ede1ec51a99b3e809edc27422c0e9,,,"2090 Broke Rd, Pokolbin, 2320",NRMA,4,DC,75 kW,-32.77342947,151.2982713,Cessnock City Council,2320,Existing Fast Chargers,False,75.0,single_kw,NRMA,NRMA,False,ev_20251216.csv,False,False,False,,no_address_candidate,2320,PCODE,False,existing_retained,DC,not_specified
ev_8057ad42a0c3798dd0614696a3cc37e666ea3d4daf6c3883f9b04c5146f478f0,,,"21 Alice St, Moree, 2400",Tesla,2,AC,19 kW,-29.47081786,149.847045,Moree Plains Shire Council,2400,Existing Destination Chargers,False,19.0,single_kw,Tesla,Tesla,False,ev_20251216.csv,False,False,False,,no_address_candidate,2400,PCODE,False,existing_retained,AC,not_specified
ev_1fe267cc97c17d510ad873e5b540e00bbfe4198b5d9e0e6c1e3d7656097b99cd,,,"21 Ayrshire Cres, Newcastle, 2304",EVUp,2,AC,23 kW,-32.87689894,151.7117558,Newcastle City Council,2304,Existing Destination Chargers,False,23.0,single_kw,EVUp,EVUp,False,ev_20251216.csv,False,False,False,,no_address_candidate,2304,PCODE,False,existing_retained,AC,not_specified
ev_d6489ac0cb3f5f7c08379099110b4e0ad81d5ac1177571f20323144b6fb7b436,,,"21 Church St, Sydney, 2112",Exploren,1,AC,22 kW,-33.81449254,151.1046486,"Ryde, Council of the City of",2112,Existing Destination Chargers,False,22.0,single_kw,Exploren,Exploren,False,ev_20251216.csv,False,False,False,,no_address_candidate,2112,PCODE,False,existing_retained,AC,not_specified
ev_96f6a0743200fd6c8af7822b02fb898eca3d7cef924dadf4e6d953f0c77a1224,,,"21 Combo St, Goolgowi, 2652",Exploren,4,AC,22 kW,-33.97943248,145.7069419,Carrathool Shire Council,2652,Existing Destination Chargers,False,22.0,single_kw,Exploren,Exploren,False,ev_20251216.csv,False,False,False,,no_address_candidate,2652,PCODE,False,existing_retained,AC,not_specified
ev_4b093671445b24bb38ed1df708211395c9054709e20842aea07e5d6b4bee7765,,,"21 Hague Ave, Albury, 2640",Exploren,1,AC,22 kW,-36.06470575,146.9342242,Albury City Council,2640,Existing Destination Chargers,False,22.0,single_kw,Exploren,Exploren,False,ev_20251216.csv,False,False,False,,no_address_candidate,2640,PCODE,False,existing_retained,AC,not_specified
ev_5d70d18a7175ff839c3ec4ae99ade0b25843fdfe763d1dceaf28a5a9e3883fcc,,,"21 Morgo St, Urunga, 2455",EVX,2,AC,22 kW,-30.49581986,153.022,Bellingen Shire Council,2455,Existing Destination Chargers,False,22.0,single_kw,EVX,EVX,False,ev_20251216.csv,False,False,False,,no_address_candidate,2455,PCODE,False,existing_retained,AC,not_specified
ev_f43b3afbd178dcee98bd15da2c0afb1655ee1ab61cbbf13bd6a4195a617e2e5c,,,"21 Roselands Ave, Sydney, 2196",Exploren,2,AC,22 kW,-33.93547052,151.0714184,Canterbury Bankstown Council,2196,Existing Destination Chargers,False,22.0,single_kw,Exploren,Exploren,False,ev_20251216.csv,False,False,False,,no_address_candidate,2196,PCODE,False,existing_retained,AC,not_specified
ev_c78e83648f7997b500e74f117e6b5167d5f2241186615c14b2f8aa756ff2858d,,,"2-10 Wentworth St, Sydney, 2150",Exploren,6,AC,22 kW,-33.81921626,151.0047057,"Parramatta, Council of the City of",2150,Existing Destination Chargers,False,22.0,single_kw,Exploren,Exploren,False,ev_20251216.csv,False,False,False,,no_address_candidate,2150,PCODE,False,existing_retained,AC,not_specified
ev_cb0a0b7067d083c80d08720d52816031dc4bcd277c53271412bbe7afb3725727,,,"211 Lake Entrance Rd, Shellharbour City Centre, 2529",Tesla,4,AC,6 kW,-34.56390495,150.8381191,Shellharbour City Council,2529,Existing Destination Chargers,False,6.0,single_kw,Tesla,Tesla,False,ev_20251216.csv,False,False,False,,no_address_candidate,2529,PCODE,False,existing_retained,AC,not_specified
ev_bc33d511b7715a055223ed8e1124e70e9c17427383f93197e717a159113754f4,,,"211 Lake Entrance Rd, Shellharbour City Centre, 2529",Ampol,10,DC,150 kW,-34.56639944,150.8394074,Shellharbour City Council,2529,Existing Fast Chargers,False,150.0,single_kw,Ampol,Ampol,False,ev_20251216.csv,False,False,False,,no_address_candidate,2529,PCODE,False,existing_retained,DC,not_specified
ev_aa34753812a37ee12f5063117b7634aae714afed06b66f54aa8f3d119151a134,,,"2-110 Ben Boyd Pde, Boydtown, 2551",Exploren,1,AC,22 kW,-37.11146251,149.8802072,Bega Valley Shire Council,2551,Existing Destination Chargers,False,22.0,single_kw,Exploren,Exploren,False,ev_20251216.csv,False,False,False,,no_address_candidate,2551,PCODE,False,existing_retained,AC,not_specified
ev_294e9036dd493a07b879de058750bfe02547c82ad9be82e88a6df4a6a7e110fd,,,"2-14 Cliff Rd, Wollongong, 2500",Tesla,4,AC,22 kW,-34.41458363,150.9002392,Wollongong City Council,2500,Existing Destination Chargers,False,22.0,single_kw,Tesla,Tesla,False,ev_20251216.csv,False,False,False,,no_address_candidate,2500,PCODE,False,existing_retained,AC,not_specified
ev_956f942ac1b58dd859ce91970fce820be2bf95eb4836388216642e7aec6734e4,,,"2197 Giinagay Way, Nambucca Heads, 2448",Tesla,2,AC,22 kW,-30.65431636,152.986997,Nambucca Valley Council,2448,Existing Destination Chargers,False,22.0,single_kw,Tesla,Tesla,False,ev_20251216.csv,False,False,False,,no_address_candidate,2448,PCODE,False,existing_retained,AC,not_specified
ev_5ad30df01fff4bc17fc3f643decc5cdaa2cca6bc0d9fcb19a8b6f8414ca4d9cf,,,"22 Buchanan St, Kandos, 2848",Tesla,1,AC,22 kW,-32.86006011,149.9730971,Mid-Western Regional Council,2848,Existing Destination Chargers,False,22.0,single_kw,Tesla,Tesla,False,ev_20251216.csv,False,False,False,,no_address_candidate,2848,PCODE,False,existing_retained,AC,not_specified
ev_df873cad694736efafe2cc38416da9c3a3db97dfb3b5c35c1d28e393c188354f,,,"22 Carillon St, Camperdown, 2042",EVX,2,AC,22 kW,-33.89123228,151.1868509,"Sydney, Council of the City of",2042,Existing Destination Chargers,False,22.0,single_kw,EVX,EVX,False,ev_20251216.csv,False,False,False,,no_address_candidate,2042,PCODE,False,existing_retained,AC,not_specified
ev_c5498178a1dddfc6965b2db83956cb746bfc557b4b2ba910f9b64a22f3513fd6,,,"22 Cook Ln, Sydney, 2223",JOLT,2,DC,25 kW,-33.9701502,151.0801331,Georges River Council,2223,Existing Fast Chargers,False,25.0,single_kw,JOLT,JOLT,False,ev_20251216.csv,False,False,False,,no_address_candidate,2223,PCODE,False,existing_retained,DC,not_specified
ev_8300dfd8773c83e011560703384794d759cbe01933a2e5274704633bd34cf1bc,,,"22 Giffnock Ave, Sydney, 2113",Exploren,1,AC,22 kW,-33.78299204,151.1227908,"Ryde, Council of the City of",2113,Existing Destination Chargers,False,22.0,single_kw,Exploren,Exploren,False,ev_20251216.csv,False,False,False,,no_address_candidate,2113,PCODE,False,existing_retained,AC,not_specified
ev_bd471c0b40e8f005ec03aed3dad2bf73e1a1f8918edc5cff96df1e342ef05204,,,"220 Taren Point Rd, Caringbah NSW 2229",Evie,4,DC,75 kW,-34.02927306,151.1220736,Sutherland Shire Council,2229,ARENA - Driving the Nation,False,75.0,single_kw,Evie,Evie,False,ev_20251216.csv,False,False,False,2229,matches_existing,2229,PCODE,False,existing_retained,DC,not_specified
ev_e02e1bfb00ba7de60f0c980c428022af3e470defaf4c48337b3c9a4e0e83f4da,,,"221 Wolseley St, Jamisontown NSW 2750",Evie,4,DC,350 kW,-33.770295,150.673823,Penrith City Council,2614,ARENA - Driving the Nation,False,350.0,single_kw,Evie,Evie,False,ev_20251216.csv,False,False,False,2750,conflicts_with_existing,,,True,value_conflict,DC,not_specified
ev_f0aeb3c170c1be4bcb9ce075211b28fd7a019d014e9cfea34bf7581c474c472c,,,"22-24 Park Ave, Sydney, 2134",JOLT,2,DC,25 kW,-33.87384989,151.1019449,Burwood Council,2134,Existing Fast Chargers,False,25.0,single_kw,JOLT,JOLT,False,ev_20251216.csv,False,False,False,,no_address_candidate,2134,PCODE,False,existing_retained,DC,not_specified
ev_f4e2ef148e7f6c438999155a3bd15c95813c520cb4abe6d1b90a42e3b0514070,,,"224 Princes Hwy, Wollongong, 2519",BP,2,DC,75 kW,-34.40332537,150.8914635,Wollongong City Council,2519,Existing Fast Chargers,False,75.0,single_kw,BP,BP,False,ev_20251216.csv,False,False,False,,no_address_candidate,2519,PCODE,False,existing_retained,DC,not_specified
ev_c9f5c210274f61224f4cf5ed9c3ea07a499e7f97fcead507898565efe3ce2942,,,"224 Prospect Hwy, Seven Hills NSW 2147",Evie,4,DC,150 kW,-33.77578997,150.9330864,Cumberland Council,2147,ARENA - Driving the Nation,False,150.0,single_kw,Evie,Evie,False,ev_20251216.csv,False,False,False,2147,matches_existing,2147,PCODE,False,existing_retained,DC,not_specified
ev_bb97fd9250834109a50a936db333f1c8443a13203220d1e51ab51cae839858ff,,,"224 Railway Pde, Sydney, 2166",Tesla,2,AC,19 kW,-33.89670075,150.938,Fairfield City Council,2166,Existing Destination Chargers,False,19.0,single_kw,Tesla,Tesla,False,ev_20251216.csv,False,False,False,,no_address_candidate,2166,PCODE,False,existing_retained,AC,not_specified
ev_a93c4271714dd3a7a10260bf8a605f96791d365b2481537b65af669f497d849c,,,"225 George St, Sydney, 2000",Chargestar,4,AC,22 kW,-33.86213918,151.2072993,"Sydney, Council of the City of",2000,Existing Destination Chargers,False,22.0,single_kw,Chargestar,Chargestar,False,ev_20251216.csv,False,False,False,,no_address_candidate,2000,PCODE,False,existing_retained,AC,not_specified
ev_7c97c12f43b17b065046b53313e342ee5ce49d1489d68e4380f28a69c4e5d5e0,,,"225 George St, Sydney, 2000",Saascharge,4,AC,22 kW,-33.86262867,151.2072362,"Sydney, Council of the City of",2000,Existing Destination Chargers,False,22.0,single_kw,Saascharge,Saascharge,False,ev_20251216.csv,False,False,False,,no_address_candidate,2000,PCODE,False,existing_retained,AC,not_specified
ev_5082f9a35c4393709a9b7a2713a0823751eb539c42cc421b35e72b6f98992fe5,,,"2260 Camden Valley Way, Sydney, 2170",JOLT,2,DC,25 kW,-33.95800605,150.8864635,Liverpool City Council,2170,Existing Fast Chargers,False,25.0,single_kw,JOLT,JOLT,False,ev_20251216.csv,False,True,True,,no_address_candidate,2170,PCODE,False,existing_retained,DC,not_specified
ev_627710ed0d58c31e28883a894eeaf517e4cbce73708ef099017f6abbef4576eb,,,"2260 Camden Valley Way, Sydney, 2170",JOLT,2,DC,25 kW,-33.9581552,150.8866296,Liverpool City Council,2170,Existing Fast Chargers,False,25.0,single_kw,JOLT,JOLT,False,ev_20251216.csv,False,True,True,,no_address_candidate,2170,PCODE,False,existing_retained,DC,not_specified
ev_07ccc8a34a245ce9bce74dc793e03d39cb24c8e300f8cb270d0416ed6db4a38e,,,"227 Railway Terrace, Schofields NSW 2762",Evie,4,DC,50 kW,-33.705677,150.876075,Blacktown City Council,2762,ARENA - Driving the Nation,False,50.0,single_kw,Evie,Evie,False,ev_20251216.csv,False,False,False,2762,matches_existing,2762,PCODE,False,existing_retained,DC,not_specified
ev_64f080b3aa82a5d314b0daf7bdee824d0b90b33e4f8b4d6719086b52643388da,,,"228-234 Pacific Hwy, Swansea NSW, 2281",Everty,2,DC,25 kW,-33.09176581,151.6374214,Lake Macquarie City Council,2281,Existing Fast Chargers,False,25.0,single_kw,Everty,Everty,False,ev_20251216.csv,False,False,False,2281,matches_existing,2281,PCODE,False,existing_retained,DC,not_specified
ev_5f878250d286e193cdd566958d913d3895196de5f04a498fef9ef678d79fa60f,,,"2285 Pacific Hwy, Heatherbrae, 2324",Tesla,12,DC,130 kW,-32.78729434,151.7283534,Port Stephens Council,2324,Existing Fast Chargers,False,130.0,single_kw,Tesla,Tesla,False,ev_20251216.csv,False,False,False,,no_address_candidate,2324,PCODE,False,existing_retained,DC,not_specified
ev_ec0d7eac36bb5c60d381eb07ea858f4b3cd666a9ad853bd4840a893706f88d64,,,"22A Clovelly Rd, Sydney, 2031",Exploren,1,AC,22 kW,-33.90363668,151.2426326,Randwick City Council,2031,Existing Destination Chargers,False,22.0,single_kw,Exploren,Exploren,False,ev_20251216.csv,False,False,False,,no_address_candidate,2031,PCODE,False,existing_retained,AC,not_specified
ev_02c4a7c1b465a461079f4e479c8b2fb550f0f7c96dd35bb6db1e98f491121f24,,,"23 Morwick St, Sydney, 2135",Exploren,1,AC,6 kW,-33.87470775,151.0949499,Burwood Council,2135,Existing Destination Chargers,False,6.0,single_kw,Exploren,Exploren,False,ev_20251216.csv,False,False,False,,no_address_candidate,2135,PCODE,False,existing_retained,AC,not_specified
ev_70bcf1a2fc4f7468acf33698b552de02b129a07851e3d964eacd3d58ad4f5e10,,,"23 Roma Ave, Sydney, 2033",Exploren,1,AC,22 kW,-33.91371376,151.2242913,Randwick City Council,2033,Existing Destination Chargers,False,22.0,single_kw,Exploren,Exploren,False,ev_20251216.csv,False,False,False,,no_address_candidate,2033,PCODE,False,existing_retained,AC,not_specified
ev_9058aebc325026425ac8298419c48a62b010ae9c9aef4c667ec3da5612f0c8c9,,,"230 Arden St, Sydney, 2034",JOLT,2,DC,50 kW,-33.92159464,151.2565566,Randwick City Council,2034,Existing Fast Chargers,False,50.0,single_kw,JOLT,JOLT,False,ev_20251216.csv,False,False,False,,no_address_candidate,2034,PCODE,False,existing_retained,DC,not_specified
ev_ff1a20716ea29c0b81eb9a893df01ffc2617c0672532e28d6919ca56735ed236,,,"23-25 Oxley St, Taree, 2430",Tesla,2,AC,22 kW,-31.90289194,152.4773714,Mid-Coast Council,2430,Existing Destination Chargers,False,22.0,single_kw,Tesla,Tesla,False,ev_20251216.csv,False,False,False,,no_address_candidate,2430,PCODE,False,existing_retained,AC,not_specified
ev_8132cc08da79f31bfd50f3ed7bc8a11b434e6e1d6608133052729a9a02743e81,,,"233 Wharf Rd, Newcastle, 2300",Chargefox,4,AC,22 kW,-32.92590895,151.778968,Newcastle City Council,2300,Existing Destination Chargers,False,22.0,single_kw,Chargefox,Chargefox,False,ev_20251216.csv,False,False,False,,no_address_candidate,2300,PCODE,False,existing_retained,AC,not_specified
ev_3c8a55f20b114f43b6c43a61786a95cd5c804df7ff525b79bae66162af87a142,,,"2352 George Bass Dr, Broulee, 2537",Tesla,1,AC,22 kW,-35.8426527,150.167026,Eurobodalla Shire Council,2537,Existing Destination Chargers,False,22.0,single_kw,Tesla,Tesla,False,ev_20251216.csv,False,False,False,,no_address_candidate,2537,PCODE,False,existing_retained,AC,not_specified
ev_31d2718ae48257ec8bc31a3250838473d2ba34507e4e69cb093520851961c177,,,"235-285 New South Head Rd, Sydney, 2027",Exploren,4,AC,6 kW,-33.87953158,151.2364865,Woollahra Municipal Council,2027,Existing Destination Chargers,False,6.0,single_kw,Exploren,Exploren,False,ev_20251216.csv,False,False,False,,no_address_candidate,2027,PCODE,False,existing_retained,AC,not_specified
ev_5f0a9c7f149dacf62be2998fd6544312f5ca91b9dda62452cfe0b68b294b5551,,,"2398 Pacific Hwy, Heatherbrae, 2324",BP,2,DC,75 kW,-32.78334139,151.7370591,Port Stephens Council,2324,Existing Fast Chargers,False,75.0,single_kw,BP,BP,False,ev_20251216.csv,False,False,False,,no_address_candidate,2324,PCODE,False,existing_retained,DC,not_specified
ev_ed32c0594e370de4f0b983f934e7df8e782cd2a7fa5eabef06f714d342a291b9,,,"23A Roylston Street, Sydney, 2021",Exploren,1,AC,22 kW,-33.88178283,151.2333283,Woollahra Municipal Council,2021,Existing Destination Chargers,False,22.0,single_kw,Exploren,Exploren,False,ev_20251216.csv,False,False,False,,no_address_candidate,2021,PCODE,False,existing_retained,AC,not_specified
ev_4c7cc8dd3b71579d91c636b09ad8fec0cbd4a70ad0a9f4dd4510befd7db75b85,,,"24 Cooper St, Macksville, 2447",Evie,4,DC,350 kW,-30.71023028,152.9197698,Nambucca Valley Council,2447,Existing Fast Chargers,False,350.0,single_kw,Evie,Evie,False,ev_20251216.csv,False,False,False,,no_address_candidate,2447,PCODE,False,existing_retained,DC,not_specified
ev_f1c0af356210961797da06f37dc323a1047cc98b6dcbb14d64b1772b8bbcb73b,,,"24 Golf Pl, Wollongong, 2502",Exploren,4,AC,22 kW,-34.50783388,150.8782412,Wollongong City Council,2502,Existing Destination Chargers,False,22.0,single_kw,Exploren,Exploren,False,ev_20251216.csv,False,False,False,,no_address_candidate,2502,PCODE,False,existing_retained,AC,not_specified
ev_e6961a3c88d0b63799c6bf3ceab25da995430e414637ba9209ac7e26b6a526c3,,,"24 Princes Hwy, Ulladulla, 2539",Tesla,2,AC,17 kW,-35.34620125,150.4702222,Shoalhaven City Council,2539,Existing Destination Chargers,False,17.0,single_kw,Tesla,Tesla,False,ev_20251216.csv,False,False,False,,no_address_candidate,2539,PCODE,False,existing_retained,AC,not_specified
ev_e8b5e82f875b629239ab3ec696bca73dd020e91650cf480754c014c8514a8d42,,,"24 Sallys Corner Rd, Exeter , 2579",Tesla,6,DC,250 kW,-34.60929234,150.2297688,Wingecarribee Shire Council,2579,Existing Fast Chargers,False,250.0,single_kw,Tesla,Tesla,False,ev_20251216.csv,False,False,False,,no_address_candidate,2579,PCODE,False,existing_retained,DC,not_specified
ev_6e3ce1c3de00db4c5efbe0241bdf4f85bb6ccb576fe6d3daa3c7ba73f6df5673,,,"240 Hillsborough Rd, Warners Bay NSW 2282",Evie,4,DC,150 kW,-32.96354505,151.6617414,Lake Macquarie City Council,2282,ARENA - Driving the Nation,False,150.0,single_kw,Evie,Evie,False,ev_20251216.csv,False,False,False,2282,matches_existing,2282,PCODE,False,existing_retained,DC,not_specified
ev_fad915679e2c0b80e152622a65ccfd16e3180e2292b636667c7d8915bded730b,,,"241 Keen St, Lismore, 2480",Tesla,2,AC,11 kW,-28.81323828,153.2754755,Lismore City Council,2480,Existing Destination Chargers,False,11.0,single_kw,Tesla,Tesla,False,ev_20251216.csv,False,False,False,,no_address_candidate,2480,PCODE,False,existing_retained,AC,not_specified
ev_c2ee69bff52ea9374e8c82501ff403d78bf62dec27261ac7ed851444f6465d9f,,,"241 Waterworth Dr, Mount Annan NSW 2567, Australia",Viva Energy Australia,4,DC,175 kW,-34.049425,150.7603383,Camden Council,2567,Fast Charging R2,False,175.0,single_kw,Viva Energy Australia,Viva Energy Australia,False,ev_20251216.csv,False,False,False,2567,matches_existing,2567,PCODE,False,existing_retained,DC,not_specified
ev_0b66342b75a68346ce22b8c4e7ad4800bd43447de7cb1df24ce304992ee450dc,,,"242 Arden St, Sydney, 2034",Tesla,2,AC,22 kW,-33.92219424,151.2558779,Randwick City Council,2034,Existing Destination Chargers,False,22.0,single_kw,Tesla,Tesla,False,ev_20251216.csv,False,False,False,,no_address_candidate,2034,PCODE,False,existing_retained,AC,not_specified
ev_7fe10eecb1437c52ccac212efc0dd45b3d0f2798a98e3f47d84fb3edacf3cf12,,,"24-28 Burns Bay Rd, Sydney, 2066",Exploren,4,AC,6 kW,-33.81524529,151.1691802,Lane Cove Municipal Council,2066,Existing Destination Chargers,False,6.0,single_kw,Exploren,Exploren,False,ev_20251216.csv,False,False,False,,no_address_candidate,2066,PCODE,False,existing_retained,AC,not_specified
ev_939bf922870b4f2c0638d39d7fcf238fc4a2cc72e88854980882bf45b0bf9ee1,,,"243 Liverpool St, Sydney, 2010",Saascharge,2,AC,11 kW,-33.87752357,151.2151131,"Sydney, Council of the City of",2010,Existing Destination Chargers,False,11.0,single_kw,Saascharge,Saascharge,False,ev_20251216.csv,False,False,False,,no_address_candidate,2010,PCODE,False,existing_retained,AC,not_specified
ev_692fa13ab82034a891fb291855fa9243fc6cacbd75babc2e65a762e90d046cb3,,,"24-42 King Georges Rd, Sydney, 2195",BP,2,DC,75 kW,-33.91960065,151.0668519,Canterbury Bankstown Council,2195,Existing Fast Chargers,False,75.0,single_kw,BP,BP,False,ev_20251216.csv,False,False,False,,no_address_candidate,2195,PCODE,False,existing_retained,DC,not_specified
ev_d4ec1b91e0ac757fcd6a3fe2ec3fcf6c675f9685c9a3b4cbdc8d3e8ae2264af3,,,"2457 Broke Rd, Pokolbin, 2320",Tesla,1,AC,22 kW,-32.7757598,151.3382833,Cessnock City Council,2320,Existing Destination Chargers,False,22.0,single_kw,Tesla,Tesla,False,ev_20251216.csv,False,False,False,,no_address_candidate,2320,PCODE,False,existing_retained,AC,not_specified
ev_5cca0f37ff7365974f4f6023b672928e78f6c06078a39d2ccd02eba17af2e518,,,"247 Belmore Rd, Riverwood NSW 2210",Evie,4,DC,75 kW,-33.952562,151.05103,Georges River Council,2210,ARENA - Driving the Nation,False,75.0,single_kw,Evie,Evie,False,ev_20251216.csv,False,False,False,2210,matches_existing,2210,PCODE,False,existing_retained,DC,not_specified
ev_d8323b64013a1f44ef0e0d7b00063e5e83718ed3368a48d5d58741a28764e9e2,,,"25 Ashburner St, Sydney, 2095",Exploren,1,AC,22 kW,-33.80041046,151.2888599,Northern Beaches Council,2095,Existing Destination Chargers,False,22.0,single_kw,Exploren,Exploren,False,ev_20251216.csv,False,False,False,,no_address_candidate,2095,PCODE,False,existing_retained,AC,not_specified
ev_f619130fee4f04476d27205fb2673631103836c40235561f91f7dd9ef084d741,,,"25 Childe St, Byron Bay , NSW 2481",EVX,2,AC,22 kW,-28.63430035,153.598952,Byron Shire Council,NSW 2481,Existing Destination Chargers,False,22.0,single_kw,EVX,EVX,False,ev_20251216.csv,False,False,False,2481,conflicts_with_existing,2481,PCODE,False,existing_format_standardized,AC,not_specified
ev_245d7ecb73e9de3d612b678cbc5e53df22092558806ca26330921ddf915e6d86,,,"25 Frenchs Forest Rd E, Frenchs Forest NSW 2086",Evie,4,DC,150 kW,-33.75133669,151.2434692,Northern Beaches Council,2086,ARENA - Driving the Nation,False,150.0,single_kw,Evie,Evie,False,ev_20251216.csv,False,False,False,2086,matches_existing,2086,PCODE,False,existing_retained,DC,not_specified
ev_0f287c7284d21a11f877dad1ae542215883974400c050cc5eab296c9cae7f278,,,"250 Comur St, Yass, 2582",Chargefox,4,DC,47 kW,-34.84551056,148.9151892,Yass Valley Council,2582,Existing Fast Chargers,False,47.0,single_kw,Chargefox,Chargefox,False,ev_20251216.csv,False,False,False,,no_address_candidate,2582,PCODE,False,existing_retained,DC,not_specified
ev_24813f98d107135833cf0f034cd5e1f72da052c34093cc638a2feef94e33c714,,,"250-318 Parramatta Rd, Sydney, 2140",Tesla,2,AC,22 kW,-33.86138443,151.0695506,Strathfield Municipal Council,2140,Existing Destination Chargers,False,22.0,single_kw,Tesla,Tesla,False,ev_20251216.csv,False,False,False,,no_address_candidate,2140,PCODE,False,existing_retained,AC,not_specified
ev_6fdd6960bcfd68f76e7de9aa171f5c9df4d5f7cdcebd21cef292a1b876270c40,,,"251 Edgecliff Rd
Woollahra NSW 2025
Australia",EVX,2,AC,22 kW,-33.8885736,151.2444096,Woollahra Municipal Council,2025,Kerbside Charging R1,False,22.0,single_kw,EVX,EVX,False,ev_20251216.csv,True,False,True,2025,matches_existing,2025,PCODE,False,existing_retained,AC,not_specified
ev_558a8ea89a9e11dec4f8bb4235a114a81ff85df561cb39d6a4079e69ef39f280,,,"252 Centennial Rd, Bowral, 2576",Tesla,4,AC,6 kW,-34.46303808,150.4014895,Wingecarribee Shire Council,2576,Existing Destination Chargers,False,6.0,single_kw,Tesla,Tesla,False,ev_20251216.csv,False,False,False,,no_address_candidate,2576,PCODE,False,existing_retained,AC,not_specified
ev_ae66468491cafa54e2f15edd06c201c95b3ac2c8e6759a28584900ba612ecab2,,,"253 Pacific Hwy, Coffs Harbour, 2450",Tesla,12,DC,130 kW,-30.28143948,153.1316667,Coffs Harbour City Council,2450,Existing Fast Chargers,False,130.0,single_kw,Tesla,Tesla,False,ev_20251216.csv,False,False,False,,no_address_candidate,2450,PCODE,False,existing_retained,DC,not_specified
ev_8829f26ef02d7c7033ac69ab5fae62cb200dcbc2bfc48fe6908c071103f2cc70,,,"25-47 Ocean St, Sydney, 2101",JOLT,2,DC,25 kW,-33.71943448,151.2986617,Northern Beaches Council,2101,Existing Fast Chargers,False,25.0,single_kw,JOLT,JOLT,False,ev_20251216.csv,False,False,False,,no_address_candidate,2101,PCODE,False,existing_retained,DC,not_specified
ev_7a67d71677dc24e91c84872732fde4cc20530c805aae6b2b5be04106eb3f5770,,,"259 Pitt St, Sydney, 2000",Tesla,4,AC,22 kW,-33.87196101,151.208024,"Sydney, Council of the City of",2000,Existing Destination Chargers,False,22.0,single_kw,Tesla,Tesla,False,ev_20251216.csv,False,False,False,,no_address_candidate,2000,PCODE,False,existing_retained,AC,not_specified
ev_a622f5bebf9f8e47788fcd9d447a0063553e0680a5bd85fbefb2ed11925c7f10,,,"26 Aspect Dr, Coffs Harbour, 2450",Tesla,4,DC,60 kW,-30.27522227,153.1319389,Coffs Harbour City Council,2450,Existing Fast Chargers,False,60.0,single_kw,Tesla,Tesla,False,ev_20251216.csv,False,False,False,,no_address_candidate,2450,PCODE,False,existing_retained,DC,not_specified
ev_a163a343b88ac14a7487c9a2b3f79a4bd365973c6ce4052654f1da68e97b1aa7,,,"26 Bent St, Sydney, 2137",Evie,2,DC,75 kW,-33.85437842,151.103997,"Canada Bay Council, City of",2137,Existing Fast Chargers,False,75.0,single_kw,Evie,Evie,False,ev_20251216.csv,False,False,False,,no_address_candidate,2137,PCODE,False,existing_retained,DC,not_specified
ev_9867e00742a07ac870361adfd69334d775ce64681c234f7e52bd7553964fb5b8,,,"26 Neilly St, Walgett, NSW 2832, Australia",NRMA,2,DC,75 kW,-28.8659158,153.0485564,Walgett Shire Council,2337,TfNSW Regional,False,75.0,single_kw,NRMA,NRMA,False,ev_20251216.csv,False,False,False,2832,conflicts_with_existing,,,True,value_conflict,DC,not_specified
ev_fdc6c9374fd1a6da8c8808f17fe4f18ba804389f304e84e9d08677053fcb7636,,,"26 Terry St, Sydney, 2041",EVX,2,AC,22 kW,-33.85783788,151.171049,Inner West Council,2041,Existing Destination Chargers,False,22.0,single_kw,EVX,EVX,False,ev_20251216.csv,False,False,False,,no_address_candidate,2041,PCODE,False,existing_retained,AC,not_specified
ev_8906eb5c32653eadf5a4343cb5f3ce0aa2485b15fca81a07388b88f64f80dafd,,,"26 William St, Newcastle, 2304",Tesla,3,AC,22 kW,-32.89182187,151.7444695,Newcastle City Council,2304,Existing Destination Chargers,False,22.0,single_kw,Tesla,Tesla,False,ev_20251216.csv,False,False,False,,no_address_candidate,2304,PCODE,False,existing_retained,AC,not_specified
ev_d71568f78ce9e7c94c10bda90672b5286488c59268bb1e80b3434bed0eb7fde2,,,"260 Craft Rd, Corrabare, 2325",Tesla,2,AC,6 kW,-32.9506577,151.177976,Cessnock City Council,2325,Existing Destination Chargers,False,6.0,single_kw,Tesla,Tesla,False,ev_20251216.csv,False,False,False,,no_address_candidate,2325,PCODE,False,existing_retained,AC,not_specified
ev_783787cf59dea4fbcbf17afea760eeb0bf5142b9a07c314abf3cbdbbff4db273,,,"260 Jersey Rd, Plumpton NSW 2761",Evie,4,DC,75 kW,-33.7459827,150.8357299,Blacktown City Council,2761,ARENA - Driving the Nation,False,75.0,single_kw,Evie,Evie,False,ev_20251216.csv,False,False,False,2761,matches_existing,2761,PCODE,False,existing_retained,DC,not_specified
ev_8488cd5fb77e82c931f863b4b4f560fc3086eec4cae8d9c8cfd37694f9b243b9,,,"260A Liverpool Rd, Ashfield NSW 2131",Evie,4,DC,50 kW,-33.889564,151.123599,Inner West Council,2131,ARENA - Driving the Nation,False,50.0,single_kw,Evie,Evie,False,ev_20251216.csv,False,False,False,2131,matches_existing,2131,PCODE,False,existing_retained,DC,not_specified
ev_6825c2f6afacb929fc8cff7d17259a458b64edda27b149aada69a8fc773b77c0,,,"26-30 Bayley St, Sydney, 2204",Exploren,2,AC,22 kW,-33.91201606,151.1427437,Inner West Council,2204,Existing Destination Chargers,False,22.0,single_kw,Exploren,Exploren,False,ev_20251216.csv,False,False,False,,no_address_candidate,2204,PCODE,False,existing_retained,AC,not_specified
ev_8fc0160bb8907e69393f76bfd86198723e93152f4d7ab517f4e5e1ec2495b228,,,"266 Cressy St, Deniliquin, 2710",Exploren,4,AC,6 kW,-35.53144649,144.9647688,Edward River Council,2710,Existing Destination Chargers,False,6.0,single_kw,Exploren,Exploren,False,ev_20251216.csv,False,False,False,,no_address_candidate,2710,PCODE,False,existing_retained,AC,not_specified
ev_8a492013ae5531548827bfd348a84347b4cf8d484f4861740dd6a4f92e0fb788,,,"27 Arthur St, Moss Vale, 2577",Tesla,1,AC,6 kW,-34.55413118,150.3718428,Wingecarribee Shire Council,2577,Existing Destination Chargers,False,6.0,single_kw,Tesla,Tesla,False,ev_20251216.csv,False,False,False,,no_address_candidate,2577,PCODE,False,existing_retained,AC,not_specified
ev_9bdd6e67a559ef3667ff8e99082efbf08c9559664ccc35f7f82c1ba883120c67,,,"27 Campbell Avenue, Sydney, 2021",Exploren,1,AC,22 kW,-33.88103508,151.2227978,Woollahra Municipal Council,2021,Existing Destination Chargers,False,22.0,single_kw,Exploren,Exploren,False,ev_20251216.csv,False,False,False,,no_address_candidate,2021,PCODE,False,existing_retained,AC,not_specified
ev_15c76616cac9dc952a89ebbb4720040b88ee77731981f13b8723b69f922db7fd,,,"27 Fitzroy St, Grafton, 2460",Tesla,2,AC,22 kW,-29.69422127,152.9378539,Clarence Valley Council,2460,Existing Destination Chargers,False,22.0,single_kw,Tesla,Tesla,False,ev_20251216.csv,False,False,False,,no_address_candidate,2460,PCODE,False,existing_retained,AC,not_specified
ev_953138ead387e392f1009939b7752d6ec8bb2a2d10abc9d66d1286b6189f5d54,,,"27 Munda St, Sydney, 2031",Chargefox,2,AC,6 kW,-33.93062467,151.2464695,Randwick City Council,2031,Existing Destination Chargers,False,6.0,single_kw,Chargefox,Chargefox,False,ev_20251216.csv,False,False,False,,no_address_candidate,2031,PCODE,False,existing_retained,AC,not_specified
ev_62dc5e228f07d3d6331a0715eefe34922207a2f30c0e64d0be5021047190ab4b,,,"27 Wyee Rd, Morisset, 2264",Exploren,2,AC,22 kW,-33.12330735,151.4779489,Lake Macquarie City Council,2264,Existing Destination Chargers,False,22.0,single_kw,Exploren,Exploren,False,ev_20251216.csv,False,False,False,,no_address_candidate,2264,PCODE,False,existing_retained,AC,not_specified
ev_3a408cf1e9ca5c81f7ad0e8de13725bb7b6354be9ec9f2346bc463ad8b44c904,,,"27-33 Oaks Ave, Dee Why NSW 2099",Evie,4,DC,150 kW,-33.75442135,151.2873331,Northern Beaches Council,2099,ARENA - Driving the Nation,False,150.0,single_kw,Evie,Evie,False,ev_20251216.csv,False,False,False,2099,matches_existing,2099,PCODE,False,existing_retained,DC,not_specified
ev_42309532d32345799fac1c3fe3cb10c79401046ec7de3701cd53807bff6c3d9a,,,"28 Albion Street, Sydney, 2010",Exploren,2,AC,6 kW,-33.88192097,151.2097618,"Sydney, Council of the City of",2010,Existing Destination Chargers,False,6.0,single_kw,Exploren,Exploren,False,ev_20251216.csv,False,False,False,,no_address_candidate,2010,PCODE,False,existing_retained,AC,not_specified
ev_d3448439265646ffef014a0dbe5af4556bde54af215b209462ed469e8bda8488,,,"28 Auburn Street, Moree, NSW 2400, Australia",NRMA,2,DC,50 kW,-35.3548636,145.725081,Moree Plains Shire Council,2716,TfNSW Regional,False,50.0,single_kw,NRMA,NRMA,False,ev_20251216.csv,False,False,False,2400,conflicts_with_existing,,,True,value_conflict,DC,not_specified
ev_55ee0fe6d8cf1feb719bc8ab0619271136c19556273f8f45d76527a18da913fc,,,"28 Blue Gum Rd, Newcastle, 2299",Tesla,1,AC,6 kW,-32.90296501,151.6898519,Newcastle City Council,2299,Existing Destination Chargers,False,6.0,single_kw,Tesla,Tesla,False,ev_20251216.csv,False,False,False,,no_address_candidate,2299,PCODE,False,existing_retained,AC,not_specified
ev_067307a4285c0091bdd248c44cc6a3e3022f044b9616e611db7e31b1f3f7d09a,,,"28 Lawson St, Byron Bay, 2481",EVUp,2,DC,100 kW,-28.64327432,153.6158749,Byron Shire Council,2481,Existing Fast Chargers,False,100.0,single_kw,EVUp,EVUp,False,ev_20251216.csv,False,False,False,,no_address_candidate,2481,PCODE,False,existing_retained,DC,not_specified
ev_40799c56cde8cd6338643692313f197e761ecf4fd4e78e72e9f940160fa63bf5,,,"28 Peppertree Dr, Pokolbin, 2320",Tesla,2,AC,3 kW,-32.73733038,151.3178178,Cessnock City Council,2320,Existing Destination Chargers,False,3.0,single_kw,Tesla,Tesla,False,ev_20251216.csv,False,False,False,,no_address_candidate,2320,PCODE,False,existing_retained,AC,not_specified
ev_28f78460b4b3a6130142adb63569d9795b1edd6d591632abcc4ced816450586a,,,"2-8 Turramurra Ave, Sydney, 2074",Evie,4,DC,75 kW,-33.7323514,151.1307097,Ku-ring-gai Council,2074,Existing Fast Chargers,False,75.0,single_kw,Evie,Evie,False,ev_20251216.csv,False,False,False,,no_address_candidate,2074,PCODE,False,existing_retained,DC,not_specified
ev_227ce414802c7ce65baa06c1378f4ca04b073f6ed1c30b91168d3061f600b70d,,,"28-32 Bowen St, Huskisson, 2540",Exploren,1,AC,22 kW,-35.04138043,150.6722723,Shoalhaven City Council,2540,Existing Destination Chargers,False,22.0,single_kw,Exploren,Exploren,False,ev_20251216.csv,False,False,False,,no_address_candidate,2540,PCODE,False,existing_retained,AC,not_specified
ev_fc1ccaa7d85c333d0bb510804578026734905a936feb0288e9378f06d6a6bcb5,,,"28-38 Powell St, Sydney, 2140",Chargefox,3,AC,22 kW,-33.86413018,151.0845375,Strathfield Municipal Council,2140,Existing Destination Chargers,False,22.0,single_kw,Chargefox,Chargefox,False,ev_20251216.csv,False,False,False,,no_address_candidate,2140,PCODE,False,existing_retained,AC,not_specified
ev_f6a1e98bc1cc8df6bcc3de94e85cbfa099d9bd86a30cc9cd4171be7b9f5bf809,,,"2848 Pacific Hwy, Tyndale NSW, 2464",Evie,4,DC,350 kW,-29.56122927,153.1492773,Clarence Valley Council,2464,Existing Fast Chargers,False,350.0,single_kw,Evie,Evie,False,ev_20251216.csv,False,False,False,2464,matches_existing,2464,PCODE,False,existing_retained,DC,not_specified
ev_4a921aee93735179e2b88ee1fd326c4a4f1c84c622066c45b72b36f86ffc35af,,,"286-288 New Line Rd, Sydney, 2158",Chargefox,2,AC,6 kW,-33.69570975,151.0314655,"Hornsby, The Council of the Shire of",2158,Existing Destination Chargers,False,6.0,single_kw,Chargefox,Chargefox,False,ev_20251216.csv,False,False,False,,no_address_candidate,2158,PCODE,False,existing_retained,AC,not_specified
ev_7fc8a3c2139ef3ba4b908b58c03116593491212bc15bcd3abc4774e945e8c6cc,,,"287 Mona Vale Rd, Sydney, 2084",Tesla,2,AC,22 kW,-33.68911516,151.223974,Northern Beaches Council,2084,Existing Destination Chargers,False,22.0,single_kw,Tesla,Tesla,False,ev_20251216.csv,False,False,False,,no_address_candidate,2084,PCODE,False,existing_retained,AC,not_specified
ev_8a2bedcbb47ee3df88d3dfb871afd48ad111790a24ec25ec3d69071affa8aa01,,,"29 Windsor Rd, Sydney, 2155",JOLT,2,DC,25 kW,-33.71252457,150.9583413,The Hills Shire Council,2155,Existing Fast Chargers,False,25.0,single_kw,JOLT,JOLT,False,ev_20251216.csv,False,False,False,,no_address_candidate,2155,PCODE,False,existing_retained,DC,not_specified
ev_7d2b5863509b0df958b5173ecf8fac458507273f1f4243c53016977d177b5c82,,,"290 Pacific Hwy, Newcastle, 2290",Tesla,2,AC,6 kW,-32.95694299,151.701021,Lake Macquarie City Council,2290,Existing Destination Chargers,False,6.0,single_kw,Tesla,Tesla,False,ev_20251216.csv,False,False,False,,no_address_candidate,2290,PCODE,False,existing_retained,AC,not_specified
ev_c7219c59d3fb4f6881f2dd3c56319f11fc68e607db399bce111654b42630d5de,,,"291 King St, Newcastle, 2300",ChargeHub,4,AC,22 kW,-32.92882087,151.76801,Newcastle City Council,2300,Existing Destination Chargers,False,22.0,single_kw,ChargeHub,ChargeHub,True,ev_20251216.csv,False,False,False,,no_address_candidate,2300,PCODE,False,existing_retained,AC,not_specified
ev_71e3c6013daae0a4a7f438cbb1c896c4467dddb2b7a39ff7adce614ddb0823c1,,,"293 Belmore Rd, Sydney, 2210",JOLT,2,DC,25 kW,-33.95077182,151.051971,Georges River Council,2210,Existing Fast Chargers,False,25.0,single_kw,JOLT,JOLT,False,ev_20251216.csv,False,False,False,,no_address_candidate,2210,PCODE,False,existing_retained,DC,not_specified
ev_37b5157ea5153add0ebf9703e9712ec28345b561edd3d2a8bd758233ad289a15,,,"29-55 Twynam St, Narrandera, 2700",NRMA,4,DC,180 kW,-34.74649754,146.5500761,Narrandera Shire Council,2700,Existing Fast Chargers,False,180.0,single_kw,NRMA,NRMA,False,ev_20251216.csv,False,True,True,,no_address_candidate,2700,PCODE,False,existing_retained,DC,not_specified
ev_fec3786fd162daf6c650bb038f72995c75a793ceed095b04a6f6435541821e68,,,"29-55 Twynam St, Narrandera, 2700",NRMA,2,DC,50 kW,-34.74651756,146.548011,Narrandera Shire Council,2700,Existing Fast Chargers,False,50.0,single_kw,NRMA,NRMA,False,ev_20251216.csv,False,True,True,,no_address_candidate,2700,PCODE,False,existing_retained,DC,not_specified
ev_1b60033689b5a9bb7619b668a07d437c7c0f16fc7ed507d93ed697561992b354,,,"298 Lake Canobolas Rd, Canobolas, 2800",Tesla,2,AC,22 kW,-33.30906011,149.0196507,Cabonne Council,2800,Existing Destination Chargers,False,22.0,single_kw,Tesla,Tesla,False,ev_20251216.csv,False,True,True,,no_address_candidate,2800,PCODE,False,existing_retained,AC,not_specified
ev_78a6329c163f2f28608f4d8c859ca58a1e6e3e684553600c8763987fcceae343,,,"298 Lake Canobolas Rd, Canobolas, 2800",Tesla,1,AC,22 kW,-33.31178183,149.0213594,Cabonne Council,2800,Existing Destination Chargers,False,22.0,single_kw,Tesla,Tesla,False,ev_20251216.csv,False,True,True,,no_address_candidate,2800,PCODE,False,existing_retained,AC,not_specified
ev_58f80009316380c0cbbab396d3e644addc2aeb193d9195d63fc47ec25dd40183,,,"2A Beach Rd, Batemans Bay, 2536",NRMA,2,DC,50 kW,-35.70851156,150.1753874,Eurobodalla Shire Council,2536,Existing Fast Chargers,False,50.0,single_kw,NRMA,NRMA,False,ev_20251216.csv,False,False,False,,no_address_candidate,2536,PCODE,False,existing_retained,DC,not_specified
ev_547d2911b9e602b2ce8c82949dd023d5f920ad08d6e7546e132d218d675790bf,,,"2A Richmond Rd, Sydney, 2029",Chargefox,2,AC,22 kW,-33.87162267,151.2681742,Woollahra Municipal Council,2029,Existing Destination Chargers,False,22.0,single_kw,Chargefox,Chargefox,False,ev_20251216.csv,False,False,False,,no_address_candidate,2029,PCODE,False,existing_retained,AC,not_specified
ev_89938e5bbed1617554335dc404a0ef69975dd0dda3dcff1cea97759e65fd699e,,,"2a Todman Ave, Sydney, 2033",Tesla,1,AC,22 kW,-33.90343748,151.2149479,"Sydney, Council of the City of",2033,Existing Destination Chargers,False,22.0,single_kw,Tesla,Tesla,False,ev_20251216.csv,False,False,False,,no_address_candidate,2033,PCODE,False,existing_retained,AC,not_specified
ev_0efc606423054e11fc48a36b773ac23a8fd0c94693cd4ed93a03c186c3ff6ab2,,Thynk Beresfield,"3 Bowden Way
Beresfield NSW 2322
Australia",Non-networked,3,AC,AC,-32.8026234,151.6332904,Newcastle City Council,2322,Destination Charging R2,False,,type_only,Non-networked,Non-networked,False,ev_20251216.csv,False,True,True,2322,matches_existing,2322,PCODE,False,existing_retained,AC,not_specified
ev_9bcb90f43d67ee9e988a609a2d405ef172628b1b8cf4ac692f398372fd97bc37,,,"3 Broomfield St, Cobar, NSW 2835, Australia",NRMA,2,DC,50 kW,-30.08825,145.9351051,Cobar Shire Council,2840,TfNSW Regional,False,50.0,single_kw,NRMA,NRMA,False,ev_20251216.csv,False,False,False,2835,conflicts_with_existing,,,True,value_conflict,DC,not_specified
ev_239221ead15bb298b79a7cf10bb143ea8e894a60b08f779d163456b9e981b8bf,,,"3 Brown St, Newtown, 2042",EVX,2,AC,22 kW,-33.89529534,151.1826136,"Sydney, Council of the City of",2042,Existing Destination Chargers,False,22.0,single_kw,EVX,EVX,False,ev_20251216.csv,False,False,False,,no_address_candidate,2042,PCODE,False,existing_retained,AC,not_specified
ev_e162eefa6249b5ebb60090de0a1fbf1f156626ed4ba9fa1d9f45d52d60be6b21,,,"3 Bungendore Rd, Queanbeyan NSW 2620",Evie,4,DC,75 kW,-35.34739722,149.2454031,Queanbeyan-Palerang Regional Council,2620,ARENA - Driving the Nation,False,75.0,single_kw,Evie,Evie,False,ev_20251216.csv,False,False,False,2620,matches_existing,2620,PCODE,False,existing_retained,DC,not_specified
ev_42ead3eec6e85cbd7034c725f89feccfc1f7369645d094b9912188394c0fec54,,,"3 Cavvanbah St, Byron Bay, 2481",Tesla,2,AC,6 kW,-28.63963868,153.6077117,Byron Shire Council,2481,Existing Destination Chargers,False,6.0,single_kw,Tesla,Tesla,False,ev_20251216.csv,False,False,False,,no_address_candidate,2481,PCODE,False,existing_retained,AC,not_specified
ev_d387f6214954adac69acbc839a1368845788b1a453c2c116988d4b5b2822b260,,,"3 Columbia Way, Sydney, 2153",Exploren,4,AC,22 kW,-33.73052857,150.9717377,The Hills Shire Council,2153,Existing Destination Chargers,False,22.0,single_kw,Exploren,Exploren,False,ev_20251216.csv,False,False,False,,no_address_candidate,2153,PCODE,False,existing_retained,AC,not_specified
ev_389629dbf64bd57c06e3d7c00018a83e8450d5d387dc6e6535ff7e550befb7c3,,,"3 Corkhill Pl, Bega, 2550",Chargefox,2,DC,42 kW,-36.6972593,149.8418629,Bega Valley Shire Council,2550,Existing Fast Chargers,False,42.0,single_kw,Chargefox,Chargefox,False,ev_20251216.csv,False,False,False,,no_address_candidate,2550,PCODE,False,existing_retained,DC,not_specified
ev_d062761cea2cc16492391395156623ca9a97f414bed5bc2e6a48203fb169e47b,,,"3 Fordham Way, Sydney, 2570",Exploren,4,AC,6 kW,-34.00018823,150.7388438,Camden Council,2570,Existing Destination Chargers,False,6.0,single_kw,Exploren,Exploren,False,ev_20251216.csv,False,False,False,,no_address_candidate,2570,PCODE,False,existing_retained,AC,not_specified
ev_01851615c3c5b390b5c07046597eefe4f0162f33e5514dc2ca91549e3aecc73b,,,"3 George St, North Strathfield NSW 2137",Evie,4,DC,75 kW,-33.86390159,151.0894518,Strathfield Municipal Council,2137,ARENA - Driving the Nation,False,75.0,single_kw,Evie,Evie,False,ev_20251216.csv,False,False,False,2137,matches_existing,2137,PCODE,False,existing_retained,DC,not_specified
ev_00f9bbe5f068372e903b9f833598af90adf4c0b51a1ad3ff78a0f82b3164a853,,,"3 Government Rd, Nelson Bay, 2315",Tesla,2,AC,6 kW,-32.72073778,152.142984,Port Stephens Council,2315,Existing Destination Chargers,False,6.0,single_kw,Tesla,Tesla,False,ev_20251216.csv,False,False,False,,no_address_candidate,2315,PCODE,False,existing_retained,AC,not_specified
ev_01ab0b1ad973b648ea35e05c13548af88a26c159c9f6f85efc59db912b884399,,,"3 Hilltop Cres
Fairlight NSW 2094
Australia",EVX,2,AC,22 kW,-33.79608413,151.2755946,Northern Beaches Council,2094,Kerbside Charging R1,False,22.0,single_kw,EVX,EVX,False,ev_20251216.csv,False,False,False,2094,matches_existing,2094,PCODE,False,existing_retained,AC,not_specified
ev_ae5abcb6237c61d4fb71f9578bd995f23cf82d2cc4dc2596b53193d14a38a1ce,,,"3 Leisure Dr, Tweed Heads, 2486",Evie,4,DC,75 kW,-28.21510115,153.5404384,Tweed Shire Council,2486,Existing Fast Chargers,False,75.0,single_kw,Evie,Evie,False,ev_20251216.csv,False,False,False,,no_address_candidate,2486,PCODE,False,existing_retained,DC,not_specified
ev_8e650d9eb34d76c427443462e0ab8a9033a2176c3df65995c4f035673b5ed831,,,"3 Lyttle St, Broulee, 2537",ChargePoint,4,AC,22 kW,-35.85678983,150.1748819,Eurobodalla Shire Council,2537,Existing Destination Chargers,False,22.0,single_kw,ChargePoint,ChargePoint,False,ev_20251216.csv,False,False,False,,no_address_candidate,2537,PCODE,False,existing_retained,AC,not_specified
ev_fc6a1bfe06a0d0c49a343294325653c06c56074a96a4db228df0e2eb9d378a36,,,"3 Margaret St, Sydney, 2135",Exploren,4,AC,6 kW,-33.87424829,151.0921151,Strathfield Municipal Council,2135,Existing Destination Chargers,False,6.0,single_kw,Exploren,Exploren,False,ev_20251216.csv,False,False,False,,no_address_candidate,2135,PCODE,False,existing_retained,AC,not_specified
ev_6b68c370001dbebd455742c988bd38ac3ce3aca9143bb65524a9564964caab77,,,"3 Midway Dr, Buronga, 2739",Chargefox,2,AC,22 kW,-34.17439844,142.1986757,Wentworth Shire Council,2739,Existing Destination Chargers,False,22.0,single_kw,Chargefox,Chargefox,False,ev_20251216.csv,False,False,False,,no_address_candidate,2739,PCODE,False,existing_retained,AC,not_specified
ev_80e8c9e58e76156688d203a57b48bd2b13848e5657c7ccdbe357af2ef20b20c4,,,"3 Paragon Ave, South West Rocks, 2431",EVX,2,AC,22 kW,-30.88547152,153.0394474,Kempsey Shire Council,2431,Existing Destination Chargers,False,22.0,single_kw,EVX,EVX,False,ev_20251216.csv,False,False,False,,no_address_candidate,2431,PCODE,False,existing_retained,AC,not_specified
ev_c39a96ae410c65701a8020f017aad00752c734e03b6fac9741038b3e989bcce0,,,"3 Thomas Holt Drive, Sydney, 2113",Exploren,4,AC,6 kW,-33.78744849,151.1287007,"Ryde, Council of the City of",2113,Existing Destination Chargers,False,6.0,single_kw,Exploren,Exploren,False,ev_20251216.csv,False,False,False,,no_address_candidate,2113,PCODE,False,existing_retained,AC,not_specified
ev_ec395f5b9a3b876550269d7dcea8ecfb4c4683c55a5baa023fb7a5642742ed16,,,"30 Dowling St, Sydney, 2096",JOLT,2,DC,25 kW,-33.77897702,151.2838899,Northern Beaches Council,2096,Existing Fast Chargers,False,25.0,single_kw,JOLT,JOLT,False,ev_20251216.csv,False,False,False,,no_address_candidate,2096,PCODE,False,existing_retained,DC,not_specified
ev_e8c1097e7cc9748a292c69a13af507987c506d2fe72329777b8b6150f5170f1d,,,"30 Staples St, Shoalhaven Heads, 2535",Tesla,2,AC,22 kW,-34.8501552,150.7478148,Shoalhaven City Council,2535,Existing Destination Chargers,False,22.0,single_kw,Tesla,Tesla,False,ev_20251216.csv,False,False,False,,no_address_candidate,2535,PCODE,False,existing_retained,AC,not_specified
ev_f4bbac3784fdf76314d93963e41a15e29d908be09a0ed53388cd50c6573d22b4,,,"302-312 Parramatta Rd, Sydney, 2134",JOLT,2,DC,25 kW,-33.86942247,151.108024,Burwood Council,2134,Existing Fast Chargers,False,25.0,single_kw,JOLT,JOLT,False,ev_20251216.csv,False,False,False,,no_address_candidate,2134,PCODE,False,existing_retained,DC,not_specified
ev_694f8b612c8bd04be58a8986b035f191defda72b4f97ff79cf8bf9050b84da8a,,,"303 Henry Parry Dr, Central Coast, 2250",Chargefox,2,DC,60 kW,-33.40941346,151.3507447,Central Coast Council,2250,Existing Fast Chargers,False,60.0,single_kw,Chargefox,Chargefox,False,ev_20251216.csv,False,False,False,,no_address_candidate,2250,PCODE,False,existing_retained,DC,not_specified
ev_4cb099c427d706116fd6be66de7e5761810680aef30641656be83d0b4143a859,,,"30-32 Beach St, Harrington, 2427",Chargefox,2,AC,22 kW,-31.87127832,152.68597,Mid-Coast Council,2427,Existing Destination Chargers,False,22.0,single_kw,Chargefox,Chargefox,False,ev_20251216.csv,False,False,False,,no_address_candidate,2427,PCODE,False,existing_retained,AC,not_specified
ev_0dd35d47dc11b9c61098f1caf8b792058537113a4806062372b8cc5bc7bfe5c6,,,"30-36 Camperdown St, Coffs Harbour, 2450",Tesla,2,AC,6 kW,-30.30610415,153.1372022,Coffs Harbour City Council,2450,Existing Destination Chargers,False,6.0,single_kw,Tesla,Tesla,False,ev_20251216.csv,False,False,False,,no_address_candidate,2450,PCODE,False,existing_retained,AC,not_specified
ev_b92182ca65c5fcaaf5d1e06fe45cb95828fecba3fc85fce079ea2555fb74a97f,,,"30-36 Sharp St, Cooma, 2630",Tesla,10,DC,250 kW,-36.23294099,149.1322903,Snowy Monaro Regional Council,2630,Existing Fast Chargers,False,250.0,single_kw,Tesla,Tesla,False,ev_20251216.csv,False,False,False,,no_address_candidate,2630,PCODE,False,existing_retained,DC,not_specified
ev_90f66ce373c4d4dc347adc1cf5f1c2b5f707f5392bbf671b7c417dec31b4c23d,,,"307 Lane Cove Rd, Sydney, 2113",Tesla,2,AC,6 kW,-33.78080685,151.1338108,"Ryde, Council of the City of",2113,Existing Destination Chargers,False,6.0,single_kw,Tesla,Tesla,False,ev_20251216.csv,False,False,False,,no_address_candidate,2113,PCODE,False,existing_retained,AC,not_specified
ev_9e46ae94fa2e9d4f409406380b70dda988e0fe5373390cd88f3ef8ea0647bab0,,,"30A Richland St, Sydney, 2208",Exploren,2,DC,120 kW,-33.93524029,151.0986717,Canterbury Bankstown Council,2208,Existing Fast Chargers,False,120.0,single_kw,Exploren,Exploren,False,ev_20251216.csv,False,False,False,,no_address_candidate,2208,PCODE,False,existing_retained,DC,not_specified
ev_d8e68d7cedd37e656f183f352ef19617515b04dc58f624e242fe263f6f4a2c45,,,"31 Berrara Rd, Berrara, 2540",Tesla,2,AC,22 kW,-35.20902507,150.548962,Shoalhaven City Council,2540,Existing Destination Chargers,False,22.0,single_kw,Tesla,Tesla,False,ev_20251216.csv,False,False,False,,no_address_candidate,2540,PCODE,False,existing_retained,AC,not_specified
ev_9c3bb35f944167d8d9fbdc15c75b5ab759667e0a9a3e69adcc57f189c064d2c6,,,"31 Marsh St, Armidale, 2350",Tesla,2,AC,22 kW,-30.50622327,151.6728749,Armidale Regional Council,2350,Existing Destination Chargers,False,22.0,single_kw,Tesla,Tesla,False,ev_20251216.csv,False,False,False,,no_address_candidate,2350,PCODE,False,existing_retained,AC,not_specified
ev_631bfb6df2faf8944f5ad90907ecc765c51cdf5d80d30690ff2e1c24693673fb,,,"31 Stonehaven Rd, Wollongong, 2508",Tesla,2,AC,22 kW,-34.22124629,150.9788669,Wollongong City Council,2508,Existing Destination Chargers,False,22.0,single_kw,Tesla,Tesla,False,ev_20251216.csv,False,False,False,,no_address_candidate,2508,PCODE,False,existing_retained,AC,not_specified
ev_33857bcffaafba8b05df6945ba75b1c0b0845ef45794604f3fa384f07356e49c,,,"31 Treacy St, Sydney, 2220",JOLT,2,DC,25 kW,-33.96786191,151.1060561,Georges River Council,2220,Existing Fast Chargers,False,25.0,single_kw,JOLT,JOLT,False,ev_20251216.csv,False,False,False,,no_address_candidate,2220,PCODE,False,existing_retained,DC,not_specified
ev_c4b5f511acf9429993dc61645a292d0daa915be56ceebe3fe3509fd0fdee505d,,,"311 Ophir Rd, Stewarts Mount, 2795",Tesla,2,AC,22 kW,-33.39229034,149.5176737,Bathurst Regional Council,2795,Existing Destination Chargers,False,22.0,single_kw,Tesla,Tesla,False,ev_20251216.csv,False,False,False,,no_address_candidate,2795,PCODE,False,existing_retained,AC,not_specified
ev_34b6019f2ad57b1fbb8cff9808c1e02e464297dc6b1fc0d411c5844891ffd7a6,,,"311-315 Marius St, Tamworth, 2340",Chargefox,2,AC,22 kW,-31.09871776,150.9394484,Tamworth Regional Council,2340,Existing Destination Chargers,False,22.0,single_kw,Chargefox,Chargefox,False,ev_20251216.csv,False,False,False,,no_address_candidate,2340,PCODE,False,existing_retained,AC,not_specified
ev_fff9a3eca5afaf760d7eaad91c36e545b5c8a7ee48484127cfb9d3d818501dbf,,,"312 Mount View Rd, Mount View, 2325",Tesla,1,AC,6 kW,-32.83088793,151.3208328,Cessnock City Council,2325,Existing Destination Chargers,False,6.0,single_kw,Tesla,Tesla,False,ev_20251216.csv,False,False,False,,no_address_candidate,2325,PCODE,False,existing_retained,AC,not_specified
ev_c0283c3aa6a47123f9f4309ba9ac595577d72e7a184f91976baad32f5dae58cf,,,"31-39 Macquarie St, Sydney, 2150",ChargePoint,2,AC,3 kW,-33.81436141,151.0006056,"Parramatta, Council of the City of",2150,Existing Destination Chargers,False,3.0,single_kw,ChargePoint,ChargePoint,False,ev_20251216.csv,False,False,False,,no_address_candidate,2150,PCODE,False,existing_retained,AC,not_specified
ev_3998d6c3fd03c5bf129e77450dc6e775c2e87a18238070b72da4156e4fdd23e0,,,"315 Church St, Sydney, 2142",ChargePoint,1,AC,3 kW,-33.82557462,151.0051061,"Parramatta, Council of the City of",2142,Existing Destination Chargers,False,3.0,single_kw,ChargePoint,ChargePoint,False,ev_20251216.csv,False,False,False,,no_address_candidate,2142,PCODE,False,existing_retained,AC,not_specified
ev_c1336194b69a2dd46d26500baaf1a99eb058fcfb8867a1bcf94b1ea95b728168,,,"315 The Entrance Rd, Central Coast, 2261",Tesla,1,AC,22 kW,-33.35246851,151.488968,Central Coast Council,2261,Existing Destination Chargers,False,22.0,single_kw,Tesla,Tesla,False,ev_20251216.csv,False,False,False,,no_address_candidate,2261,PCODE,False,existing_retained,AC,not_specified
ev_407dbb0e53878271bda79b0a8c3c8f5098732cb7ded32bc40bb41c5b9a5e3969,,,"316 Victoria Rd, Sydney, 2116",Exploren,2,DC,120 kW,-33.81024029,151.0342402,"Parramatta, Council of the City of",2116,Existing Fast Chargers,False,120.0,single_kw,Exploren,Exploren,False,ev_20251216.csv,False,False,False,,no_address_candidate,2116,PCODE,False,existing_retained,DC,not_specified
ev_f8d9d8d505af89a7e2464f508239fcd1ae5e832ee43883827fa2cc296c2b76ca,,,"3-19 Yurong St, Darlinghurst, 2010",EVX,2,AC,22 kW,-33.87494799,151.2141842,"Sydney, Council of the City of",2010,Existing Destination Chargers,False,22.0,single_kw,EVX,EVX,False,ev_20251216.csv,False,False,False,,no_address_candidate,2010,PCODE,False,existing_retained,AC,not_specified
ev_1cc6ef1a27be7b6f2f1ad8f9465b295316015d61213e4ec35de4b70adafe32ab,,,"32 Cricketers Arms Rd, Sydney, 2148",Tesla,1,AC,22 kW,-33.80629534,150.9029339,Blacktown City Council,2148,Existing Destination Chargers,False,22.0,single_kw,Tesla,Tesla,False,ev_20251216.csv,False,False,False,,no_address_candidate,2148,PCODE,False,existing_retained,AC,not_specified
ev_9380c7bc775bb0bf83780c6e8c8dabd7179e1a85391061fea8c7914ab894389f,,,"32 Military Rd, Sydney, 2026",EVX,2,AC,22 kW,-33.88556261,151.284044,Waverley Council,2026,Existing Destination Chargers,False,22.0,single_kw,EVX,EVX,False,ev_20251216.csv,False,False,False,,no_address_candidate,2026,PCODE,False,existing_retained,AC,not_specified
ev_c70c456210fbd6b27fcb1aad4968b351677393ef22667e250d68d88e80064e77,,,"32 Sydney St, Tarcutta, 2652",Evie,4,DC,350 kW,-35.2771512,147.7360881,Wagga Wagga City Council,2652,Existing Fast Chargers,False,350.0,single_kw,Evie,Evie,False,ev_20251216.csv,False,False,False,,no_address_candidate,2652,PCODE,False,existing_retained,DC,not_specified
ev_f15e3c83d0564da50fda29a44f850b9a51e4c15dd91df10a2e327dde7307a293,,,"320 Princes Hwy, Bomaderry, 2541",Chargefox,4,DC,47 kW,-34.84356861,150.5955365,Shoalhaven City Council,2541,Existing Fast Chargers,False,47.0,single_kw,Chargefox,Chargefox,False,ev_20251216.csv,False,False,False,,no_address_candidate,2541,PCODE,False,existing_retained,DC,not_specified
ev_bc2fc8665fc1a22bdba4f1629c545a67634b1916eeec036238dde138387ebec6,,,"322 Woodville Rd, Guildford NSW 2161",Evie,4,DC,50 kW,-33.8521028,150.9955836,Cumberland Council,2161,ARENA - Driving the Nation,False,50.0,single_kw,Evie,Evie,False,ev_20251216.csv,False,False,False,2161,matches_existing,2161,PCODE,False,existing_retained,DC,not_specified
ev_42e3f84b5b00e730fdef96b3a2053c8d23b947775539688675321a97376c9e80,,,"3241 Hume Hwy, Mount Adrah, 2729",Tesla,2,AC,22 kW,-35.19701206,147.821999,Cootamundra-gundagai Regional Council,2729,Existing Destination Chargers,False,22.0,single_kw,Tesla,Tesla,False,ev_20251216.csv,False,False,False,,no_address_candidate,2729,PCODE,False,existing_retained,AC,not_specified
ev_daaf7a17cbacef1e2df9f60223e39aed99ba35f7eda4351ada9d214551f5daa1,,,"328 Main Rd, Newcastle, 2285",BP,4,DC,150 kW,-32.93782987,151.6567367,Lake Macquarie City Council,2285,Existing Fast Chargers,False,150.0,single_kw,BP,BP,False,ev_20251216.csv,False,False,False,,no_address_candidate,2285,PCODE,False,existing_retained,DC,not_specified
ev_439ce53d585b5706fb426d97fe2a473e9fd9c5e2f67b5ef8614534ce0285a6df,,,"329 Tinja Ln, Eurunderee, 2850",Tesla,2,AC,22 kW,-32.53594099,149.5842162,Mid-Western Regional Council,2850,Existing Destination Chargers,False,22.0,single_kw,Tesla,Tesla,False,ev_20251216.csv,False,False,False,,no_address_candidate,2850,PCODE,False,existing_retained,AC,not_specified
ev_f4e59a0ead51a401165276074011a3de95abde4404780faae3dcccf868e01b07,,,"329-339 Princes Hwy, Sydney, 2044",BP,2,DC,75 kW,-33.91611516,151.1728939,Inner West Council,2044,Existing Fast Chargers,False,75.0,single_kw,BP,BP,False,ev_20251216.csv,False,False,False,,no_address_candidate,2044,PCODE,False,existing_retained,DC,not_specified
ev_5fb62789e475085cbe8a83849db95fc92d20458147d7c5e00a196e73d0f94ecb,,,"33 Cross St, Double Bay, 2028",Porsche Smart Mobility,2,AC,11 kW,-33.87601006,151.2432703,Woollahra Municipal Council,2028,Existing Destination Chargers,False,11.0,single_kw,Porsche Smart Mobility,Porsche Smart Mobility,True,ev_20251216.csv,False,False,False,,no_address_candidate,2028,PCODE,False,existing_retained,AC,not_specified
ev_ec83c4db1b6bbf7f8bdc411e2cb23f166062811f92dc0cc6e3c4027b5ff5fe2a,,,"33 Moate St, Newcastle, 2298",Chargefox,2,DC,60 kW,-32.90870375,151.7304655,Newcastle City Council,2298,Existing Fast Chargers,False,60.0,single_kw,Chargefox,Chargefox,False,ev_20251216.csv,False,False,False,,no_address_candidate,2298,PCODE,False,existing_retained,DC,not_specified
ev_80ccb5a6762a9016895fc2668a2a3c9cfe5f9cb166e7c5677ba52b42ef5b2661,,,"33 Smith St, Newcastle, 2290",Exploren,1,AC,22 kW,-32.96547552,151.6961712,Lake Macquarie City Council,2290,Existing Destination Chargers,False,22.0,single_kw,Exploren,Exploren,False,ev_20251216.csv,False,False,False,,no_address_candidate,2290,PCODE,False,existing_retained,AC,not_specified
ev_23c501a21b33d1bbc2d8b6e35ef182820e0b0ca569c7004bdabbefe91de6b106,,,"33 Smith Street, Sydney, 2036",Exploren,1,AC,22 kW,-33.94856361,151.2253223,Bayside Council,2036,Existing Destination Chargers,False,22.0,single_kw,Exploren,Exploren,False,ev_20251216.csv,False,False,False,,no_address_candidate,2036,PCODE,False,existing_retained,AC,not_specified
ev_0cab94963148e4da49cde49858087e32b998d2d378d298d1640df538bba5b057,,,"330 Pennant Hills Rd, Pennant Hills NSW 2120",Evie,2,DC,50 kW,-33.7366211,151.0743388,"Hornsby, The Council of the Shire of",2120,ARENA - Driving the Nation,False,50.0,single_kw,Evie,Evie,False,ev_20251216.csv,False,False,False,2120,matches_existing,2120,PCODE,False,existing_retained,DC,not_specified
ev_5bdc050d75bcbe2384bb0aaf2567ba0eaff463628d0054d179457a592f5ea25f,,,"336 Oakey Creek Rd, Pokolbin, 2320",Tesla,2,AC,6 kW,-32.80881186,151.3064164,Cessnock City Council,2320,Existing Destination Chargers,False,6.0,single_kw,Tesla,Tesla,False,ev_20251216.csv,False,False,False,,no_address_candidate,2320,PCODE,False,existing_retained,AC,not_specified
ev_ca9eb3449db5748435b48c96f0e179d6f5d212f3e71368b3e9408cb07dd0d079,,,"338 King St, Sydney, 2020",Tesla,2,AC,22 kW,-33.92847552,151.1862683,Bayside Council,2020,Existing Destination Chargers,False,22.0,single_kw,Tesla,Tesla,False,ev_20251216.csv,False,False,False,,no_address_candidate,2020,PCODE,False,existing_retained,AC,not_specified
ev_8923d142c7c4e62341d843d125f02bddddeb4e1babf573eb76762e8e7c6fc680,,,"339 Warialda St, Moree, 2400",Tesla,1,AC,8 kW,-29.47530335,149.8456396,Moree Plains Shire Council,2400,Existing Destination Chargers,False,8.0,single_kw,Tesla,Tesla,False,ev_20251216.csv,False,False,False,,no_address_candidate,2400,PCODE,False,existing_retained,AC,not_specified
ev_51cf10cf79ca60c9b87bde15364a49de21dc34352a6db25304b81d6163f3325c,,,"34 Annie Pyers Dr, Gundagai , 2722",Tesla,12,DC,130 kW,-35.00212117,148.1098549,Cootamundra-gundagai Regional Council,2722,Existing Fast Chargers,False,130.0,single_kw,Tesla,Tesla,False,ev_20251216.csv,False,False,False,,no_address_candidate,2722,PCODE,False,existing_retained,DC,not_specified
ev_c57b1e4d5c1f9afdbff462c529a1eea5e4cc8274484a27cf337e4bf53d59cab2,,,"34 Echo Point Rd, Katoomba, 2780",Everty,2,AC,22 kW,-33.73081186,150.3122212,Blue Mountains City Council,2780,Existing Destination Chargers,False,22.0,single_kw,Everty,Everty,False,ev_20251216.csv,False,False,False,,no_address_candidate,2780,PCODE,False,existing_retained,AC,not_specified
ev_d77951a57d00b955ceaf1f0a8c890c0adad23aba465f9a34556a388db0495b0c,,,"34 Isabel Dr, Murrumbateman, 2582",Tesla,2,AC,22 kW,-34.97784789,149.0079289,Yass Valley Council,2582,Existing Destination Chargers,False,22.0,single_kw,Tesla,Tesla,False,ev_20251216.csv,False,False,False,,no_address_candidate,2582,PCODE,False,existing_retained,AC,not_specified
ev_b3de842bbb170fec9dd7de5e6fb1395aa2963475c392b13412a145dd1e96de25,,,"34 Macpherson St, Sydney, 2024",Exploren,1,AC,22 kW,-33.90540245,151.257962,Waverley Council,2024,Existing Destination Chargers,False,22.0,single_kw,Exploren,Exploren,False,ev_20251216.csv,False,False,False,,no_address_candidate,2024,PCODE,False,existing_retained,AC,not_specified
ev_8de6b2a9419ec67c64b67c775473af31d79e31bdc6a73c49a3df7e15c6b76b06,,,"34 Morley Ave, Rosebery, 2018",EVX,2,AC,22 kW,-33.91598103,151.2031862,"Sydney, Council of the City of",2018,Existing Destination Chargers,False,22.0,single_kw,EVX,EVX,False,ev_20251216.csv,False,False,False,,no_address_candidate,2018,PCODE,False,existing_retained,AC,not_specified
ev_07face36b1fae6b2a608f28d6888f95edda0db704bdcbd892257f463396272e1,,,"342 Conadilly St, Gunnedah, 2380",Tesla,2,AC,17 kW,-30.98004809,150.2576597,Gunnedah Shire Council,2380,Existing Destination Chargers,False,17.0,single_kw,Tesla,Tesla,False,ev_20251216.csv,False,False,False,,no_address_candidate,2380,PCODE,False,existing_retained,AC,not_specified
ev_df342377a192371b2d4f7abdc52140d3d7e3cc72420f6cb6dee2a1dcbfb0432d,,,"342 Kanahooka Rd, Brownsville, NSW, 2530",Ampol,2,DC,125 kW,-34.4859664,150.8064594,Wollongong City Council,2530,ARENA - Driving the Nation,False,125.0,single_kw,Ampol,Ampol,False,ev_20251216.csv,False,False,False,2530,matches_existing,2530,PCODE,False,existing_retained,DC,not_specified
ev_9aa5b08fe652a3a4dd55510978791b7e065b86948d6402db66b45c8099bcf3ee,,,"345 Dangarsleigh Rd, Armidale, 2350",Tesla,1,AC,6 kW,-30.55532537,151.6826547,Armidale Regional Council,2350,Existing Destination Chargers,False,6.0,single_kw,Tesla,Tesla,False,ev_20251216.csv,False,False,False,,no_address_candidate,2350,PCODE,False,existing_retained,AC,not_specified
ev_c80a28f648a7e0c94938e79b147810ee123406cbfda3c945f1270908b3f50b4f,,,"345 Lawrence Hargrave Dr, Thirroul , NSW 2515",EVX,2,AC,22 kW,-34.31759264,150.9184815,Wollongong City Council,NSW 2515,Existing Destination Chargers,False,22.0,single_kw,EVX,EVX,False,ev_20251216.csv,False,False,False,2515,conflicts_with_existing,2515,PCODE,False,existing_format_standardized,AC,not_specified
ev_dc287a17896b1d0aadc7c90a31b21d08ae472a1b78dffd250418b67f0744ff0e,,,"345 Victoria Ave, Chatswood NSW 2067",Engie,2,DC,150 kW,-33.7945647,151.18613,Willoughby City Council,2067,ARENA - Driving the Nation,False,150.0,single_kw,Engie,Engie,False,ev_20251216.csv,False,False,False,2067,matches_existing,2067,PCODE,False,existing_retained,DC,not_specified
ev_535974aa2ff40f2025c9c45b295b86b32251648dece4e67f488e677b0a76a70f,,,"345 Victoria Ave, Sydney, 2067",Chargefox,2,AC,6 kW,-33.79456461,151.1861301,Willoughby City Council,2067,Existing Destination Chargers,False,6.0,single_kw,Chargefox,Chargefox,False,ev_20251216.csv,False,True,True,,no_address_candidate,2067,PCODE,False,existing_retained,AC,not_specified
ev_e35450a97b34519e66c79e2f48f6b43bf266753def1f170a0192674fb778e090,,,"345 Victoria Ave, Sydney, 2067",Chargefox,2,DC,150 kW,-33.79304309,151.1865576,Willoughby City Council,2067,Existing Fast Chargers,False,150.0,single_kw,Chargefox,Chargefox,False,ev_20251216.csv,False,True,True,,no_address_candidate,2067,PCODE,False,existing_retained,DC,not_specified
ev_69c4e959a1a2fd748f2c727b421f17b5179badb2fbafceb80eecc7553c621a93,,,"3483 Jerrys Plains Rd, Jerrys Plains, 2330",Tesla,12,DC,130 kW,-32.44806211,150.8316627,Muswellbrook Shire Council,2330,Existing Fast Chargers,False,130.0,single_kw,Tesla,Tesla,False,ev_20251216.csv,False,False,False,,no_address_candidate,2330,PCODE,False,existing_retained,DC,not_specified
ev_fb632cb98a53429e4319b7f26fadb0a1161a565e8f2f837239af7c05416febcc,,,"35 Perry St, Mudgee, 2850",ChargeHub,4,AC,22 kW,-32.59411016,149.5859209,Mid-Western Regional Council,2850,Existing Destination Chargers,False,22.0,single_kw,ChargeHub,ChargeHub,True,ev_20251216.csv,False,False,False,,no_address_candidate,2850,PCODE,False,existing_retained,AC,not_specified
ev_4238b7f9adfac59ad9c6c913288b277e69a4b6cfab0a01995240643eb05c2cf3,,,"3-5 Underwood Rd, Homebush NSW 2140",Engie,2,DC,150 kW,-33.8556219,151.0767955,Strathfield Municipal Council,2140,ARENA - Driving the Nation,False,150.0,single_kw,Engie,Engie,False,ev_20251216.csv,True,False,True,2140,matches_existing,2140,PCODE,False,existing_retained,DC,not_specified
ev_9bb64f4103c8765ae8f7dfcdb27f7086a19ab5c4b041ac48879a78b23145ad29,,,"3-5 Underwood Rd, Sydney, 2140",Chargefox,2,AC,22 kW,-33.85562167,151.0767968,Strathfield Municipal Council,2140,Existing Destination Chargers,False,22.0,single_kw,Chargefox,Chargefox,False,ev_20251216.csv,False,False,False,,no_address_candidate,2140,PCODE,False,existing_retained,AC,not_specified
ev_a8522a02e93d9a66724a52ae840508db702bee996708b283cbc114ae1da3f238,,,"35 Woodburn St, Evans Head, 2473",EVX,2,AC,22 kW,-29.11760465,153.4303974,Richmond Valley Council,2473,Existing Destination Chargers,False,22.0,single_kw,EVX,EVX,False,ev_20251216.csv,False,False,False,,no_address_candidate,2473,PCODE,False,existing_retained,AC,not_specified
ev_e3948a02cb1dab6e6cba2854863d60729948e78e2f10b89855f4d167cb9da99e,,,"350 Church St, Sydney, 2150",Tesla,4,AC,22 kW,-33.81027432,151.0055475,"Parramatta, Council of the City of",2150,Existing Destination Chargers,False,22.0,single_kw,Tesla,Tesla,False,ev_20251216.csv,False,False,False,,no_address_candidate,2150,PCODE,False,existing_retained,AC,not_specified
ev_a158356129011e5fe7cc648d0455d8aa9d6d84355b5df7885e5647bc67327ed9,,,"351 Oran Park Drive, Sydney, 2570",Exploren,20,AC,22 kW,-34.00046151,150.7405926,Camden Council,2570,Existing Destination Chargers,False,22.0,single_kw,Exploren,Exploren,False,ev_20251216.csv,False,False,False,,no_address_candidate,2570,PCODE,False,existing_retained,AC,not_specified
ev_43347a06fc3f0965f1234b2778c18ed3b3f09bd262658f2ecffe822c6beed704,,,"35-39 Lord St, Port Macquarie, 2444",Chargefox,4,AC,22 kW,-31.43441846,152.9171882,Port Macquarie-Hastings Council,2444,Existing Destination Chargers,False,22.0,single_kw,Chargefox,Chargefox,False,ev_20251216.csv,False,False,False,,no_address_candidate,2444,PCODE,False,existing_retained,AC,not_specified
ev_bafd74e9b59cff35fb023b3979fba1c84daa04be83814fd41a2228808ef453d2,,,"36 Blue St, Sydney, 2060",Chargefox,3,AC,22 kW,-33.84031436,151.207023,"North Sydney, Council of the City of Council",2060,Existing Destination Chargers,False,22.0,single_kw,Chargefox,Chargefox,False,ev_20251216.csv,False,False,False,,no_address_candidate,2060,PCODE,False,existing_retained,AC,not_specified
ev_4fd4470907a3e83fc875296fad5ea10190c548128e1d517d2fc5a5af659f46ed,,,"36 Blue St, Sydney, 2060",Tesla,3,AC,22 kW,-33.84084389,151.2072583,"North Sydney, Council of the City of Council",2060,Existing Destination Chargers,False,22.0,single_kw,Tesla,Tesla,False,ev_20251216.csv,False,False,False,,no_address_candidate,2060,PCODE,False,existing_retained,AC,not_specified
ev_8d5a0fa36b6fd524703c54bf0c3de47217ae65881bbaabb75a79f556d28b77b9,,,"36 College St, Sydney, 2010",Tesla,2,AC,6 kW,-33.87597502,151.2126787,"Sydney, Council of the City of",2010,Existing Destination Chargers,False,6.0,single_kw,Tesla,Tesla,False,ev_20251216.csv,False,False,False,,no_address_candidate,2010,PCODE,False,existing_retained,AC,not_specified
ev_12ef35de3f9b1b694227d7bd74e1ff9f08e5f71f42d14d11c572b74c34e094ac,,,"361 Milperra Rd, Sydney, 2200",Chargefox,6,AC,22 kW,-33.92839244,150.9902803,Canterbury Bankstown Council,2200,Existing Destination Chargers,False,22.0,single_kw,Chargefox,Chargefox,False,ev_20251216.csv,False,False,False,,no_address_candidate,2200,PCODE,False,existing_retained,AC,not_specified
ev_c6f1f191c2d4209fd8f305827d6a58ee1a8ec1131a507523d933fb5745a8a01a,,,"361A Bobbin Head Rd, Sydney, 2074",Exploren,2,AC,22 kW,-33.70250355,151.1487277,Ku-ring-gai Council,2074,Existing Destination Chargers,False,22.0,single_kw,Exploren,Exploren,False,ev_20251216.csv,False,False,False,,no_address_candidate,2074,PCODE,False,existing_retained,AC,not_specified
ev_a1e7a83b76f04ad43cf275b625a043cc5cb5b3628f6319bef9aceb3a8b2bb1bd,,,"368 Anzac Pde, Sydney, 2032",BP,2,DC,75 kW,-33.91983588,151.226974,Randwick City Council,2032,Existing Fast Chargers,False,75.0,single_kw,BP,BP,False,ev_20251216.csv,False,False,False,,no_address_candidate,2032,PCODE,False,existing_retained,DC,not_specified
ev_62252341d06e9055c34d6652204c371b9c9c93e1e7f0c5708d76db194378c010,,,"37 Nabiac St, Nabiac, 2312",NRMA,2,DC,50 kW,-32.09907112,152.3815746,Mid-Coast Council,2312,Existing Fast Chargers,False,50.0,single_kw,NRMA,NRMA,False,ev_20251216.csv,False,False,False,,no_address_candidate,2312,PCODE,False,existing_retained,DC,not_specified
ev_8948228faa4238e031ef856173774e976f38c4b8f0552488d00b3d91460ffc99,,,"37-39 Baird Ave, Sydney, 2036",Chargefox,2,AC,22 kW,-33.95798203,151.2301031,Randwick City Council,2036,Existing Destination Chargers,False,22.0,single_kw,Chargefox,Chargefox,False,ev_20251216.csv,False,False,False,,no_address_candidate,2036,PCODE,False,existing_retained,AC,not_specified
ev_d1b7765a24f63e8d3b467cfb9053ced62cfc693badc515cb9b2600c07a8925e4,,,"37-39 O'Donnell St, Sydney, 2026",Exploren,1,AC,22 kW,-33.8841562,151.2819439,Waverley Council,2026,Existing Destination Chargers,False,22.0,single_kw,Exploren,Exploren,False,ev_20251216.csv,False,False,False,,no_address_candidate,2026,PCODE,False,existing_retained,AC,not_specified
ev_02305a17dc2e58be8e1fc61339f2da03aaff75d2b52eb205840521ba78012ccb,,,"375-383 Windsor Rd, Sydney, 2153",Tesla,1,AC,22 kW,-33.75896601,150.9915866,The Hills Shire Council,2153,Existing Destination Chargers,False,22.0,single_kw,Tesla,Tesla,False,ev_20251216.csv,False,True,True,,no_address_candidate,2153,PCODE,False,existing_retained,AC,not_specified
ev_24299388d414a72a01f646b091a52aa07cb4e6807d4f46bbd463344511989159,,,"375-383 Windsor Rd, Sydney, 2153",Tesla,4,DC,250 kW,-33.75869074,150.9914705,The Hills Shire Council,2153,Existing Fast Chargers,False,250.0,single_kw,Tesla,Tesla,False,ev_20251216.csv,False,True,True,,no_address_candidate,2153,PCODE,False,existing_retained,DC,not_specified
ev_7e865d63b303d5b24e0e694ef9b26390e4f11e82b74edf707f224c3876e4926e,,,"38 Abbott Rd, Seven Hills NSW 2147",Ampol,2,DC,125 kW,-33.7668115,150.9549656,Blacktown City Council,2147,ARENA - Driving the Nation,False,125.0,single_kw,Ampol,Ampol,False,ev_20251216.csv,False,False,False,2147,matches_existing,2147,PCODE,False,existing_retained,DC,not_specified
ev_14b59d3c66e7c5634a353fe9dbb36947ec5c4ec34e5cd850a8d8e2cbcacd8d39,,,"38 Flora St, Sydney, 2232",Chargefox,4,DC,47 kW,-34.03434039,151.0726517,Sutherland Shire Council,2232,Existing Fast Chargers,False,47.0,single_kw,Chargefox,Chargefox,False,ev_20251216.csv,False,False,False,,no_address_candidate,2232,PCODE,False,existing_retained,DC,not_specified
ev_eb3d38aa710f58a234699d33dc38c3ae580647d5cf81bba3f79a2cebd4c1e7d0,,,"38 Swift St, Holbrook, 2644",Tesla,9,DC,250 kW,-35.72254759,147.3175105,Greater Hume Shire Council,2644,Existing Fast Chargers,False,250.0,single_kw,Tesla,Tesla,False,ev_20251216.csv,False,False,False,,no_address_candidate,2644,PCODE,False,existing_retained,DC,not_specified
ev_e5504869036355295992ce1aa44c586b9b7b3217e93720190e9fdabf726e8a3c,,,"387 Lake Rd, Newcastle, 2285",Tesla,2,AC,22 kW,-32.93174479,151.6396707,Lake Macquarie City Council,2285,Existing Destination Chargers,False,22.0,single_kw,Tesla,Tesla,False,ev_20251216.csv,False,False,False,,no_address_candidate,2285,PCODE,False,existing_retained,AC,not_specified
ev_903be96c8bedcbb810677ccae76ee32108fcc01e93876ab1694926718fd16a5a,,,"387 Lake Road, Newcastle, 2285",Chargefox,1,AC,6 kW,-32.9355556,151.6443664,Lake Macquarie City Council,2285,Existing Destination Chargers,False,6.0,single_kw,Chargefox,Chargefox,False,ev_20251216.csv,False,False,False,,no_address_candidate,2285,PCODE,False,existing_retained,AC,not_specified
ev_0fbd38e19ce0b6ebcec4982463ab1a5d36dbad23a8e32e56a3d3a8d0b777c146,,,"388 Edgecliff Rd, Sydney, 2025",Exploren,1,AC,22 kW,-33.88320925,151.2420531,Woollahra Municipal Council,2025,Existing Destination Chargers,False,22.0,single_kw,Exploren,Exploren,False,ev_20251216.csv,False,False,False,,no_address_candidate,2025,PCODE,False,existing_retained,AC,not_specified
ev_8fb548b90365ab4c48e4fbb3b3a63b448ea7e1035536e69fa74b770facf24b4d,,,"389 Pitt Street, Sydney, 2000",Exploren,2,AC,6 kW,-33.87696501,151.2074955,"Sydney, Council of the City of",2000,Existing Destination Chargers,False,6.0,single_kw,Exploren,Exploren,False,ev_20251216.csv,False,False,False,,no_address_candidate,2000,PCODE,False,existing_retained,AC,not_specified
ev_53803c800713d44d1b262835e486885287622b426d57e59d9f1a0d7cecba1de3,,,"39 Clarence St, Tabulam, 2469",Exploren,2,AC,22 kW,-28.89041046,152.5665976,Kyogle Council,2469,Existing Destination Chargers,False,22.0,single_kw,Exploren,Exploren,False,ev_20251216.csv,False,False,False,,no_address_candidate,2469,PCODE,False,existing_retained,AC,not_specified
ev_27bbf28f264838d0bee355e3c013b0167365264520a8a35c5c46813164da3fc2,,,"39 East Espl, Sydney, 2095",Gentari,1,AC,11 kW,-33.79983388,151.286,Northern Beaches Council,2095,Existing Destination Chargers,False,11.0,single_kw,Gentari,Gentari,False,ev_20251216.csv,False,False,False,,no_address_candidate,2095,PCODE,False,existing_retained,AC,not_specified
ev_0cfadc5cb671ba12fe201229a2b2c93501ff61175f073e1bfd34048914208f4d,,,"39 Seignior St, Junee, 2663",Tesla,2,AC,22 kW,-34.87101406,147.5825415,Junee Shire Council,2663,Existing Destination Chargers,False,22.0,single_kw,Tesla,Tesla,False,ev_20251216.csv,False,False,False,,no_address_candidate,2663,PCODE,False,existing_retained,AC,not_specified
ev_53414a1b7f389bf83c39b9a9d022027c61b89f22c8e68e37d468a398d71c118d,,,"3A Cowell St, Sydney, 2111",Evie,2,DC,75 kW,-33.83281286,151.1277918,"Hunters Hill, The Council of the Municipality of",2111,Existing Fast Chargers,False,75.0,single_kw,Evie,Evie,False,ev_20251216.csv,False,False,False,,no_address_candidate,2111,PCODE,False,existing_retained,DC,not_specified
ev_1569d1378d9442783596baf89533d8c5768b0f2b904b15480ce25e8d6c14a334,,,"4 Defries Ave, Sydney, 2017",Tesla,3,AC,22 kW,-33.90483888,151.212997,"Sydney, Council of the City of",2017,Existing Destination Chargers,False,22.0,single_kw,Tesla,Tesla,False,ev_20251216.csv,False,False,False,,no_address_candidate,2017,PCODE,False,existing_retained,AC,not_specified
ev_784c1170ac493ecca2d6c855503dcc79a569226065e28503f748f084b9d9cfc7,,,"4 Defries Ave, Sydney, 2017",Ampol,6,DC,150 kW,-33.90556061,151.2126807,"Sydney, Council of the City of",2017,Existing Fast Chargers,False,150.0,single_kw,Ampol,Ampol,False,ev_20251216.csv,False,False,False,,no_address_candidate,2017,PCODE,False,existing_retained,DC,not_specified
ev_24ea1bfd5d55a2140906db39ef2a8a4c619085900a1d43d76daebe9bdb0ca64b,,,"4 Finch Dr, Sydney, 2036",Chargefox,1,AC,22 kW,-33.93998603,151.2254314,Bayside Council,2036,Existing Destination Chargers,False,22.0,single_kw,Chargefox,Chargefox,False,ev_20251216.csv,False,False,False,,no_address_candidate,2036,PCODE,False,existing_retained,AC,not_specified
ev_a6f81b33ba898c7c769ea70ec19ce406f47d9cad57d8c4bb3dd13a8fc318a9e8,,,"4 Harris St, Newcastle, 2287",Chargefox,2,AC,22 kW,-32.90017122,151.6694595,Newcastle City Council,2287,Existing Destination Chargers,False,22.0,single_kw,Chargefox,Chargefox,False,ev_20251216.csv,False,False,False,,no_address_candidate,2287,PCODE,False,existing_retained,AC,not_specified
ev_306a4effabb124a7fe94b77fc5b149772ca8721450b440d2b68192f200a23309,,,"4 Pinaroo Place, Sydney, 2066",Exploren,1,AC,22 kW,-33.80568773,151.156033,Lane Cove Municipal Council,2066,Existing Destination Chargers,False,22.0,single_kw,Exploren,Exploren,False,ev_20251216.csv,False,False,False,,no_address_candidate,2066,PCODE,False,existing_retained,AC,not_specified
ev_bb8a761b018f78e77d7abb22b1072af7dea4715c99ddd2619b0177c184a735e7,,,"4 Tindall St, Sydney, 2560",Evie,4,DC,150 kW,-34.07206311,150.8051261,Campbelltown City Council,2560,Existing Fast Chargers,False,150.0,single_kw,Evie,Evie,False,ev_20251216.csv,False,False,False,,no_address_candidate,2560,PCODE,False,existing_retained,DC,not_specified
ev_9f4ee79f435a51f433b33dbe47052dccaf229f0a60ad5af7c79011fa583943fe,,,"40 Blackbutts Rd, Sydney, 2086",Exploren,1,AC,22 kW,-33.74183088,151.2137838,Northern Beaches Council,2086,Existing Destination Chargers,False,22.0,single_kw,Exploren,Exploren,False,ev_20251216.csv,False,False,False,,no_address_candidate,2086,PCODE,False,existing_retained,AC,not_specified
ev_c961ec933e86e0a2e62bb297e0734bcbfcf7596d3f2e4de838b901cf93c0ae7c,,,"40 Gouldsbury St, Sydney, 2088",Evie,2,DC,75 kW,-33.82807512,151.2434454,Mosman Municipal Council,2088,Existing Fast Chargers,False,75.0,single_kw,Evie,Evie,False,ev_20251216.csv,False,False,False,,no_address_candidate,2088,PCODE,False,existing_retained,DC,not_specified
ev_fbe26a297b20c784ac37cc0223cba97d45d7e12f42d819114f38c3ea1d5c5707,,,"40 Jersey Rd, Sydney, 2770",Chargefox,2,DC,160 kW,-33.74376581,150.809028,Blacktown City Council,2770,Existing Fast Chargers,False,160.0,single_kw,Chargefox,Chargefox,False,ev_20251216.csv,False,False,False,,no_address_candidate,2770,PCODE,False,existing_retained,DC,not_specified
ev_743739afcddf7c6f5b7f681a9fc007fc74714aa1e4ab9aacea94641a4fbe1d90,,,"40 Kingsway, Sydney, 2099",Tesla,1,AC,22 kW,-33.75031336,151.2863123,Northern Beaches Council,2099,Existing Destination Chargers,False,22.0,single_kw,Tesla,Tesla,False,ev_20251216.csv,False,False,False,,no_address_candidate,2099,PCODE,False,existing_retained,AC,not_specified
ev_6c741b27ff57b255ae738d1c14bf1f294011639f798b60f44d924400d22b953d,,,"40 Langlee Ave, Sydney, 2024",Saascharge,5,AC,22 kW,-33.89782187,151.2588849,Waverley Council,2024,Existing Destination Chargers,False,22.0,single_kw,Saascharge,Saascharge,False,ev_20251216.csv,False,False,False,,no_address_candidate,2024,PCODE,False,existing_retained,AC,not_specified
ev_8a03326548ca1add13f3e41d91b52ebcdf074035d1565a1685e9566b606481e4,,,"40 Oxley Street, Sydney, 2570",Exploren,2,AC,22 kW,-34.05424729,150.6946687,Camden Council,2570,Existing Destination Chargers,False,22.0,single_kw,Exploren,Exploren,False,ev_20251216.csv,False,False,False,,no_address_candidate,2570,PCODE,False,existing_retained,AC,not_specified
ev_e7900278d156ee9804dc660da2417ee1c0976999aad45899439dc2bfeec46a56,,,"40 Panmure St, Sydney, 2155",JOLT,2,DC,25 kW,-33.68328033,150.9165856,The Hills Shire Council,2155,Existing Fast Chargers,False,25.0,single_kw,JOLT,JOLT,False,ev_20251216.csv,False,False,False,,no_address_candidate,2155,PCODE,False,existing_retained,DC,not_specified
ev_03bae2c1e0a64d9b8360beef87858d8cf1fa700153adbc49c3ec40fb973f41a0,,,"40 Wharf Rd, Newcastle, 2300",Chargefox,8,AC,6 kW,-32.92472277,151.7883063,Newcastle City Council,2300,Existing Destination Chargers,False,6.0,single_kw,Chargefox,Chargefox,False,ev_20251216.csv,False,False,False,,no_address_candidate,2300,PCODE,False,existing_retained,AC,not_specified
ev_2d41280bae09dc1db6f3e734af3eb274ddf8a9b76335cbd49a71c8b81de2e6e6,,,"40 William St, Port Macquarie, 2444",Tesla,2,AC,6 kW,-31.43106011,152.9190691,Port Macquarie-Hastings Council,2444,Existing Destination Chargers,False,6.0,single_kw,Tesla,Tesla,False,ev_20251216.csv,False,False,False,,no_address_candidate,2444,PCODE,False,existing_retained,AC,not_specified
ev_1f385fa7ff8f53bec80c1e007f992001ec7f366bfa379d271bd1e2fc7268a22a,,,"400 Panorama Ave, Bathurst, 2795",Exploren,2,AC,20 kW,-33.44007412,149.562035,Bathurst Regional Council,2795,Existing Destination Chargers,False,20.0,single_kw,Exploren,Exploren,False,ev_20251216.csv,False,False,False,,no_address_candidate,2795,PCODE,False,existing_retained,AC,not_specified
ev_4a383067afe34e376d30cb0e5cd3efabbaa695352f0afd23a11af87bf6b460d4,,,"401 Cabramatta Rd W, Cabramatta NSW 2166",Evie,4,DC,50 kW,-33.898778,150.919791,Fairfield City Council,2166,ARENA - Driving the Nation,False,50.0,single_kw,Evie,Evie,False,ev_20251216.csv,False,False,False,2166,matches_existing,2166,PCODE,False,existing_retained,DC,not_specified
ev_3863cf23b068eb2f9adbcf31e9394a4da6f4fda54f3cf4f49e31d8dfef075a98,,,"403 Tarean Rd, Karuah, 2324",Chargefox,6,DC,185 kW,-32.6538509,151.9625806,Port Stephens Council,2324,Existing Fast Chargers,False,185.0,single_kw,Chargefox,Chargefox,False,ev_20251216.csv,False,False,False,,no_address_candidate,2324,PCODE,False,existing_retained,DC,not_specified
ev_234ff3668c0a897f2bbb0022a0135cf1fc425b8492871ec633d8a3ec5153af17,,,"405 Pacific Hwy, Sydney, 2064",Chargefox,2,DC,50 kW,-33.81391396,151.1777027,Willoughby City Council,2064,Existing Fast Chargers,False,50.0,single_kw,Chargefox,Chargefox,False,ev_20251216.csv,False,False,False,,no_address_candidate,2064,PCODE,False,existing_retained,DC,not_specified
ev_d0c137fe4360eb77631a371cb4e0f50d21221728b8e20fc62c6f28ab2ab92f2a,,Hay Shire Council,"406 Moppett St
Hay NSW 2711
Australia",Exploren,4,AC,AC,-34.5089561,144.8428431,Hay Shire Council,2711,Destination Charging R1,False,,type_only,Exploren,Exploren,False,ev_20251216.csv,True,False,True,2711,matches_existing,2711,PCODE,False,existing_retained,AC,not_specified
ev_8434f097dc829e2766feb3e46b61eaa7d6358e0d3ffca3b9d8dcfe0916c4aad6,,,"41 Bruxner Hwy, Ballina, 2478",BP,2,DC,75 kW,-28.86161666,153.5169069,Ballina Shire Council,2478,Existing Fast Chargers,False,75.0,single_kw,BP,BP,False,ev_20251216.csv,False,False,False,,no_address_candidate,2478,PCODE,False,existing_retained,DC,not_specified
ev_642316b4ad1f598592b1ed9883e1471e40a891e263cd963f9f81ec985ac224fe,,,"41 Endeavour Ave, La Perouse, 2036",Chargefox,2,AC,22 kW,-33.98706911,151.2321672,Randwick City Council,2036,Existing Destination Chargers,False,22.0,single_kw,Chargefox,Chargefox,False,ev_20251216.csv,False,False,False,,no_address_candidate,2036,PCODE,False,existing_retained,AC,not_specified
ev_2c8bab2a725b2ba3e1ba1388115d2710c2c56530072ae46977083829c507f9f2,,,"41 Violet St, Katoomba, 2780",Exploren,4,AC,22 kW,-33.72801306,150.3007918,Blue Mountains City Council,2780,Existing Destination Chargers,False,22.0,single_kw,Exploren,Exploren,False,ev_20251216.csv,False,False,False,,no_address_candidate,2780,PCODE,False,existing_retained,AC,not_specified
ev_3357c1cafdfbb2014598e865bba4ce113d82ea77348eefde038c29a957ab4a95,,,"41 Yambo St, Morisset, 2264",Exploren,1,AC,22 kW,-33.10739544,151.487048,Lake Macquarie City Council,2264,Existing Destination Chargers,False,22.0,single_kw,Exploren,Exploren,False,ev_20251216.csv,False,False,False,,no_address_candidate,2264,PCODE,False,existing_retained,AC,not_specified
ev_f09e36eb6203e76b551baf5dc7783cc9e832a3f90db5269051b0dac872cc8494,,,"41 Yobarnie Ave, Richmond, 2754",Exploren,2,DC,180 kW,-33.58328633,150.7009239,Hawkesbury City Council,2754,Existing Fast Chargers,False,180.0,single_kw,Exploren,Exploren,False,ev_20251216.csv,False,False,False,,no_address_candidate,2754,PCODE,False,existing_retained,DC,not_specified
ev_90372f367d26a032b2216fd2f13a87a4b639284a2c45be161f69eda373601f1a,,,"4-10 Hillcrest Rd, Sydney, 2120",Exploren,2,AC,11 kW,-33.73726031,151.071037,"Hornsby, The Council of the Shire of",2120,Existing Destination Chargers,False,11.0,single_kw,Exploren,Exploren,False,ev_20251216.csv,False,False,False,,no_address_candidate,2120,PCODE,False,existing_retained,AC,not_specified
ev_a7d91b7f5fc3541867c89f5bd5ccfc0efc6fd30c30b9213bbc796423fd0311a9,,,"41-47 Shepherds Dr, Sydney, 2126",Tesla,2,AC,22 kW,-33.72114519,151.0444505,"Hornsby, The Council of the Shire of",2126,Existing Destination Chargers,False,22.0,single_kw,Tesla,Tesla,False,ev_20251216.csv,False,False,False,,no_address_candidate,2126,PCODE,False,existing_retained,AC,not_specified
ev_e27180dabb226b595d7345b6e4b316943ffd710724a856a5021d55521a53c404,,,"417 Hinterland Way, Knockrow, 2479",ChargePoint,2,AC,3 kW,-28.74979684,153.5343183,Ballina Shire Council,2479,Existing Destination Chargers,False,3.0,single_kw,ChargePoint,ChargePoint,False,ev_20251216.csv,False,False,False,,no_address_candidate,2479,PCODE,False,existing_retained,AC,not_specified
ev_df5675458ba4b3c5fc9aede1a721040097e22b3439e39438bce1c292475ed583,,,"417-439 Bunnerong Rd, Sydney, 2035",Chargefox,8,DC,25 kW,-33.95139644,151.232049,Randwick City Council,2035,Existing Fast Chargers,False,25.0,single_kw,Chargefox,Chargefox,False,ev_20251216.csv,False,False,False,,no_address_candidate,2035,PCODE,False,existing_retained,DC,not_specified
ev_06aba5a8bdb3a5ac39b0f0fd487228e69b7d8c9c97856dd2487e767482459802,,,"419 Captains Flat Rd, Carwoola, 2620",Tesla,1,AC,3 kW,-35.35577982,149.3044424,Queanbeyan-Palerang Regional Council,2620,Existing Destination Chargers,False,3.0,single_kw,Tesla,Tesla,False,ev_20251216.csv,False,False,False,,no_address_candidate,2620,PCODE,False,existing_retained,AC,not_specified
ev_ba237782f850e8ed1d3609c4f53a9e89449764dde1c70a6b662eb7b9499730e5,,,"42 Camden Rd, Sydney, 2560",Chargefox,4,DC,200 kW,-34.07161666,150.8059289,Campbelltown City Council,2560,Existing Fast Chargers,False,200.0,single_kw,Chargefox,Chargefox,False,ev_20251216.csv,False,False,False,,no_address_candidate,2560,PCODE,False,existing_retained,DC,not_specified
ev_e635bbb19fca447f8ac28c21db87252fcea5faf40380dc37b679aec5f19c8c39,,,"42 Cloete St, Young, 2594",Chargefox,4,AC,22 kW,-34.31460365,148.2962713,Hilltops Council,2594,Existing Destination Chargers,False,22.0,single_kw,Chargefox,Chargefox,False,ev_20251216.csv,False,False,False,,no_address_candidate,2594,PCODE,False,existing_retained,AC,not_specified
ev_8f9bb0c76ecd2586d9fe1b9e17c5853c4523cbc2fa287481e69b938f68b87e78,,,"42 Lake Canobolas Rd, Nashdale, 2800",Exploren,1,AC,22 kW,-33.29907712,149.0193874,Cabonne Council,2800,Existing Destination Chargers,False,22.0,single_kw,Exploren,Exploren,False,ev_20251216.csv,False,False,False,,no_address_candidate,2800,PCODE,False,existing_retained,AC,not_specified
ev_b73eb2ad1bd842a743b5e319b23e21c0f800663e193b693a61bc69f0c9544b18,,,"42 Malakoff St, Sydney, 2204",Exploren,2,AC,22 kW,-33.90799604,151.1567167,Inner West Council,2204,Existing Destination Chargers,False,22.0,single_kw,Exploren,Exploren,False,ev_20251216.csv,False,False,False,,no_address_candidate,2204,PCODE,False,existing_retained,AC,not_specified
ev_4d9a810b17d0f59f1adea15eab645268279fddf5b9e16610514d7c63b622ea81,,,"427 McDonalds Rd, Pokolbin, 2320",Tesla,2,AC,22 kW,-32.77564769,151.2999429,Cessnock City Council,2320,Existing Destination Chargers,False,22.0,single_kw,Tesla,Tesla,False,ev_20251216.csv,False,False,False,,no_address_candidate,2320,PCODE,False,existing_retained,AC,not_specified
ev_13d29abc84e1893f9e3146657d915f4565e28625ed4c1e05c5214d3e788664ec,,,"43 Station St, Newcastle, 2293",Chargefox,2,AC,22 kW,-32.92302207,151.7572342,Newcastle City Council,2293,Existing Destination Chargers,False,22.0,single_kw,Chargefox,Chargefox,False,ev_20251216.csv,False,False,False,,no_address_candidate,2293,PCODE,False,existing_retained,AC,not_specified
ev_6256e1617eaf7b2ffe50d0bb1443e2862b9d57bedf9d7ef1c5310bfa4cd45c41,,,"430 Marion St, Sydney, 2200",Chargefox,4,AC,22 kW,-33.91510615,150.9937177,Canterbury Bankstown Council,2200,Existing Destination Chargers,False,22.0,single_kw,Chargefox,Chargefox,False,ev_20251216.csv,False,False,False,,no_address_candidate,2200,PCODE,False,existing_retained,AC,not_specified
ev_6693f5afe23c8191e3e118a0e5945880be47027e44576ccbcdfd2f4bac86d744,,,"430 Wine Country Drive, Lovedale, 2325",Exploren,5,AC,22 kW,-32.78157562,151.3490951,Cessnock City Council,2325,Existing Destination Chargers,False,22.0,single_kw,Exploren,Exploren,False,ev_20251216.csv,False,False,False,,no_address_candidate,2325,PCODE,False,existing_retained,AC,not_specified
ev_98edf3e57c19eace90954ababdb812484aad69803f4628cbd37c22d96c628d7e,,,"433 Ulan Rd, Buckaroo, 2850",Tesla,1,AC,22 kW,-32.56309714,149.6203163,Mid-Western Regional Council,2850,Existing Destination Chargers,False,22.0,single_kw,Tesla,Tesla,False,ev_20251216.csv,False,False,False,,no_address_candidate,2850,PCODE,False,existing_retained,AC,not_specified
ev_47e7e2089932648b25dd278419c9d6c5e8a809d21a90ac85d142a33219d4076c,,,"44 Bangalow Rd, Ballina, 2478",Chargefox,4,DC,120 kW,-28.85743948,153.5614054,Ballina Shire Council,2478,Existing Fast Chargers,False,120.0,single_kw,Chargefox,Chargefox,False,ev_20251216.csv,False,False,False,,no_address_candidate,2478,PCODE,False,existing_retained,DC,not_specified
ev_228ca2fa3c0bcd13b3ea654e968a833a06f616c8e49b53b04482f9a89fda091d,,,"44 Broadarrow Rd, Sydney, 2209",JOLT,2,DC,25 kW,-33.94841746,151.0710831,Georges River Council,2209,Existing Fast Chargers,False,25.0,single_kw,JOLT,JOLT,False,ev_20251216.csv,False,False,False,,no_address_candidate,2209,PCODE,False,existing_retained,DC,not_specified
ev_7f118c8b90ea97fd6c7858b6516e79e40e0af610207c649c0fe3baaa057a5a5f,,,"44 Cherry St, Ballina, 2478",EVX,2,AC,22 kW,-28.868951,153.5622252,Ballina Shire Council,2478,Existing Destination Chargers,False,22.0,single_kw,EVX,EVX,False,ev_20251216.csv,False,False,False,,no_address_candidate,2478,PCODE,False,existing_retained,AC,not_specified
ev_7b75548bc1cb542235fa4cfbfe43eed339b3559acb12cbe59528761d30fc1ff4,,,"44 Mileham Ave, Sydney, 2153",Exploren,2,AC,6 kW,-33.74476881,150.9915385,The Hills Shire Council,2153,Existing Destination Chargers,False,6.0,single_kw,Exploren,Exploren,False,ev_20251216.csv,False,False,False,,no_address_candidate,2153,PCODE,False,existing_retained,AC,not_specified
ev_eec7e781cb5a23a9345325483eb51a2bcb87044c417ea945c6f25d074642c115,,,"44 Molesworth St, Lismore, 2480",Chargefox,2,DC,75 kW,-28.80654859,153.2786376,Lismore City Council,2480,Existing Fast Chargers,False,75.0,single_kw,Chargefox,Chargefox,False,ev_20251216.csv,False,False,False,,no_address_candidate,2480,PCODE,False,existing_retained,DC,not_specified
ev_ef0ecfa574538f9d9d8f4f7b7b8f6eda9ee35361b20895dcc777258be2efcfc9,,,"44 Station St
Wickham NSW 2293
Australia",Chargefox,2,AC,22 kW,-32.9230228,151.7572335,Newcastle City Council,2293,Kerbside Charging R1,False,22.0,single_kw,Chargefox,Chargefox,False,ev_20251216.csv,True,False,True,2293,matches_existing,2293,PCODE,False,existing_retained,AC,not_specified
ev_519cdee38f1c1c6eaea123e69a2ae87ac2702f0fc90fb53c12f8de6bc5a9264d,,,"446 Dean St, Albury, 2640",Exploren,4,AC,22 kW,-36.08063568,146.9216096,Albury City Council,2640,Existing Destination Chargers,False,22.0,single_kw,Exploren,Exploren,False,ev_20251216.csv,False,False,False,,no_address_candidate,2640,PCODE,False,existing_retained,AC,not_specified
ev_fab3ad16a24881232485da193b1a3b18fa6b3dee3f71701cc8b93bc39d2e7bdb,,,"44-60 Allison Cres, Sydney, 2234",Exploren,2,AC,22 kW,-34.01364569,151.0171041,Sutherland Shire Council,2234,Existing Destination Chargers,False,22.0,single_kw,Exploren,Exploren,False,ev_20251216.csv,False,False,False,,no_address_candidate,2234,PCODE,False,existing_retained,AC,not_specified
ev_4cb3fba2b7fcf687eff6bf4b9c71a16cb495702271ccad1f5f83aede34b1ced7,,,"45 Riverbank Dr, Sydney, 2769",Chargefox,1,AC,6 kW,-33.70588893,150.9104284,Blacktown City Council,2769,Existing Destination Chargers,False,6.0,single_kw,Chargefox,Chargefox,False,ev_20251216.csv,False,False,False,,no_address_candidate,2769,PCODE,False,existing_retained,AC,not_specified
ev_ed8970f397b094b4dcdbebbf8923d7bf21312543bc490cb8a8f87ed4b191158b,,,"45 Syncarpia Cres, Central Coast, 2250",Exploren,1,AC,22 kW,-33.3942563,151.3283504,Central Coast Council,2250,Existing Destination Chargers,False,22.0,single_kw,Exploren,Exploren,False,ev_20251216.csv,False,False,False,,no_address_candidate,2250,PCODE,False,existing_retained,AC,not_specified
ev_3328f66ee540c60a14a493cfe187c11aa3e7722309546ec3f6d3b220be427440,,,"455 George St, Sydney, 2000",Tesla,2,AC,22 kW,-33.8712573,151.2063043,"Sydney, Council of the City of",2000,Existing Destination Chargers,False,22.0,single_kw,Tesla,Tesla,False,ev_20251216.csv,False,False,False,,no_address_candidate,2000,PCODE,False,existing_retained,AC,not_specified
ev_ce3348fec3fb23328c58c5a2655b4fcf0415c1ca4024870317ab56b3a0ba56f2,,,"455 George St, Sydney, 2000",Exploren,2,DC,60 kW,-33.87152357,151.2067017,"Sydney, Council of the City of",2000,Existing Fast Chargers,False,60.0,single_kw,Exploren,Exploren,False,ev_20251216.csv,False,False,False,,no_address_candidate,2000,PCODE,False,existing_retained,DC,not_specified
ev_69fbafc4792689e43c8044b01e87f7b7d9fa28bc2fdf1f92b33c4dffb72c4193,,,"46 Dutruc Street, Sydney, 2031",Exploren,1,AC,22 kW,-33.91201606,151.245013,Randwick City Council,2031,Existing Destination Chargers,False,22.0,single_kw,Exploren,Exploren,False,ev_20251216.csv,False,False,False,,no_address_candidate,2031,PCODE,False,existing_retained,AC,not_specified
ev_f06f1517c27763963a225b6035c5704c4461d14c6ae59afcfb02ffd96d2d6d20,,,"46 Hercules St, Sydney, 2067",EV Meter,1,AC,11 kW,-33.79563568,151.1881121,Willoughby City Council,2067,Existing Destination Chargers,False,11.0,single_kw,EV Meter,EV Meter,False,ev_20251216.csv,False,False,False,,no_address_candidate,2067,PCODE,False,existing_retained,AC,not_specified
ev_1564f1fb86932b29803fe444a72d3faaa6a19003595d42dfff3db9f45124bc91,,,"4-6 New St, Lawson NSW 2783",Evie,4,DC,50 kW,-33.720695,150.429727,Blue Mountains City Council,2783,ARENA - Driving the Nation,False,50.0,single_kw,Evie,Evie,False,ev_20251216.csv,False,False,False,2783,matches_existing,2783,PCODE,False,existing_retained,DC,not_specified
ev_78e4df6810e978674c50b62d2751706a256c37d1f1b76f5c25970159d4315622,,,"4-6 Niangala Cl, Belrose NSW 2085",Evie,4,DC,50 kW,-33.703313,151.213158,Northern Beaches Council,2085,ARENA - Driving the Nation,False,50.0,single_kw,Evie,Evie,False,ev_20251216.csv,False,False,False,2085,matches_existing,2085,PCODE,False,existing_retained,DC,not_specified
ev_17fd8ddabbb9cf70f62acb0ccc7f3eb03a513fa1895b7b31b8beddba32a919ee,,,"46 Peach Tree Rd, Megalong Valley, 2785",Chargefox,1,AC,22 kW,-33.69111616,150.2486817,Blue Mountains City Council,2785,Existing Destination Chargers,False,22.0,single_kw,Chargefox,Chargefox,False,ev_20251216.csv,False,False,False,,no_address_candidate,2785,PCODE,False,existing_retained,AC,not_specified
ev_12dba45cd9bca1cd7282be70232e04c8908d7e40b27729e9f6bcfd57e60ad8c6,,,"46 Providence Rd, Providence Portal, 2629",Tesla,5,AC,5 kW,-35.94206611,148.6272122,Snowy Monaro Regional Council,2629,Existing Destination Chargers,False,5.0,single_kw,Tesla,Tesla,False,ev_20251216.csv,False,False,False,,no_address_candidate,2629,PCODE,False,existing_retained,AC,not_specified
ev_80b379587d00cb53f86e08ea36f503ca4429ffbb73e7bf174c45e68c87a3122e,,,"461 Victoria Rd, Sydney, 2111",Exploren,2,DC,120 kW,-33.8208589,151.121011,"Ryde, Council of the City of",2111,Existing Fast Chargers,False,120.0,single_kw,Exploren,Exploren,False,ev_20251216.csv,False,False,False,,no_address_candidate,2111,PCODE,False,existing_retained,DC,not_specified
ev_afff92e80324d0c4c9a0fe723699989965d27007e281dcc2b98d5f29b753a00c,,,"462 Chapel Rd N, Sydney, 2200",Tesla,2,AC,22 kW,-33.9132593,151.0334715,Canterbury Bankstown Council,2200,Existing Destination Chargers,False,22.0,single_kw,Tesla,Tesla,False,ev_20251216.csv,False,False,False,,no_address_candidate,2200,PCODE,False,existing_retained,AC,not_specified
ev_39f1c83945f9fdea49027f1d4417dbd6f90560e45acb1a9e6010387adfcc6646,,,"4655 Jenolan Caves Road, Jenolan, 2790",Tesla,2,AC,19 kW,-33.82146351,150.0216787,Oberon Council,2790,Existing Destination Chargers,False,19.0,single_kw,Tesla,Tesla,False,ev_20251216.csv,False,False,False,,no_address_candidate,2790,PCODE,False,existing_retained,AC,not_specified
ev_045dcfb429b22f149fd02a9f77b4473122fe5de687affc722800e8b0bade8d79,,,"47 Airport Rd, Albion Park Rail, 2527",ChargeHub,1,AC,22 kW,-34.56110015,150.79104,Shellharbour City Council,2527,Existing Destination Chargers,False,22.0,single_kw,ChargeHub,ChargeHub,True,ev_20251216.csv,False,False,False,,no_address_candidate,2527,PCODE,False,existing_retained,AC,not_specified
ev_eee66a2fcf6b1a1b2b12b518bc0c7f4636917257e24744d5c2123eaf8befa718,,,"472 Pacific Hwy, Sydney, 2066",JOLT,2,DC,25 kW,-33.80837842,151.1785636,Lane Cove Municipal Council,2066,Existing Fast Chargers,False,25.0,single_kw,JOLT,JOLT,False,ev_20251216.csv,False,False,False,,no_address_candidate,2066,PCODE,False,existing_retained,DC,not_specified
ev_b7b3e97eff16a695e0385068da494b0615ecc9ed4498c6df4062955d2d61079e,,,"47-49A Cleary St, Newcastle, 2303",Chargefox,2,DC,60 kW,-32.92120425,151.747975,Newcastle City Council,2303,Existing Fast Chargers,False,60.0,single_kw,Chargefox,Chargefox,False,ev_20251216.csv,False,False,False,,no_address_candidate,2303,PCODE,False,existing_retained,DC,not_specified
ev_4898819f105c63524ff2a94681c43c3a89638dc296623f807882d506e2ea5c85,,,"481 Princes Hwy, Sydney, 2232",Ampol,2,DC,150 kW,-34.02936741,151.0807237,Sutherland Shire Council,2232,Existing Fast Chargers,False,150.0,single_kw,Ampol,Ampol,False,ev_20251216.csv,False,False,False,,no_address_candidate,2232,PCODE,False,existing_retained,DC,not_specified
ev_0464fa5a0cec1ea5ffdbe33272a235af0da7dfe4e93ac5b551a7ab31b76c44db,,,"487 Sydney Rd, Sydney, 2093",BP,2,DC,75 kW,-33.7953594,151.255969,Northern Beaches Council,2093,Existing Fast Chargers,False,75.0,single_kw,BP,BP,False,ev_20251216.csv,False,False,False,,no_address_candidate,2093,PCODE,False,existing_retained,DC,not_specified
ev_0e5514030bf2a8b73eaddad9ac5c370bc7efbb64a56f8cd89900f47bd887e22b,,,"49 Harrison St, Newcastle, 2285",Exploren,1,AC,22 kW,-32.94098803,151.6599069,Lake Macquarie City Council,2285,Existing Destination Chargers,False,22.0,single_kw,Exploren,Exploren,False,ev_20251216.csv,False,False,False,,no_address_candidate,2285,PCODE,False,existing_retained,AC,not_specified
ev_d94bfe34a1a24526ca10e75348096e9772827df6079676ff74c4865ee40400e6,,,"49 Macquarie Rd, Newcastle, 2285",ChargeHub,4,AC,22 kW,-32.94269074,151.6574705,Lake Macquarie City Council,2285,Existing Destination Chargers,False,22.0,single_kw,ChargeHub,ChargeHub,True,ev_20251216.csv,False,False,False,,no_address_candidate,2285,PCODE,False,existing_retained,AC,not_specified
ev_13d3422facfa0f9257beef3dbecd9260fd3b091801a7f3a59b1c1caeb8985453,,,"49 Nile St, Orange, 2800",Tesla,2,AC,22 kW,-33.28196501,149.1125716,Orange City Council,2800,Existing Destination Chargers,False,22.0,single_kw,Tesla,Tesla,False,ev_20251216.csv,False,False,False,,no_address_candidate,2800,PCODE,False,existing_retained,AC,not_specified
ev_fb9af1af5fc389a8bf87e6b46ed1fb486a65f7ce19fa303e6b5cf498a398855c,,,"49 Tower Rd, Sydney, 2200",Chargefox,6,AC,22 kW,-33.92263868,150.982025,Canterbury Bankstown Council,2200,Existing Destination Chargers,False,22.0,single_kw,Chargefox,Chargefox,False,ev_20251216.csv,False,False,False,,no_address_candidate,2200,PCODE,False,existing_retained,AC,not_specified
ev_6cdbe1dec354c39798411f4f05f43032e046afabad95e1e59cb9bb57157446fa,,,"490 Macleay Valley Way, South Kempsey, 2440",Exploren,2,AC,22 kW,-31.11738843,152.8269229,Kempsey Shire Council,2440,Existing Destination Chargers,False,22.0,single_kw,Exploren,Exploren,False,ev_20251216.csv,False,False,False,,no_address_candidate,2440,PCODE,False,existing_retained,AC,not_specified
ev_1d9f54f243241adf6f4813540700668880d3d39229aadf9a852ccb29afcbb27b,,,"4968 Mitchell Hwy, Orange, 2800",Tesla,2,AC,17 kW,-33.31640045,149.1466146,Orange City Council,2800,Existing Destination Chargers,False,17.0,single_kw,Tesla,Tesla,False,ev_20251216.csv,False,False,False,,no_address_candidate,2800,PCODE,False,existing_retained,AC,not_specified
ev_3001b84d17384326a3530a0c884b078af82aa114e3b0cdb9813fec2878b2f179,,,"5 Beames Ave, Sydney, 2766",Chargefox,2,AC,22 kW,-33.77242047,150.8435886,Blacktown City Council,2766,Existing Destination Chargers,False,22.0,single_kw,Chargefox,Chargefox,False,ev_20251216.csv,False,False,False,,no_address_candidate,2766,PCODE,False,existing_retained,AC,not_specified
ev_eade614f2fbcedadeae86f7620c508641523991546b2af1610fa93d309abcd71,,,"5 Bishop St, Sydney, 2106",EVX,2,AC,6 kW,-33.65727432,151.3155646,Northern Beaches Council,2106,Existing Destination Chargers,False,6.0,single_kw,EVX,EVX,False,ev_20251216.csv,False,False,False,,no_address_candidate,2106,PCODE,False,existing_retained,AC,not_specified
ev_16b3c31671375a65855cef12fa9feb56c804f15cb06fa7d0bda85477962bbf37,,,"5 Footbridge Blvd, Sydney, 2127",Tesla,2,AC,22 kW,-33.82481886,151.0771852,"Parramatta, Council of the City of",2127,Existing Destination Chargers,False,22.0,single_kw,Tesla,Tesla,False,ev_20251216.csv,False,False,False,,no_address_candidate,2127,PCODE,False,existing_retained,AC,not_specified
ev_a2192df3f9332cf7e33dc144c0cb783ba407d2a89f30217b45133d8ae583138b,,,"5 King St, Newcastle, 2300",Tesla,1,AC,22 kW,-32.92911916,151.7849419,Newcastle City Council,2300,Existing Destination Chargers,False,22.0,single_kw,Tesla,Tesla,False,ev_20251216.csv,False,False,False,,no_address_candidate,2300,PCODE,False,existing_retained,AC,not_specified
ev_3c3dd4ca4d1a68cc57b98b3608206bc72addddbf5b06220d8dec1cb562270fb2,,,"5 Norton Ln, Bowral, 2576",Tesla,1,AC,6 kW,-34.49678483,150.4471632,Wingecarribee Shire Council,2576,Existing Destination Chargers,False,6.0,single_kw,Tesla,Tesla,False,ev_20251216.csv,False,False,False,,no_address_candidate,2576,PCODE,False,existing_retained,AC,not_specified
ev_ff4933525cec77ae13c39d6eb49d85d04e228eb4969422e6fb33776bd30c4e85,,,"5 Ray St, Sydney, 2074",Exploren,2,DC,40 kW,-33.73201706,151.1273493,Ku-ring-gai Council,2074,Existing Fast Chargers,False,40.0,single_kw,Exploren,Exploren,False,ev_20251216.csv,False,False,False,,no_address_candidate,2074,PCODE,False,existing_retained,DC,not_specified
ev_1c5b79ee1550dd8e2d5345a58f67f183586e980ee9b377003251ef2a31f89cb0,,,"5 Snapper Dr, Lennox Head, 2478",Chargefox,2,AC,22 kW,-28.80750055,153.5821481,Ballina Shire Council,2478,Existing Destination Chargers,False,22.0,single_kw,Chargefox,Chargefox,False,ev_20251216.csv,False,False,False,,no_address_candidate,2478,PCODE,False,existing_retained,AC,not_specified
ev_2550249d5cf63af91cf04de79d634be6dfe924a49a662f622069a531c881b2ac,,,"5 Tilba St, Narooma, 2546",Tesla,2,AC,22 kW,-36.21966171,150.1333904,Eurobodalla Shire Council,2546,Existing Destination Chargers,False,22.0,single_kw,Tesla,Tesla,False,ev_20251216.csv,False,False,False,,no_address_candidate,2546,PCODE,False,existing_retained,AC,not_specified
ev_54c7f9cd51519c126751574087d753c0fc8cca2af89f6f0068160aed091832c5,,,"5 Willowdale Dr, Denham Court NSW 2565",Evie,4,DC,75 kW,-33.97585397,150.811619,Campbelltown City Council,2565,ARENA - Driving the Nation,False,75.0,single_kw,Evie,Evie,False,ev_20251216.csv,False,False,False,2565,matches_existing,2565,PCODE,False,existing_retained,DC,not_specified
ev_f1f06931c602bc959e300b57c55ddc6bf3943bc9155cb6f6bb461bb07b128fad,,,"50 Bathurst St, Brewarrina, NSW 2839, Australia",NRMA,4,DC,75 kW,-30.3247856,149.784033,Brewarrina Shire Council,2390,TfNSW Regional,False,75.0,single_kw,NRMA,NRMA,False,ev_20251216.csv,False,False,False,2839,conflicts_with_existing,,,True,value_conflict,DC,not_specified
ev_f86d6ac9b8ac9cc6cd6ed792e9b3e59af5192b365b74072612569dcd92577475,,,"50 Lowe St, Queanbeyan, 2620",NRMA,1,AC,22 kW,-35.35493498,149.2336006,Queanbeyan-Palerang Regional Council,2620,Existing Destination Chargers,False,22.0,single_kw,NRMA,NRMA,False,ev_20251216.csv,False,False,False,,no_address_candidate,2620,PCODE,False,existing_retained,AC,not_specified
ev_ea498989b70f9f43d58d75d34d38964e4cdcfadebc10e2b8a3dcbf5464998a96,,,"50 O'Sullivan Rd, Sydney, 2029",Chargefox,2,DC,40 kW,-33.87899704,151.2623363,Woollahra Municipal Council,2029,Existing Fast Chargers,False,40.0,single_kw,Chargefox,Chargefox,False,ev_20251216.csv,False,False,False,,no_address_candidate,2029,PCODE,False,existing_retained,DC,not_specified
ev_db30e1903a06cb487b0e91a8e528c3a50b301c6daf2691af21c02cc079971082,,,"50 Pembroke St, Sydney, 2131",Exploren,2,AC,22 kW,-33.88539144,151.1322382,Inner West Council,2131,Existing Destination Chargers,False,22.0,single_kw,Exploren,Exploren,False,ev_20251216.csv,False,False,False,,no_address_candidate,2131,PCODE,False,existing_retained,AC,not_specified
ev_9cfc1139f31a098e7fd35445e55d6fc059c583a40520664f609545712abbbe56,,,"50 Wiley St, Sydney, 2024",Exploren,1,AC,22 kW,-33.89987192,151.2566737,Waverley Council,2024,Existing Destination Chargers,False,22.0,single_kw,Exploren,Exploren,False,ev_20251216.csv,False,False,False,,no_address_candidate,2024,PCODE,False,existing_retained,AC,not_specified
ev_396b550480bd6181e4ce89136502c1104586e44c43b7aa139036f01c9223d8bf,,,"509-517 The Entrance Rd, Central Coast, 2261",Tesla,2,AC,19 kW,-33.36742647,151.4756166,Central Coast Council,2261,Existing Destination Chargers,False,19.0,single_kw,Tesla,Tesla,False,ev_20251216.csv,False,False,False,,no_address_candidate,2261,PCODE,False,existing_retained,AC,not_specified
ev_de897ca4536cc2e137544e194cbec65ba3ce2c8b6b9d691429965e14df25d398,,,"51 Bathurst St, Condobolin, 2877",Exploren,2,AC,22 kW,-33.08860065,147.1494875,Lachlan Shire Council,2877,Existing Destination Chargers,False,22.0,single_kw,Exploren,Exploren,False,ev_20251216.csv,False,False,False,,no_address_candidate,2877,PCODE,False,existing_retained,AC,not_specified
ev_fddaa193449dac9bf46a31de0fc73f0604375a4df32900be6ea273d9ec34c191,,,"51 Metford Rd, Maitland, 2323",Chargefox,12,AC,22 kW,-32.75912517,151.6068999,Maitland City Council,2323,Existing Destination Chargers,False,22.0,single_kw,Chargefox,Chargefox,False,ev_20251216.csv,False,False,False,,no_address_candidate,2323,PCODE,False,existing_retained,AC,not_specified
ev_77aa2227a11d575ba8958a17d4eaf36b45f3411139c53fa902461f52c9675e7f,,,"516 Punchbowl Rd Cnr Wangee Rd, Lakemba, NSW, 2195",Ampol,2,DC,125 kW,-33.911492,151.0732469,Canterbury Bankstown Council,2195,ARENA - Driving the Nation,False,125.0,single_kw,Ampol,Ampol,False,ev_20251216.csv,False,False,False,2195,matches_existing,2195,PCODE,False,existing_retained,DC,not_specified
ev_12b589d80e070f803f9002ce7d51b0b45f387c6eeaa22d7a018638ebb9a0b1c2,,,"52 Albert Ave, Sydney, 2067",Chargefox,6,AC,7 kW,-33.79807412,151.1844274,Willoughby City Council,2067,Existing Destination Chargers,False,7.0,single_kw,Chargefox,Chargefox,False,ev_20251216.csv,False,False,False,,no_address_candidate,2067,PCODE,False,existing_retained,AC,not_specified
ev_0c9816cdf8446ff0d121d47c760d2f4a5fa7ac2aeb18d9fdeb9d5e6b58b14696,,,"52 Pembroke St
Ashfield NSW 2131
Australia",EVE Australia,2,AC,22 kW,-33.8853908,151.1322384,Inner West Council,2131,Kerbside Charging R1,False,22.0,single_kw,EVE Australia,EVE Australia,False,ev_20251216.csv,True,False,True,2131,matches_existing,2131,PCODE,False,existing_retained,AC,not_specified
ev_9a40493770fe2ee2f0c11c1256756ab3c308ad239007c3513ed2522d9b4ea85e,,,"52 Princes Hwy, Bodalla, 2545",Tesla,2,AC,6 kW,-36.08683088,150.0495225,Eurobodalla Shire Council,2545,Existing Destination Chargers,False,6.0,single_kw,Tesla,Tesla,False,ev_20251216.csv,False,False,False,,no_address_candidate,2545,PCODE,False,existing_retained,AC,not_specified
ev_453ecdeee14d8e939e7fb2ac8df86b2512e9d36a08279a0318fa8b53372ddefe,,,"52 Taylor Rd, Albion Park, 2527",Exploren,4,AC,22 kW,-34.57038143,150.7687437,Shellharbour City Council,2527,Existing Destination Chargers,False,22.0,single_kw,Exploren,Exploren,False,ev_20251216.csv,False,False,False,,no_address_candidate,2527,PCODE,False,existing_retained,AC,not_specified
ev_6399f704d18181128adb736d2fbd7ed1e05780a3fc5d17b6b8fb4a357172098b,,Albury City Council,"520 David St
Albury NSW 2640
Australia",Exploren,4,AC,AC,-36.0806351,146.9216087,Albury City Council,2640,Destination Charging R1,False,,type_only,Exploren,Exploren,False,ev_20251216.csv,True,False,True,2640,matches_existing,2640,PCODE,False,existing_retained,AC,not_specified
ev_fad45506352edddca534734eaf39d8b3b5c39fdf3969b832490978804ec259cd,,,"528 John Oxley Dr, Thrumster, 2444",NRMA,2,DC,50 kW,-31.45803208,152.8274244,Port Macquarie-Hastings Council,2444,Existing Fast Chargers,False,50.0,single_kw,NRMA,NRMA,False,ev_20251216.csv,False,False,False,,no_address_candidate,2444,PCODE,False,existing_retained,DC,not_specified
ev_97810b5a1801d58d934b2cab343e69c6443ddae7ae1b851fdf96b5e13ed9e9eb,,,"52-88 Great Western Hwy, Medlow Bath, 2780",Tesla,2,AC,19 kW,-33.67531036,150.2805916,Blue Mountains City Council,2780,Existing Destination Chargers,False,19.0,single_kw,Tesla,Tesla,False,ev_20251216.csv,False,False,False,,no_address_candidate,2780,PCODE,False,existing_retained,AC,not_specified
ev_337de4b88881c61edd8ddf54880e6a875d64fc3134962ca51857d1291962feeb,,,"53 East St, Harden, 2587",Exploren,4,AC,22 kW,-34.5628579,148.3611061,Hilltops Council,2587,Existing Destination Chargers,False,22.0,single_kw,Exploren,Exploren,False,ev_20251216.csv,False,False,False,,no_address_candidate,2587,PCODE,False,existing_retained,AC,not_specified
ev_3a46df09a2d19b8dd5c0d3aeaf5466a14559c8ea01a349b2112c326b6a27a245,,,"53 Sydney Rd, Goulburn, 2580",Chargefox,2,DC,50 kW,-34.74796201,149.7496456,Goulburn Mulwaree Council,2580,Existing Fast Chargers,False,50.0,single_kw,Chargefox,Chargefox,False,ev_20251216.csv,False,False,False,,no_address_candidate,2580,PCODE,False,existing_retained,DC,not_specified
ev_5cb1334b62e7e26cc8d783a59b33a15ac6bda9bfac56bab0b8a671c44061a9d2,,,"536 New South Head Rd, Sydney, 2028",Chargefox,6,AC,6 kW,-33.87276581,151.2474124,Woollahra Municipal Council,2028,Existing Destination Chargers,False,6.0,single_kw,Chargefox,Chargefox,False,ev_20251216.csv,False,False,False,,no_address_candidate,2028,PCODE,False,existing_retained,AC,not_specified
ev_df1d586acfb5274900f5de56cd64994c1db8a4a8f361a40ffa3bed884dcbc5c5,,,"53-71 Rowe Street, Sydney, 2122",Exploren,2,AC,22 kW,-33.79059064,151.0844184,"Ryde, Council of the City of",2122,Existing Destination Chargers,False,22.0,single_kw,Exploren,Exploren,False,ev_20251216.csv,False,False,False,,no_address_candidate,2122,PCODE,False,existing_retained,AC,not_specified
ev_9f1adf8af8ddf34cd41e1e3356f2d55806dded2ced049f3a24a77181f2cac4ae,,,"53A Orient St, Batemans Bay, 2536",Evie,2,DC,50 kW,-35.71073278,150.1776366,Eurobodalla Shire Council,2536,Existing Fast Chargers,False,50.0,single_kw,Evie,Evie,False,ev_20251216.csv,False,False,False,,no_address_candidate,2536,PCODE,False,existing_retained,DC,not_specified
ev_f517669e59d69e5e950ef66845405d9c899cfedcca88f2b21dbcbf5201dc69ec,,,"54 Brighton St, Sydney, 2132",JOLT,2,DC,25 kW,-33.89474579,151.1096857,Burwood Council,2132,Existing Fast Chargers,False,25.0,single_kw,JOLT,JOLT,False,ev_20251216.csv,False,False,False,,no_address_candidate,2132,PCODE,False,existing_retained,DC,not_specified
ev_db20eafe38629f77356981881648ab875936d7f24c6f4f7e334e29f2cafcffdf,,,"54 Gordon Cres, Lane Cove North, 2066",EVX,2,AC,22 kW,-33.80640545,151.1616096,Lane Cove Municipal Council,2066,Existing Destination Chargers,False,22.0,single_kw,EVX,EVX,False,ev_20251216.csv,False,False,False,,no_address_candidate,2066,PCODE,False,existing_retained,AC,not_specified
ev_c38880ea095f02cddf85650a32d6f1f265e9c9daa1647964fe161e4f2b8b5429,,,"54 Meninya St, Moama, 2731",Tesla,2,AC,22 kW,-36.11153658,144.7536416,Murray River Council,2731,Existing Destination Chargers,False,22.0,single_kw,Tesla,Tesla,False,ev_20251216.csv,False,False,False,,no_address_candidate,2731,PCODE,False,existing_retained,AC,not_specified
ev_7eb12ecbc7fbbf1796698f257312df181c05f411d7616685a40a8104f97c8492,,,"54 Minjungbal Dr, Tweed Heads, 2486",Evie,4,DC,150 kW,-28.19898503,153.545985,Tweed Shire Council,2486,Existing Fast Chargers,False,150.0,single_kw,Evie,Evie,False,ev_20251216.csv,False,False,False,,no_address_candidate,2486,PCODE,False,existing_retained,DC,not_specified
ev_82089ad0a3d84c3f1f7df8c12f86bb44dce02df65e88e7202a54572bac9b7164,,,"54-76 Captain Cook Dr, Caringbah NSW 2229",Evie,4,DC,75 kW,-34.0329857,151.1250638,Wollondilly Shire Council,2229,ARENA - Driving the Nation,False,75.0,single_kw,Evie,Evie,False,ev_20251216.csv,False,False,False,2229,matches_existing,2229,PCODE,False,existing_retained,DC,not_specified
ev_ccf285258da46c78f81ab07c1077ff8fcf1a2f2babb5db2402f6e80fbe024c12,,,"55 Campbell St, Sydney, 2148",Exploren,4,AC,6 kW,-33.77243348,150.9092262,Blacktown City Council,2148,Existing Destination Chargers,False,6.0,single_kw,Exploren,Exploren,False,ev_20251216.csv,False,False,False,,no_address_candidate,2148,PCODE,False,existing_retained,AC,not_specified
ev_9ee0367a0f071b1b3768226cd35be7424f8a2afb6f37d7f189e407d3556177be,,,"55 North Steyne, Sydney, 2095",Tesla,4,AC,22 kW,-33.7915586,151.286988,Northern Beaches Council,2095,Existing Destination Chargers,False,22.0,single_kw,Tesla,Tesla,False,ev_20251216.csv,False,False,False,,no_address_candidate,2095,PCODE,False,existing_retained,AC,not_specified
ev_d23b7ef9269291b7b9df0ffe2bd11b644ed9d3dbe4bd01fc17fb8a7d40c4363b,,,"55 Pyrmont St, Pyrmont, 2009",EVX,2,AC,22 kW,-33.86814819,151.1941592,"Sydney, Council of the City of",2009,Existing Destination Chargers,False,22.0,single_kw,EVX,EVX,False,ev_20251216.csv,False,False,False,,no_address_candidate,2009,PCODE,False,existing_retained,AC,not_specified
ev_c8cc2b84d2546aef29607484a27326fa1db943f3a356e9c345bdb06c84f00177,,,"55 Train St, Broulee, 2537",EVUp,1,AC,22 kW,-35.84471676,150.169967,Eurobodalla Shire Council,2537,Existing Destination Chargers,False,22.0,single_kw,EVUp,EVUp,False,ev_20251216.csv,False,False,False,,no_address_candidate,2537,PCODE,False,existing_retained,AC,not_specified
ev_9b6c01f968cf8bb9d51434e97a6df989705a2927a4add08f8051bf2fa245d358,,,"550 Bunnerong Rd, Sydney, 2036",JOLT,2,DC,25 kW,-33.9610561,151.2309449,Randwick City Council,2036,Existing Fast Chargers,False,25.0,single_kw,JOLT,JOLT,False,ev_20251216.csv,False,False,False,,no_address_candidate,2036,PCODE,False,existing_retained,DC,not_specified
ev_5fd3b822f96c3f37ed74bc0b2b23741cc412a70320e91b8678843ab5ce69cd06,,,"550 Kiewa Street, Albury, 2640",Exploren,4,AC,22 kW,-36.07816121,146.9167477,Albury City Council,2640,Existing Destination Chargers,False,22.0,single_kw,Exploren,Exploren,False,ev_20251216.csv,False,False,False,,no_address_candidate,2640,PCODE,False,existing_retained,AC,not_specified
ev_c0ed24ff8241ae622237efb501e48a353059cde2fa6c8f1dec4c46952cfc4491,,,"555 Hermitage Rd, Pokolbin, 2320",Tesla,1,AC,11 kW,-32.69682387,151.2628258,Singleton Council,2320,Existing Destination Chargers,False,11.0,single_kw,Tesla,Tesla,False,ev_20251216.csv,False,False,False,,no_address_candidate,2320,PCODE,False,existing_retained,AC,not_specified
ev_a6c725e80cf4308763052705045273073b2f51f179731b92ca4e6a7be8a7107b,,,"555 High St, Maitland, 2320",Chargefox,2,AC,22 kW,-32.72884189,151.54997,Maitland City Council,2320,Existing Destination Chargers,False,22.0,single_kw,Chargefox,Chargefox,False,ev_20251216.csv,False,False,False,,no_address_candidate,2320,PCODE,False,existing_retained,AC,not_specified
ev_5e5ec3e234f79857b845e607ec33ab69769cd2de63aab004b4065ee0babb2006,,,"55-65 Murray St, Sydney, 2009",Non-networked,2,AC,22 kW,-33.87192597,151.197966,"Sydney, Council of the City of",2009,Existing Destination Chargers,False,22.0,single_kw,Non-networked,Non-networked,False,ev_20251216.csv,False,False,False,,no_address_candidate,2009,PCODE,False,existing_retained,AC,not_specified
ev_7adff80b899ce44c1161bce9128711c02b1ad3bb6c51698c5ae6cae0c74bf698,,,"56 Morpeth St, Harwood , 2465",Tesla,8,DC,130 kW,-29.42699904,153.2391471,Clarence Valley Council,2465,Existing Fast Chargers,False,130.0,single_kw,Tesla,Tesla,False,ev_20251216.csv,False,False,False,,no_address_candidate,2465,PCODE,False,existing_retained,DC,not_specified
ev_5459729ee329ff85d958ee77fc743b7c2fd35d63fd107d33f19fb0730143abf7,,,"561-583 Polding St, Sydney, 2176",Tesla,2,AC,22 kW,-33.85886191,150.8987518,Fairfield City Council,2176,Existing Destination Chargers,False,22.0,single_kw,Tesla,Tesla,False,ev_20251216.csv,False,False,False,,no_address_candidate,2176,PCODE,False,existing_retained,AC,not_specified
ev_66f6e68e15534ac55007d26eedc26956d4381454ff0d4f26f0aa4ed16e7cd9cd,,,"56-58 Frenchs Rd, Sydney, 2068",EVX,2,AC,22 kW,-33.80729434,151.200025,Willoughby City Council,2068,Existing Destination Chargers,False,22.0,single_kw,EVX,EVX,False,ev_20251216.csv,False,False,False,,no_address_candidate,2068,PCODE,False,existing_retained,AC,not_specified
ev_75880d82989b967667fc5808ebd5c06ac6ae1fc1e47cfbdb92861b231a7bae63,,,"5-7 Ascot St, Sydney, 2033",EVX,2,AC,22 kW,-33.90801006,151.2247628,Randwick City Council,2033,Existing Destination Chargers,False,22.0,single_kw,EVX,EVX,False,ev_20251216.csv,False,False,False,,no_address_candidate,2033,PCODE,False,existing_retained,AC,not_specified
ev_41809d89b6b07485d2cfd203ed638d755d16aba67d39fce1ed69b996350b7299,,,"57 Boronia St, Sawtell, 2452",Tesla,2,AC,19 kW,-30.36993498,153.0991642,Coffs Harbour City Council,2452,Existing Destination Chargers,False,19.0,single_kw,Tesla,Tesla,False,ev_20251216.csv,False,False,False,,no_address_candidate,2452,PCODE,False,existing_retained,AC,not_specified
ev_c81e99d70cbacbdbb693c456ea6479fd5d39dccd6197ea66a31ef0a1c5bf1ab1,,,"57 Ekerts Rd, Pokolbin, 2320",Porsche Smart Mobility,2,AC,11 kW,-32.77579084,151.2813243,Cessnock City Council,2320,Existing Destination Chargers,False,11.0,single_kw,Porsche Smart Mobility,Porsche Smart Mobility,True,ev_20251216.csv,False,False,False,,no_address_candidate,2320,PCODE,False,existing_retained,AC,not_specified
ev_55118614664bf7527b4f96fef252727af319f59eaa6cecbf66d967566ece31b0,,,"57 Ekerts Rd, Pokolbin, 2320",Tesla,2,AC,22 kW,-32.77544549,151.2817437,Cessnock City Council,2320,Existing Destination Chargers,False,22.0,single_kw,Tesla,Tesla,False,ev_20251216.csv,False,False,False,,no_address_candidate,2320,PCODE,False,existing_retained,AC,not_specified
ev_aa83240bc912d1bfbb75ba4fcb12ba9d7823ed2af7936c4012223082f5a04d2d,,,"57 Ellendon St, Bungendore, 2621",Tesla,2,AC,6 kW,-35.25696301,149.4401772,Queanbeyan-Palerang Regional Council,2621,Existing Destination Chargers,False,6.0,single_kw,Tesla,Tesla,False,ev_20251216.csv,False,False,False,,no_address_candidate,2621,PCODE,False,existing_retained,AC,not_specified
ev_2cb84f23b01b4c68e14af8ffc1b048812bd5561e6d7e9b1f01c791343294dc75,,,"574 Henry Lawson Dr, Eurunderee, 2850",Tesla,2,AC,22 kW,-32.52793998,149.6118689,Mid-Western Regional Council,2850,Existing Destination Chargers,False,22.0,single_kw,Tesla,Tesla,False,ev_20251216.csv,False,False,False,,no_address_candidate,2850,PCODE,False,existing_retained,AC,not_specified
ev_e294e63ebb99cabc2d666f182ea6cf27e17c11fd3fca4e746a461fdd2fe12917,,,"58 Phillip St, West Tamworth , 2340",Tesla,8,DC,130 kW,-31.10164969,150.9171261,Tamworth Regional Council,2340,Existing Fast Chargers,False,130.0,single_kw,Tesla,Tesla,False,ev_20251216.csv,False,False,False,,no_address_candidate,2340,PCODE,False,existing_retained,DC,not_specified
ev_4c71a92d211e3ce05a4e360cc5ba6cf5abe526f1ce2cc39b5d715dd5d9df2ab8,,,"580 Parramatta Rd, Sydney, 2132",BP,4,DC,75 kW,-33.87410415,151.1267628,Inner West Council,2132,Existing Fast Chargers,False,75.0,single_kw,BP,BP,False,ev_20251216.csv,False,False,False,,no_address_candidate,2132,PCODE,False,existing_retained,DC,not_specified
ev_e8c64428bfd1585902ce8e3ba32faa35251811821609a03c934d1d9ab940b00e,,,"580 Princes Hwy, Sydney, 2232",Tesla,6,DC,250 kW,-34.03339744,151.0731502,Sutherland Shire Council,2232,Existing Fast Chargers,False,250.0,single_kw,Tesla,Tesla,False,ev_20251216.csv,False,False,False,,no_address_candidate,2232,PCODE,False,existing_retained,DC,not_specified
ev_6c1922310ab912429dfd52f14ee7b00f936d25d389ef0f35553bc1497b4f9c9a,,,"59 Bridge Street, Morisset, 2264",Exploren,1,AC,22 kW,-33.10741046,151.4897147,Lake Macquarie City Council,2264,Existing Destination Chargers,False,22.0,single_kw,Exploren,Exploren,False,ev_20251216.csv,False,False,False,,no_address_candidate,2264,PCODE,False,existing_retained,AC,not_specified
ev_9bdaed53421c059bc4e9e4519d560c27dcd8886dd39301fa6e131d5e7e29ccf8,,,"59 The Centre, Sydney, 2087",JOLT,2,DC,25 kW,-33.76210915,151.2142012,Northern Beaches Council,2087,Existing Fast Chargers,False,25.0,single_kw,JOLT,JOLT,False,ev_20251216.csv,False,False,False,,no_address_candidate,2087,PCODE,False,existing_retained,DC,not_specified
ev_6229806971fefe532729d4919de1c7bec7ae39c38dc71d16004c513ffb2dcf5f,,,"593 Mount View Rd, Mount View, 2325",Tesla,1,AC,22 kW,-32.83938143,151.2985646,Cessnock City Council,2325,Existing Destination Chargers,False,22.0,single_kw,Tesla,Tesla,False,ev_20251216.csv,False,False,False,,no_address_candidate,2325,PCODE,False,existing_retained,AC,not_specified
ev_bf84db68c951a4ffebb5e9f9ff1d1f74f0351a3376ebc807bbe9394c04295cff,,,"594 Anzac Pde, Sydney, 2032",Evie,4,DC,75 kW,-33.92659564,151.2313293,Randwick City Council,2032,Existing Fast Chargers,False,75.0,single_kw,Evie,Evie,False,ev_20251216.csv,False,False,False,,no_address_candidate,2032,PCODE,False,existing_retained,DC,not_specified
ev_7231c4beaa933b64c0e53d3bbac660ff76676403ce850549df41ced9d80b6b62,,,"59-61 Pacific Hwy Cnr Unwin Rd, Waitara, NSW, 2077",Ampol,2,DC,125 kW,-33.7105301,151.1024488,"Hornsby, The Council of the Shire of",2077,ARENA - Driving the Nation,False,125.0,single_kw,Ampol,Ampol,False,ev_20251216.csv,False,False,False,2077,matches_existing,2077,PCODE,False,existing_retained,DC,not_specified
ev_98eb09e27dfcab401a732daaf3f1e0d890b662e1733d69e86acc392ef698418c,,,"6 Aeolia St, Sydney, 2031",Exploren,2,AC,6 kW,-33.91903908,151.2432402,Randwick City Council,2031,Existing Destination Chargers,False,6.0,single_kw,Exploren,Exploren,False,ev_20251216.csv,False,False,False,,no_address_candidate,2031,PCODE,False,existing_retained,AC,not_specified
ev_2cc44701fd6ccb1939e8960bfde6fd3c027dd41b93ad0f8b45d65dac7e2f8ae1,,,"6 Airport Ave, Sydney, 2200",Chargefox,4,AC,22 kW,-33.9156557,150.9922643,Canterbury Bankstown Council,2200,Existing Destination Chargers,False,22.0,single_kw,Chargefox,Chargefox,False,ev_20251216.csv,False,False,False,,no_address_candidate,2200,PCODE,False,existing_retained,AC,not_specified
ev_3e814e89016b76018f485961dfbab2eb3fee5984c18101f15d7e13d089592c63,,,"6 Black Springs Rd, Eurunderee, 2850",Tesla,1,AC,8 kW,-32.54836141,149.6314334,Mid-Western Regional Council,2850,Existing Destination Chargers,False,8.0,single_kw,Tesla,Tesla,False,ev_20251216.csv,False,False,False,,no_address_candidate,2850,PCODE,False,existing_retained,AC,not_specified
ev_ceba3f114684eab4bdedb9c5acdf4bf71dfcac9ba4a0ab7fa98cef721de3a4e4,,,"6 Boundary St, Sydney, 2081",Chargefox,2,DC,75 kW,-33.62137942,151.1494484,"Hornsby, The Council of the Shire of",2081,Existing Fast Chargers,False,75.0,single_kw,Chargefox,Chargefox,False,ev_20251216.csv,False,False,False,,no_address_candidate,2081,PCODE,False,existing_retained,DC,not_specified
ev_7027f911a704a8e822bb5c5b347eb8ad69dacea0af086b78e7b495fdf93ab77c,,,"6 Budden St, Rockley, 2795",Exploren,2,AC,6 kW,-33.68873178,149.5643453,Bathurst Regional Council,2795,Existing Destination Chargers,False,6.0,single_kw,Exploren,Exploren,False,ev_20251216.csv,False,False,False,,no_address_candidate,2795,PCODE,False,existing_retained,AC,not_specified
ev_2f98648b901e92d8301eed30b3f611f1f43bf825eca6fdca3ebdc2ef5255a92c,,,"6 Castlereagh St Gilgandra, NSW 2827, Australia",NRMA,4,DC,75 kW,-30.0205758,148.1181013,Gilgandra Shire Council,2832,TfNSW Regional,False,75.0,single_kw,NRMA,NRMA,False,ev_20251216.csv,False,False,False,2827,conflicts_with_existing,,,True,value_conflict,DC,not_specified
ev_3d0d3abacbe440508d4b509c041f3d83b214ce530adc333f8b45c91ccf82f8d9,,,"6 Cecil Street, Sydney, 2021",Exploren,2,AC,22 kW,-33.88233638,151.2335816,Woollahra Municipal Council,2021,Existing Destination Chargers,False,22.0,single_kw,Exploren,Exploren,False,ev_20251216.csv,False,False,False,,no_address_candidate,2021,PCODE,False,existing_retained,AC,not_specified
ev_512d534acfd56f0126291e3781de049faa25edec115bc1af36437f7b97e79c65,,,"6 David St, Bowral, 2576",Tesla,6,AC,6 kW,-34.48801706,150.413986,Wingecarribee Shire Council,2576,Existing Destination Chargers,False,6.0,single_kw,Tesla,Tesla,False,ev_20251216.csv,False,False,False,,no_address_candidate,2576,PCODE,False,existing_retained,AC,not_specified
ev_5b46a16822ae085cdd0644f7ac1a1284d1c662c9130f2d5b507f008a6308db72,,,"6 McIntosh St, Sydney, 2067",Everty,4,AC,22 kW,-33.7951572,151.1790861,Willoughby City Council,2067,Existing Destination Chargers,False,22.0,single_kw,Everty,Everty,False,ev_20251216.csv,False,False,False,,no_address_candidate,2067,PCODE,False,existing_retained,AC,not_specified
ev_74c76287a00f79c988e240eb18420a501fa07cd2b5dda23306df98468501fe98,,,"6 Myahgah Rd, Sydney, 2088",Evie,2,DC,50 kW,-33.82554959,151.2414274,Mosman Municipal Council,2088,Existing Fast Chargers,False,50.0,single_kw,Evie,Evie,False,ev_20251216.csv,False,False,False,,no_address_candidate,2088,PCODE,False,existing_retained,DC,not_specified
ev_e6d5d83ba0f2cffe6a69349b98f005954c0a8294dbf33a88a59935b4103d1a65,,,"6 Santa Ana Lane, Pokolbin, 2320",Tesla,1,AC,22 kW,-32.74139844,151.3281752,Cessnock City Council,2320,Existing Destination Chargers,False,22.0,single_kw,Tesla,Tesla,False,ev_20251216.csv,False,False,False,,no_address_candidate,2320,PCODE,False,existing_retained,AC,not_specified
ev_a83a8647dbdef191a121fbf2bf6dd330801147e780a42f2de70d847b9fa78812,,,"6 The Avenue, Wentworth Falls, 2782",Tesla,2,AC,19 kW,-33.72194499,150.3717227,Blue Mountains City Council,2782,Existing Destination Chargers,False,19.0,single_kw,Tesla,Tesla,False,ev_20251216.csv,False,False,False,,no_address_candidate,2782,PCODE,False,existing_retained,AC,not_specified
ev_0ff7cd551cc0ae2a28b2449e717d8c8528a20ad3bf541593ac863f3a64ce90e0,,,"60 Frenchs Rd
Willoughby NSW 2068
Australia",EVX,2,AC,22 kW,-33.8073934,151.200067,Willoughby City Council,2068,Kerbside Charging R1,False,22.0,single_kw,EVX,EVX,False,ev_20251216.csv,True,False,True,2068,matches_existing,2068,PCODE,False,existing_retained,AC,not_specified
ev_c96fe76dfb26d962a57b13dbe60d1257a1e7dc85253b0481ef4ed822ea6a1225,,,"60 Glenwood Park Dr, Glenwood NSW 2768",Evie,4,DC,75 kW,-33.73460909,150.928265,Blacktown City Council,2768,ARENA - Driving the Nation,False,75.0,single_kw,Evie,Evie,False,ev_20251216.csv,False,False,False,2768,matches_existing,2768,PCODE,False,existing_retained,DC,not_specified
ev_8b2f35dc178faaebe94c767363dc640a289a78dc581d16e15c3ba586c8b108f3,,,"60 Miller St, Sydney, 2060",ChargeHub,3,AC,22 kW,-33.83932037,151.2061001,"North Sydney, Council of the City of Council",2060,Existing Destination Chargers,False,22.0,single_kw,ChargeHub,ChargeHub,True,ev_20251216.csv,False,False,False,,no_address_candidate,2060,PCODE,False,existing_retained,AC,not_specified
ev_2c7c5d50ed08b85ac97c7e7c6857aa7b8beaf18491e7d84a998c45a74204456e,,,"60 Wilson Street, The Rock, 2655",Exploren,1,AC,22 kW,-35.26652557,147.1104945,Lockhart Shire Council,2655,Existing Destination Chargers,False,22.0,single_kw,Exploren,Exploren,False,ev_20251216.csv,False,False,False,,no_address_candidate,2655,PCODE,False,existing_retained,AC,not_specified
ev_0e625b458da6c79eb9a255ebf4ed5163b96408a48a560e85d6b598176886ad44,,,"600 Kingsway, Sydney, 2228",Tesla,2,AC,22 kW,-34.03398503,151.0995746,Sutherland Shire Council,2228,Existing Destination Chargers,False,22.0,single_kw,Tesla,Tesla,False,ev_20251216.csv,False,False,False,,no_address_candidate,2228,PCODE,False,existing_retained,AC,not_specified
ev_d3558a195b182b842c2ea7a1e3ab74ecbd3fff9fed99ab78a1b9ae37af0e2fbf,,,"6056 Henry Parkes Way, Manildra, 2865",Tesla,1,AC,19 kW,-33.18793998,148.5347007,Cabonne Council,2865,Existing Destination Chargers,False,19.0,single_kw,Tesla,Tesla,False,ev_20251216.csv,False,False,False,,no_address_candidate,2865,PCODE,False,existing_retained,AC,not_specified
ev_308e8e9cdd9675cf92e4abf9c31363105107aedccf166025eabd9707f3c3bc56,,,"60-62 Amherst St, Sydney, 2062",Evie,4,DC,50 kW,-33.82299004,151.2108829,North Sydney Council,2062,Existing Fast Chargers,False,50.0,single_kw,Evie,Evie,False,ev_20251216.csv,False,False,False,,no_address_candidate,2062,PCODE,False,existing_retained,DC,not_specified
ev_f0862037fa4537b4873dace1c206c8682696d8aef7900d8d7a84d0baf7b29c4d,,,"61 Hawkesbury Valley Way, Windsor, 2756",Tesla,2,AC,6 kW,-33.60953258,150.8076797,Hawkesbury City Council,2756,Existing Destination Chargers,False,6.0,single_kw,Tesla,Tesla,False,ev_20251216.csv,False,False,False,,no_address_candidate,2756,PCODE,False,existing_retained,AC,not_specified
ev_b39393707d95fd6683a511518c27ab599bc10c17d7529f93a2530c4abab75789,,,"6-10 Fraser St, Nambucca Heads, 2448",ChargeHub,4,AC,7 kW,-30.64474079,153.0038909,Nambucca Valley Council,2448,Existing Destination Chargers,False,7.0,single_kw,ChargeHub,ChargeHub,True,ev_20251216.csv,False,False,False,,no_address_candidate,2448,PCODE,False,existing_retained,AC,not_specified
ev_df60886168a61a773865ecca1f4c7869040dc28d6a72966eb47d133d465b4735,,,"620-658 Terrigal Dr, Central Coast, 2250",Evie,4,DC,75 kW,-33.43668073,151.3943884,Central Coast Council,2250,Existing Fast Chargers,False,75.0,single_kw,Evie,Evie,False,ev_20251216.csv,False,False,False,,no_address_candidate,2250,PCODE,False,existing_retained,DC,not_specified
ev_70240df07e159ed6c0cb13513e07030c80740b1d098bc22d21f229293a899834,,,"63 Crown St, Sydney, 2011",Saascharge,2,AC,22 kW,-33.87318523,151.2160821,"Sydney, Council of the City of",2011,Existing Destination Chargers,False,22.0,single_kw,Saascharge,Saascharge,False,ev_20251216.csv,False,False,False,,no_address_candidate,2011,PCODE,False,existing_retained,AC,not_specified
ev_27493582b51093be9aafbab09e1cc773b724d3679b47e7b8acff2b2982d2752b,,,"63 Graham Street, Nowra, 2541",Exploren,2,AC,22 kW,-34.87107812,150.6017858,Shoalhaven City Council,2541,Existing Destination Chargers,False,22.0,single_kw,Exploren,Exploren,False,ev_20251216.csv,False,False,False,,no_address_candidate,2541,PCODE,False,existing_retained,AC,not_specified
ev_e902fa0347583cb00303d6dca0835557fb45b29b3318ceeacc04a09d91d60bd0,,,"634-726 Princes Hwy, Sydney, 2044",Chargefox,4,AC,22 kW,-33.92180385,151.1665936,Inner West Council,2044,Existing Destination Chargers,False,22.0,single_kw,Chargefox,Chargefox,False,ev_20251216.csv,False,False,False,,no_address_candidate,2044,PCODE,False,existing_retained,AC,not_specified
ev_447c9bbbd6d19397b61c922a40bc68616a4128c31ea38d85a4c4670a6bc8da62,,,"634-726 Princes Hwy, Tempe NSW 2044",Evie,4,DC,150 kW,-33.92288364,151.1652088,Inner West Council,2044,ARENA - Driving the Nation,False,150.0,single_kw,Evie,Evie,False,ev_20251216.csv,False,False,False,2044,matches_existing,2044,PCODE,False,existing_retained,DC,not_specified
ev_02bdafc55ef54b98c776850fcd9896426927ff156dc944860b36743964132a6c,,,"66 Cliff Rd, Wollongong , NSW 2500",EVX,2,AC,22 kW,-34.41864969,150.9021802,Wollongong City Council,NSW 2500,Existing Destination Chargers,False,22.0,single_kw,EVX,EVX,False,ev_20251216.csv,False,False,False,2500,conflicts_with_existing,2500,PCODE,False,existing_format_standardized,AC,not_specified
ev_d9d795800b9c9d8a58a14a7d0bce063b02e7384c773d86cd798c0802f329bb7a,,,"66 Glen Innes Rd, Armidale, 2350",Tesla,2,AC,11 kW,-30.49508513,151.6696446,Armidale Regional Council,2350,Existing Destination Chargers,False,11.0,single_kw,Tesla,Tesla,False,ev_20251216.csv,False,False,False,,no_address_candidate,2350,PCODE,False,existing_retained,AC,not_specified
ev_5ccb6204c12c1ffcc968be9e06337309ab897a2af519ddc546439c02d687babd,,,"66 Princes Hwy, Wollongong, 2519",Chargefox,4,DC,47 kW,-34.39180785,150.8945806,Wollongong City Council,2519,Existing Fast Chargers,False,47.0,single_kw,Chargefox,Chargefox,False,ev_20251216.csv,False,False,False,,no_address_candidate,2519,PCODE,False,existing_retained,DC,not_specified
ev_a2b43492081bf0d88fa4a8f80125311cabb16b70ab9e1ea19f1e428fff578fbc,,,"66 Queens Park Rd, Sydney, 2022",Exploren,1,AC,22 kW,-33.89909514,151.2481101,Waverley Council,2022,Existing Destination Chargers,False,22.0,single_kw,Exploren,Exploren,False,ev_20251216.csv,False,False,False,,no_address_candidate,2022,PCODE,False,existing_retained,AC,not_specified
ev_72f29de44b587fc1ade384c498ec91f8ea69c756433af185d5e072796e712505,,,"67 Roberts Rd, Sydney, 2190",Exploren,2,DC,120 kW,-33.90204809,151.0655796,Strathfield,2190,Existing Fast Chargers,False,120.0,single_kw,Exploren,Exploren,False,ev_20251216.csv,False,False,False,,no_address_candidate,2190,PCODE,False,existing_retained,DC,not_specified
ev_3fbd8e65ffc0906f64ea95382c45dd5c45431d8ce46110db9ba68c5a792f023e,,,"67 Shirley St, Byron Bay, 2481",Tesla,1,AC,6 kW,-28.64050055,153.6042332,Byron Shire Council,2481,Existing Destination Chargers,False,6.0,single_kw,Tesla,Tesla,False,ev_20251216.csv,False,False,False,,no_address_candidate,2481,PCODE,False,existing_retained,AC,not_specified
ev_5672053cc027a785504d5324fe88ea21fb38006d29f0e97af96bd2062147c7b4,,,"67 Thomas St, Sydney, 2007",Everty,2,AC,22 kW,-33.88328133,151.1988549,"Sydney, Council of the City of",2007,Existing Destination Chargers,False,22.0,single_kw,Everty,Everty,False,ev_20251216.csv,False,False,False,,no_address_candidate,2007,PCODE,False,existing_retained,AC,not_specified
ev_c04bf04781e59b405ac115705303410e4751a1b49cad12234b673d85705589be,,,"670 Richmond Rd, Sydney, 2761",JOLT,4,DC,25 kW,-33.73553158,150.8513123,Blacktown City Council,2761,Existing Fast Chargers,False,25.0,single_kw,JOLT,JOLT,False,ev_20251216.csv,False,False,False,,no_address_candidate,2761,PCODE,False,existing_retained,DC,not_specified
ev_3b0e82248417dcc5e6e5d4bae1465dd183712d110b6855be78e9fb962b13d926,,,"676 Pacific Hwy, Sydney, 2067",BMW,2,AC,6 kW,-33.798953,151.1784224,Willoughby City Council,2067,Existing Destination Chargers,False,6.0,single_kw,BMW,BMW,False,ev_20251216.csv,False,False,False,,no_address_candidate,2067,PCODE,False,existing_retained,AC,not_specified
ev_f6f0a84d3d1a6a03ab9ca93ce50bb6d797caf167cd76b7fdfd2f3fcf3d582110,,,"69 Roxy Lane, Kyogle, 2474",Exploren,2,AC,22 kW,-28.62146551,153.0030681,Kyogle Council,2474,Existing Destination Chargers,False,22.0,single_kw,Exploren,Exploren,False,ev_20251216.csv,False,False,False,,no_address_candidate,2474,PCODE,False,existing_retained,AC,not_specified
ev_1f5f066dd002bbddf1ad857d4ede4ce57157142b4ec8712ac62f3156ccfe187d,,,"69-71 Central Coast Hwy, Gosford West, NSW, 2250",Ampol,2,DC,125 kW,-33.4267831,151.321995,Central Coast Council,2250,ARENA - Driving the Nation,False,125.0,single_kw,Ampol,Ampol,False,ev_20251216.csv,False,False,False,2250,matches_existing,2250,PCODE,False,existing_retained,DC,not_specified
ev_c1633ff7ac22c9e53a2a438017915ff6c6cb9acd5d92179d21841fa889b1f603,,,"7 Bungan St, Sydney, 2103",JOLT,2,DC,25 kW,-33.6760501,151.3031301,Northern Beaches Council,2103,Existing Fast Chargers,False,25.0,single_kw,JOLT,JOLT,False,ev_20251216.csv,False,False,False,,no_address_candidate,2103,PCODE,False,existing_retained,DC,not_specified
ev_d79a229da6aa8784ca36040b29f07fa39208b00dbe7496b68a65dd68e722b40e,,,"7 Harbourne Lane, Sydney, 2032",Exploren,1,AC,22 kW,-33.92317822,151.2288448,Randwick City Council,2032,Existing Destination Chargers,False,22.0,single_kw,Exploren,Exploren,False,ev_20251216.csv,False,False,False,,no_address_candidate,2032,PCODE,False,existing_retained,AC,not_specified
ev_29e40afb13a16e78d1d99e611910d5365f77d14afc6fc13f27c41c6631dc5ca7,,,"7 Hickson Rd, Sydney, 2000",Tesla,2,AC,6 kW,-33.85558463,151.2094885,"Sydney, Council of the City of",2000,Existing Destination Chargers,False,6.0,single_kw,Tesla,Tesla,False,ev_20251216.csv,False,False,False,,no_address_candidate,2000,PCODE,False,existing_retained,AC,not_specified
ev_9a629c845f0e1baf908058e9f2edb1b0842199ea2cba92de6e5eaefc3cdc6bab,,,"7 Laguna St, Sydney, 2030",Exploren,1,AC,22 kW,-33.85927432,151.2791291,Woollahra Municipal Council,2030,Existing Destination Chargers,False,22.0,single_kw,Exploren,Exploren,False,ev_20251216.csv,False,False,False,,no_address_candidate,2030,PCODE,False,existing_retained,AC,not_specified
ev_b693d1023506c371bce4be463f135e4cfdcde365b3dfcc8033a8bfd8b7259fd1,,,"7 Pemell Street, Toronto, 2283",Exploren,2,DC,40 kW,-33.01454359,151.5961952,Lake Macquarie City Council,2283,Existing Fast Chargers,False,40.0,single_kw,Exploren,Exploren,False,ev_20251216.csv,False,False,False,,no_address_candidate,2283,PCODE,False,existing_retained,DC,not_specified
ev_66e6f2b0904b0666680798585f2f80e10233379f2677d6dacea163f631d4236a,,,"7 Prospect Rd, Sydney, 2130",Exploren,4,AC,22 kW,-33.89044449,151.1313954,Inner West Council,2130,Existing Destination Chargers,False,22.0,single_kw,Exploren,Exploren,False,ev_20251216.csv,False,False,False,,no_address_candidate,2130,PCODE,False,existing_retained,AC,not_specified
ev_5fadf09f3641b5d93be7bae3d8b5dc62e40930b08c1b60c247c41ad7c4a208f2,,,"7 Tank St, Lithgow, 2790",NRMA,4,DC,50 kW,-33.47800605,150.1611241,"Lithgow Council, City of",2790,Existing Fast Chargers,False,50.0,single_kw,NRMA,NRMA,False,ev_20251216.csv,False,False,False,,no_address_candidate,2790,PCODE,False,existing_retained,DC,not_specified
ev_0308c682f81b30eb31004d4f9bd2408b8646abd83d2df77a1b7d6aa5bd27ed62,,,"70 Maitland St, Bingara, 2404",Exploren,2,AC,22 kW,-29.86907512,150.5712432,Gwydir Shire Council,2404,Existing Destination Chargers,False,22.0,single_kw,Exploren,Exploren,False,ev_20251216.csv,False,False,False,,no_address_candidate,2404,PCODE,False,existing_retained,AC,not_specified
ev_a7215fb07e7c9242bc43a9eb540a4c90aa4333b5fa771dd0a07c9dc32848878f,,,"71 Adelaide St, Sydney, 2025",Exploren,1,AC,22 kW,-33.88844149,151.2513323,Woollahra Municipal Council,2025,Existing Destination Chargers,False,22.0,single_kw,Exploren,Exploren,False,ev_20251216.csv,False,False,False,,no_address_candidate,2025,PCODE,False,existing_retained,AC,not_specified
ev_0b90fa1804d6cb3d23f2da9905d476259db3a510f697c82ff072f6a0794d35bf,,,"71 Bulahdelah Way, Bulahdelah, 2423",Exploren,2,AC,22 kW,-32.40902707,152.2106787,Mid-Coast Council,2423,Existing Destination Chargers,False,22.0,single_kw,Exploren,Exploren,False,ev_20251216.csv,False,False,False,,no_address_candidate,2423,PCODE,False,existing_retained,AC,not_specified
ev_69084597353951c6b5a8286cd7b7e6910c5fdbc56991f3da09f376b48b0e1096,,,"71 Market St, Wollongong, 2500",Tesla,2,AC,22 kW,-34.42337242,150.8922923,Wollongong City Council,2500,Existing Destination Chargers,False,22.0,single_kw,Tesla,Tesla,False,ev_20251216.csv,False,False,False,,no_address_candidate,2500,PCODE,False,existing_retained,AC,not_specified
ev_1cba48ebdf2280e1f04893767de54678f41c225735155db09bf09b1c3df3ab4f,,Symbio Wildlife Park,"7-11 Lawrence Hargrave Dr
Helensburgh NSW 2508
Australia",360 EV Charge,4,AC,AC,-34.2054812,150.9687014,Wollongong City Council,2508,Destination Charging R2,False,,type_only,360 EV Charge,360 EV Charge,False,ev_20251216.csv,False,False,False,2508,matches_existing,2508,PCODE,False,existing_retained,AC,not_specified
ev_19ca295c505ec7e0d2fbb0a1471ed432046949d8922056b648e0b8133c8783ad,,,"72 Central Ave, Sydney, 2570",Exploren,2,AC,22 kW,-33.99922327,150.7444054,Camden Council,2570,Existing Destination Chargers,False,22.0,single_kw,Exploren,Exploren,False,ev_20251216.csv,False,False,False,,no_address_candidate,2570,PCODE,False,existing_retained,AC,not_specified
ev_e4465e9793c27c5789f11a1e3060f82ffe52821882aae5d82d251e0c1c4bc8a1,,,"72 Christie Street, Sydney, 2065",Exploren,1,AC,22 kW,-33.8245596,151.1957888,Lane Cove Municipal Council,2065,Existing Destination Chargers,False,22.0,single_kw,Exploren,Exploren,False,ev_20251216.csv,False,False,False,,no_address_candidate,2065,PCODE,False,existing_retained,AC,not_specified
ev_d23d02b10657c5faf5f0c676101be7ee0b55b701accdc06a8cab03d509f3b26e,,,"72 South St, Ulladulla, 2539",Tesla,2,AC,22 kW,-35.36048553,150.4726476,Shoalhaven City Council,2539,Existing Destination Chargers,False,22.0,single_kw,Tesla,Tesla,False,ev_20251216.csv,False,False,False,,no_address_candidate,2539,PCODE,False,existing_retained,AC,not_specified
ev_6a3dc26fd080c1fe5f5fc8d1f20e100fe7400f101c1d75d938f8dec2dcbd817a,,,"725 Pittwater Rd, Sydney, 2099",JOLT,2,DC,25 kW,-33.7523594,151.2865606,Northern Beaches Council,2099,Existing Fast Chargers,False,25.0,single_kw,JOLT,JOLT,False,ev_20251216.csv,False,False,False,,no_address_candidate,2099,PCODE,False,existing_retained,DC,not_specified
ev_0add68be9bf96ff6a94a9751ba6b04abdb49d9e6a600d5898bf9bc68f940414d,,,"72-78 Brook St, Muswellbrook, 2333",EVUp,2,AC,23 kW,-32.26331336,150.8888208,Muswellbrook Shire Council,2333,Existing Destination Chargers,False,23.0,single_kw,EVUp,EVUp,False,ev_20251216.csv,False,False,False,,no_address_candidate,2333,PCODE,False,existing_retained,AC,not_specified
ev_50a86f99bd6ebda7df9d6949b1a2e8087d98a21de5cc843f99eb8412e880071b,,,"73 Belmore Road, Randwick NSW 2031",Evie,4,DC,50 kW,-33.915171,151.241129,Randwick City Council,2031,ARENA - Driving the Nation,False,50.0,single_kw,Evie,Evie,False,ev_20251216.csv,False,False,False,2031,matches_existing,2031,PCODE,False,existing_retained,DC,not_specified
ev_597bc7cc606c5d261b971e549ed7d5e41c974891e4a91b9bf84d8e941fc0ba8d,,,"731-741 Military Rd, Sydney, 2088",Chargefox,2,DC,47 kW,-33.82852457,151.2439029,Mosman Municipal Council,2088,Existing Fast Chargers,False,47.0,single_kw,Chargefox,Chargefox,False,ev_20251216.csv,False,False,False,,no_address_candidate,2088,PCODE,False,existing_retained,DC,not_specified
ev_aa7f044d37ef6c4f326d61e2b878cea9cc3d0fb5550f7157960f36ead393b706,,,"733 Pacific Hwy, Central Coast, 2250",Tesla,2,AC,22 kW,-33.39264769,151.3538759,Central Coast Council,2250,Existing Destination Chargers,False,22.0,single_kw,Tesla,Tesla,False,ev_20251216.csv,False,False,False,,no_address_candidate,2250,PCODE,False,existing_retained,AC,not_specified
ev_d2df4357bff08b420dde4efa651c55779031f8a3c60692b7c1d48d813eb69302,,Roxy Theatre,"74 Maitland St
Bingara NSW 2404
Australia",Exploren,2,AC,AC,-29.869128,150.5714344,Gwydir Shire Council,2404,Destination Charging R2,False,,type_only,Exploren,Exploren,False,ev_20251216.csv,True,False,True,2404,matches_existing,2404,PCODE,False,existing_retained,AC,not_specified
ev_22c84a30872e9c7966dada1b4db06f962c927a5ce3de97651fe6ac5b2e010975,,,"741 George St, Windsor, 2756",Ampol,4,DC,150 kW,-33.63860965,150.7837227,Hawkesbury City Council,2756,Existing Fast Chargers,False,150.0,single_kw,Ampol,Ampol,False,ev_20251216.csv,False,False,False,,no_address_candidate,2756,PCODE,False,existing_retained,DC,not_specified
ev_8279fc451aa431cf314ef403cb38edf184e97ef7deb8920ad4e1a39388299d6e,,,"75 St Johns Rd, Glebe , 2037",EVX,2,AC,22 kW,-33.88109314,151.1871081,"Sydney, Council of the City of",2037,Existing Destination Chargers,False,22.0,single_kw,EVX,EVX,False,ev_20251216.csv,False,False,False,,no_address_candidate,2037,PCODE,False,existing_retained,AC,not_specified
ev_f3b7bf2820ff81577bcc12f977b23a69db8c4e2b0ef73c3a8642a65febeccb8f,,,"76 Cowper St, Wallsend, 2287",NRMA,4,DC,50 kW,-32.90272177,151.6697678,Newcastle City Council,2287,Existing Fast Chargers,False,50.0,single_kw,NRMA,NRMA,False,ev_20251216.csv,False,False,False,,no_address_candidate,2287,PCODE,False,existing_retained,DC,not_specified
ev_b88b7d10de3a2b527391534ae278037d236c0b40d34e4fdf9ac1e86cd66dcbfc,,,"76 Cygnet Ave, Blackbutt, 2529",Chargefox,2,AC,22 kW,-34.56574679,150.8354645,Shellharbour City Council,2529,Existing Destination Chargers,False,22.0,single_kw,Chargefox,Chargefox,False,ev_20251216.csv,False,False,False,,no_address_candidate,2529,PCODE,False,existing_retained,AC,not_specified
ev_85a306ef0593bf7edf844f772e02c84e96cb5d388a750720f932644604a88ade,,,"76 Wingewarra St, Dubbo , 2830",Tesla,8,DC,130 kW,-32.24995,148.6091822,Dubbo Regional Council,2830,Existing Fast Chargers,False,130.0,single_kw,Tesla,Tesla,False,ev_20251216.csv,False,False,False,,no_address_candidate,2830,PCODE,False,existing_retained,DC,not_specified
ev_014088a588de0fe92a9505ef832e42bf6aa93f780050a84619359e49e43bdf25,,,"77 Broken Head Rd, Byron Bay, 2481",Exploren,2,AC,22 kW,-28.67623328,153.6107117,Byron Shire Council,2481,Existing Destination Chargers,False,22.0,single_kw,Exploren,Exploren,False,ev_20251216.csv,False,False,False,,no_address_candidate,2481,PCODE,False,existing_retained,AC,not_specified
ev_89e697fa0944716df08365e800300b340a10d6efe38e35a49de304445dcfab64,,,"77 Darling St, Cowra, 2794",NRMA,2,DC,50 kW,-33.83451056,148.6935365,Cowra Shire Council,2794,Existing Fast Chargers,False,50.0,single_kw,NRMA,NRMA,False,ev_20251216.csv,False,False,False,,no_address_candidate,2794,PCODE,False,existing_retained,DC,not_specified
ev_119f633db9d62bcda399609d88d3ab4a337bc69a2f272d8f71ea3ba2715614c4,,,"77 Lagoon St, Goulburn, 2580",Tesla,2,AC,22 kW,-34.74772577,149.7293734,Goulburn Mulwaree Council,2580,Existing Destination Chargers,False,22.0,single_kw,Tesla,Tesla,False,ev_20251216.csv,False,False,False,,no_address_candidate,2580,PCODE,False,existing_retained,AC,not_specified
ev_2fe14e3171dfe1959321158be900d85ac8bba63b9b12b7413d69e1d490603718,,,"772 Anzac Pde, Sydney, 2035",Evie,4,DC,75 kW,-33.93800905,151.2385195,Randwick City Council,2035,Existing Fast Chargers,False,75.0,single_kw,Evie,Evie,False,ev_20251216.csv,False,False,False,,no_address_candidate,2035,PCODE,False,existing_retained,DC,not_specified
ev_dc04d2fbab990071b06c8f6370078a52e00492fec4cddb06b58f95dc5009b6f8,,,"773 Old South Head Rd, Sydney, 2030",Chargefox,2,DC,40 kW,-33.85700205,151.2828038,Woollahra Municipal Council,2030,Existing Fast Chargers,False,40.0,single_kw,Chargefox,Chargefox,False,ev_20251216.csv,False,False,False,,no_address_candidate,2030,PCODE,False,existing_retained,DC,not_specified
ev_93535b2e6bbea595e7f71034cb5f8e4302acf7ce0250f78235da27639b2fee5f,,,"77-97 Broken Head Rd, Suffolk Park, 2481",Tesla,2,AC,22 kW,-28.67817222,153.6103784,Byron Shire Council,2481,Existing Destination Chargers,False,22.0,single_kw,Tesla,Tesla,False,ev_20251216.csv,False,False,False,,no_address_candidate,2481,PCODE,False,existing_retained,AC,not_specified
ev_0bc84362704747ff8a1c1bfdcbc91776ba9162964d40f305ef89b439ac696046,,,"78 Great Western Hwy Cnr Ross St, Glenbrook, NSW, 2773",Ampol,2,DC,125 kW,-33.7653881,150.6214758,Blue Mountains City Council,2773,ARENA - Driving the Nation,False,125.0,single_kw,Ampol,Ampol,False,ev_20251216.csv,False,False,False,2773,matches_existing,2773,PCODE,False,existing_retained,DC,not_specified
ev_8633dae9f42d53b8453f4cf859716790e9f4023c36d9e4839cbe9c0e8c94dbad,,,"7-9 Irvine Pl, Sydney, 2153",Chargefox,4,DC,125 kW,-33.73886191,150.9475235,The Hills Shire Council,2153,Existing Fast Chargers,False,125.0,single_kw,Chargefox,Chargefox,False,ev_20251216.csv,False,False,False,,no_address_candidate,2153,PCODE,False,existing_retained,DC,not_specified
ev_190ece9b8b5c0358f778ff1bbb1f08bdc29aefcb7720b88015dae006121ba3b0,,,"7-9 New Beach Rd, Sydney, 2027",Chargefox,2,AC,22 kW,-33.87574379,151.2321331,Woollahra Municipal Council,2027,Existing Destination Chargers,False,22.0,single_kw,Chargefox,Chargefox,False,ev_20251216.csv,False,False,False,,no_address_candidate,2027,PCODE,False,existing_retained,AC,not_specified
ev_3c6774709cf14d546c9c25d618cefea6149e006ab35aa689bb03a1c6e037aef0,,,"8 Central Pl, Sydney, 2760",Tesla,1,AC,22 kW,-33.73243848,150.7804575,Blacktown City Council,2760,Existing Destination Chargers,False,22.0,single_kw,Tesla,Tesla,False,ev_20251216.csv,False,False,False,,no_address_candidate,2760,PCODE,False,existing_retained,AC,not_specified
ev_9264c45c517a0a449542f8ef02883a82d72273e6553e8396d22768f46c8777ac,,,"8 Euston Rd, Sydney, 2015",Exploren,2,DC,120 kW,-33.90533738,151.1936567,"Sydney, Council of the City of",2015,Existing Fast Chargers,False,120.0,single_kw,Exploren,Exploren,False,ev_20251216.csv,False,False,False,,no_address_candidate,2015,PCODE,False,existing_retained,DC,not_specified
ev_d53c232a9e9af669abb7d07f3104ad3bfb32a7332e7f948a5e6e941db6e72bab,,,"8 Federation Rd, Sydney, 2050",Exploren,2,DC,50 kW,-33.89360765,151.1783463,Inner West Council,2050,Existing Fast Chargers,False,50.0,single_kw,Exploren,Exploren,False,ev_20251216.csv,False,False,False,,no_address_candidate,2050,PCODE,False,existing_retained,DC,not_specified
ev_925ce5ba6259f3b5f98af4b1ce0fea8cb6b6d2c39c4ce759fe35653a5afba3dd,,,"8 Greenfield Pde, Sydney, 2200",Exploren,3,AC,22 kW,-33.91993998,151.0338799,Canterbury Bankstown Council,2200,Existing Destination Chargers,False,22.0,single_kw,Exploren,Exploren,False,ev_20251216.csv,False,False,False,,no_address_candidate,2200,PCODE,False,existing_retained,AC,not_specified
ev_9eacaa1e33453394a1eabd18aac57a4bdfadd8910542459874eceebe250cb247,,,"8 Greenfield Pde, Sydney, 2200",Tesla,2,AC,6 kW,-33.91956561,151.0336657,Canterbury Bankstown Council,2200,Existing Destination Chargers,False,6.0,single_kw,Tesla,Tesla,False,ev_20251216.csv,False,False,False,,no_address_candidate,2200,PCODE,False,existing_retained,AC,not_specified
ev_5b81b6b22082415bb88f0cd0b45cde425f5ab0b90200739c3121943f19d7f2f4,,,"8 Kosciuszko Rd, Jindabyne, 2627",BP,4,DC,75 kW,-36.4147548,148.6177838,Snowy Monaro Regional Council,2627,Existing Fast Chargers,False,75.0,single_kw,BP,BP,False,ev_20251216.csv,False,False,False,,no_address_candidate,2627,PCODE,False,existing_retained,DC,not_specified
ev_95fd442ff0f84d46576364ec09da01c7bebba2f0b4fe2bac1b552f10d7d9050a,,,"8 Kylie Clos, Central Coast, 2263",Tesla,2,AC,22 kW,-33.24437942,151.5005706,Central Coast Council,2263,Existing Destination Chargers,False,22.0,single_kw,Tesla,Tesla,False,ev_20251216.csv,False,False,False,,no_address_candidate,2263,PCODE,False,existing_retained,AC,not_specified
ev_251b53cee81386c3f3e9d4fb7d9d90fb4f851bc206f58f7c6dfeee393ae0a02e,,,"8 Soudan St, Sydney, 2031",Exploren,1,AC,22 kW,-33.91899704,151.2418258,Randwick City Council,2031,Existing Destination Chargers,False,22.0,single_kw,Exploren,Exploren,False,ev_20251216.csv,False,False,False,,no_address_candidate,2031,PCODE,False,existing_retained,AC,not_specified
ev_3c0ed860a3dbe65767b439ceedc2200b48b7fcfa9a8226c4ef8c8f15205bfd78,,,"8 Stanley St, Bathurst, 2795",NRMA,1,AC,22 kW,-33.4136517,149.5853904,Bathurst Regional Council,2795,Existing Destination Chargers,False,22.0,single_kw,NRMA,NRMA,False,ev_20251216.csv,False,False,False,,no_address_candidate,2795,PCODE,False,existing_retained,AC,not_specified
ev_aaf8196ef528396e84b2d9c31cb691e3bac01d634e96448e75b0b9fd38b71ce1,,,"8 White Hart Dr, Sydney, 2155",Tesla,2,AC,13 kW,-33.69232237,150.9266517,The Hills Shire Council,2155,Existing Destination Chargers,False,13.0,single_kw,Tesla,Tesla,False,ev_20251216.csv,False,False,False,,no_address_candidate,2155,PCODE,False,existing_retained,AC,not_specified
ev_79f411d96c31479ee147fee5947fcea2099b686d10052d4b9be6dbaca918f75a,,,"8/24 Cross St, Wagga Wagga, NSW 2650",NRMA,2,DC,50 kW,-31.7223908,148.6571378,Wagga Wagga City Council,2827,TfNSW Regional,False,50.0,single_kw,NRMA,NRMA,False,ev_20251216.csv,False,False,False,2650,conflicts_with_existing,,,True,value_conflict,DC,not_specified
ev_363479718137936bc1dd6911c4947a3850d938df2e8d6de5f0719326d51286ee,,,"80 Little Barber St, Gunnedah, 2380",NRMA,2,DC,50 kW,-30.97803908,150.2508509,Gunnedah Shire Council,2380,Existing Fast Chargers,False,50.0,single_kw,NRMA,NRMA,False,ev_20251216.csv,False,False,False,,no_address_candidate,2380,PCODE,False,existing_retained,DC,not_specified
ev_90ba9692182dbfd687acd55939b54a3d733b9ca661edc03c14032db78908aae9,,,"81 Eastern Rd, Sydney, 2766",Exploren,4,AC,22 kW,-33.7708529,150.8541522,Blacktown City Council,2766,Existing Destination Chargers,False,22.0,single_kw,Exploren,Exploren,False,ev_20251216.csv,False,False,False,,no_address_candidate,2766,PCODE,False,existing_retained,AC,not_specified
ev_cbe68979d92af32e45e27fb269547ef0df12aabea9fbb67206965feef4325d26,,,"81 Hickory St, Dorrigo, NSW 2453, Australia",NRMA,4,DC,75 kW,-30.9529988,148.3875852,Bellingen Shire Council,2829,TfNSW Regional,False,75.0,single_kw,NRMA,NRMA,False,ev_20251216.csv,False,False,False,2453,conflicts_with_existing,,,True,value_conflict,DC,not_specified
ev_3f036964a046ac5d092d81eee9eb5ac2113a17cf093b1d3f8ddacc408222660a,,,"81 Meehan St, Yass NSW 2582, Australia",NRMA,2,DC,50 kW,-34.428348,150.9001506,Yass Valley Council,2500,TfNSW Regional,False,50.0,single_kw,NRMA,NRMA,False,ev_20251216.csv,False,False,False,2582,conflicts_with_existing,,,True,value_conflict,DC,not_specified
ev_7791e098cb752bb5d4e4718afa66244f1c5e5f1582ab23a571d8081478e74474,,,"81 Merilba St, Tottenham, 2873",Exploren,2,AC,22 kW,-32.24494099,147.3564975,Lachlan Shire Council,2873,Existing Destination Chargers,False,22.0,single_kw,Exploren,Exploren,False,ev_20251216.csv,False,False,False,,no_address_candidate,2873,PCODE,False,existing_retained,AC,not_specified
ev_60c1fd321db821a2b3534f956199c0baf20a1357ae992ba9c4c47804f708e3d0,,,"8-10 Perkins St, Newcastle, 2300",Chargefox,3,AC,6 kW,-32.92698103,151.7787127,Newcastle City Council,2300,Existing Destination Chargers,False,6.0,single_kw,Chargefox,Chargefox,False,ev_20251216.csv,False,False,False,,no_address_candidate,2300,PCODE,False,existing_retained,AC,not_specified
ev_5c76a20928dab5e44f9da335bffe771031053eefd0e40cef7c6d044817a0ce75,,,"818-820 George St, Sydney , 2000",Exploren,2,AC,6 kW,-33.88426331,151.203022,"Sydney, Council of the City of",2000,Existing Destination Chargers,False,6.0,single_kw,Exploren,Exploren,False,ev_20251216.csv,False,False,False,,no_address_candidate,2000,PCODE,False,existing_retained,AC,not_specified
ev_03205191e7e39cc26d8b252b733ae8e6f3e6cb77ee9beaf481df58bb3677123c,,,"819-827 Anzac Pde, Sydney, 2035",JOLT,2,DC,25 kW,-33.94349854,151.2397227,Randwick City Council,2035,Existing Fast Chargers,False,25.0,single_kw,JOLT,JOLT,False,ev_20251216.csv,False,False,False,,no_address_candidate,2035,PCODE,False,existing_retained,DC,not_specified
ev_4ce4a0703089f5a3d1c26a546e883295b73d1143549590a631d2c190dce7a619,,,"82 Marsh St, Armidale, NSW 2350, Australia",NRMA,2,DC,50 kW,-34.4476103,147.5348555,Armidale Regional Council,2666,TfNSW Regional,False,50.0,single_kw,NRMA,NRMA,False,ev_20251216.csv,False,False,False,2350,conflicts_with_existing,,,True,value_conflict,DC,not_specified
ev_ddf9c22314d87d563287792bbd5b6182cfcb74d249ae05b9f4292884f61ed648,,,"82A O'Connell St, Sydney, 2747",Evie,2,DC,50 kW,-33.76927632,150.7354595,Penrith City Council,2747,Existing Fast Chargers,False,50.0,single_kw,Evie,Evie,False,ev_20251216.csv,False,False,False,,no_address_candidate,2747,PCODE,False,existing_retained,DC,not_specified
ev_4818cd16ee031f4a3d89ad3d38a8fbe84539cbb37b537df6aa7f3b0a4fa1995b,,,"83 Mulgoa Rd, Sydney, 2750",Exploren,4,AC,22 kW,-33.75706111,150.6853103,Penrith City Council,2750,Existing Destination Chargers,False,22.0,single_kw,Exploren,Exploren,False,ev_20251216.csv,False,False,False,,no_address_candidate,2750,PCODE,False,existing_retained,AC,not_specified
ev_4de72f880316555181c2b2fc0cd8150fe594941834fb79e71a12cb58759a1e1c,,,"84 Market St, Mudgee, 2850",Tesla,2,AC,22 kW,-32.59012017,149.5852262,Mid-Western Regional Council,2850,Existing Destination Chargers,False,22.0,single_kw,Tesla,Tesla,False,ev_20251216.csv,False,False,False,,no_address_candidate,2850,PCODE,False,existing_retained,AC,not_specified
ev_75366985f529706ee67a53fbbd9d5574de08ea6e2f999e6bab45b554345f5166,,,"85/91 Commissioner St, Cooma , 2630",Tesla,8,DC,150 kW,-36.23552257,149.1267948,Snowy Monaro Regional Council,2630,Existing Fast Chargers,False,150.0,single_kw,Tesla,Tesla,False,ev_20251216.csv,False,False,False,,no_address_candidate,2630,PCODE,False,existing_retained,DC,not_specified
ev_4a259254071328eac18e9ef7257cd373ae7a8743073c53fd051ab39d2e232e3a,,,"86 Arncliffe St, Sydney, 2205",Exploren,1,AC,22 kW,-33.93058763,151.1537047,Bayside Council,2205,Existing Destination Chargers,False,22.0,single_kw,Exploren,Exploren,False,ev_20251216.csv,False,False,False,,no_address_candidate,2205,PCODE,False,existing_retained,AC,not_specified
ev_60ac6606b1dfaff516d14105d4adefe036528a22878ee41d5a3fdb5c745f1026,,,"86 Meehan St, Yass, 2582",Tesla,3,AC,22 kW,-34.84183188,148.9125756,Yass Valley Council,2582,Existing Destination Chargers,False,22.0,single_kw,Tesla,Tesla,False,ev_20251216.csv,False,False,False,,no_address_candidate,2582,PCODE,False,existing_retained,AC,not_specified
ev_79dc1dd2ee6e7534e4a3ad21a3af23c315573d28caa7f4e2be062c922e721387,,,"86a Victoria Rd, Sydney, 2204",Exploren,2,AC,22 kW,-33.90573978,151.1683814,Inner West Council,2204,Existing Destination Chargers,False,22.0,single_kw,Exploren,Exploren,False,ev_20251216.csv,False,False,False,,no_address_candidate,2204,PCODE,False,existing_retained,AC,not_specified
ev_0b3ff77d7bf2575fc66f8ae2c6290f52a84a8ada16dd85045b71244cbe71262a,,,"87 De Vitre St, Newcastle, 2299",Chargefox,2,AC,22 kW,-32.91108013,151.7086046,Newcastle City Council,2299,Existing Destination Chargers,False,22.0,single_kw,Chargefox,Chargefox,False,ev_20251216.csv,False,False,False,,no_address_candidate,2299,PCODE,False,existing_retained,AC,not_specified
ev_ba5a0acf960c09456a6d8a63c3473fce9f180daaffd43d0de7da49155d9bbea5,,,"87 Tallwood Ave, Mollymook Beach, 2539",Tesla,1,AC,22 kW,-35.3250561,150.4763784,Shoalhaven City Council,2539,Existing Destination Chargers,False,22.0,single_kw,Tesla,Tesla,False,ev_20251216.csv,False,False,False,,no_address_candidate,2539,PCODE,False,existing_retained,AC,not_specified
ev_b744047e9788e97f54c95bba650b150f8113ffd11ebc0fc5a2f67de0b59f85b4,,,"87 Winbourne Rd, Sydney, 2100",JOLT,2,DC,25 kW,-33.76207512,151.2724464,Northern Beaches Council,2100,Existing Fast Chargers,False,25.0,single_kw,JOLT,JOLT,False,ev_20251216.csv,False,False,False,,no_address_candidate,2100,PCODE,False,existing_retained,DC,not_specified
ev_6aa5f8f6071fd78928e3b477c417844ef7df7ac161b3ea6969fd34324591b5ec,,,"872 Anzac Pde, Sydney, 2035",Evie,2,DC,75 kW,-33.94314819,151.2396466,Randwick City Council,2035,Existing Fast Chargers,False,75.0,single_kw,Evie,Evie,False,ev_20251216.csv,False,False,False,,no_address_candidate,2035,PCODE,False,existing_retained,DC,not_specified
ev_9512d2fcd494b90b2a6635ed198b5d6728e62e31c725b16bce50f6dc973a1e88,,,"875 Richmond Rd, Marsden Park, NSW, 2765",Ampol,2,DC,125 kW,-33.716109,150.8453094,Blacktown City Council,2765,ARENA - Driving the Nation,False,125.0,single_kw,Ampol,Ampol,False,ev_20251216.csv,False,False,False,2765,matches_existing,2765,PCODE,False,existing_retained,DC,not_specified
ev_cf3b6b530ac2cd93af654b8085eb262728fb901a3329f01eb098957c1ed18c41,,,"87-91 Roberts Rd Cnr Moondo St, Greenacre, NSW, 2190",Ampol,2,DC,125 kW,-33.9047231,151.0645884,Strathfield Municipal Council,2190,ARENA - Driving the Nation,False,125.0,single_kw,Ampol,Ampol,False,ev_20251216.csv,False,False,False,2190,matches_existing,2190,PCODE,False,existing_retained,DC,not_specified
ev_b92238bcafa326405ef00b71f6d9408ea98463a303e670525c78283c74a6e73b,,,"88 Broadway, Sydney, 2008",Tesla,3,AC,9 kW,-33.88482987,151.1986226,"Sydney, Council of the City of",2008,Existing Destination Chargers,False,9.0,single_kw,Tesla,Tesla,False,ev_20251216.csv,False,False,False,,no_address_candidate,2008,PCODE,False,existing_retained,AC,not_specified
ev_9358c2bc3c9c6777160febf4d5774a9b90424138f20124f871af59839edc4dc5,,,"88 Christie St, St Leonards NSW 2065",Evie,4,DC,50 kW,-33.82378797,151.1951941,North Sydney Council,2065,ARENA - Driving the Nation,False,50.0,single_kw,Evie,Evie,False,ev_20251216.csv,False,False,False,2065,matches_existing,2065,PCODE,False,existing_retained,DC,not_specified
ev_4b249694e2ca6ac06b2ea255c1c6fecd2ce598b2607a5b50a7d73a405c94c1ca,,,"88 Lockhart Rd, Tooleybuc, 2736",ChargeHub,2,AC,22 kW,-35.02261066,143.3372102,Murray River Council,2736,Existing Destination Chargers,False,22.0,single_kw,ChargeHub,ChargeHub,True,ev_20251216.csv,False,False,False,,no_address_candidate,2736,PCODE,False,existing_retained,AC,not_specified
ev_62c51bf43439bda335b171a2ea7544c9467bd44a6602561bbcdfce0112d2c483,,,"88 Parker St, Sydney, 2747",Exploren,2,AC,22 kW,-33.75796501,150.7125445,Penrith City Council,2747,Existing Destination Chargers,False,22.0,single_kw,Exploren,Exploren,False,ev_20251216.csv,False,False,False,,no_address_candidate,2747,PCODE,False,existing_retained,AC,not_specified
ev_e416b6ed096b22833eb5883e41fde50fff44927dde7128d1c2742cd4ca9e77d5,,,"888 Pittwater Rd, Sydney, 2099",Tesla,4,DC,250 kW,-33.75321026,151.2873604,Northern Beaches Council,2099,Existing Fast Chargers,False,250.0,single_kw,Tesla,Tesla,False,ev_20251216.csv,False,False,False,,no_address_candidate,2099,PCODE,False,existing_retained,DC,not_specified
ev_656bca16ac2fe28073f7568947019bc3a9ee9fc3d5d0c7565b0c798cfada085d,,,"88-90 Houston Rd, Sydney, 2032",Evie,2,DC,50 kW,-33.92407212,151.2266947,Randwick City Council,2032,Existing Fast Chargers,False,50.0,single_kw,Evie,Evie,False,ev_20251216.csv,False,False,False,,no_address_candidate,2032,PCODE,False,existing_retained,DC,not_specified
ev_dd3c5fa1ccaccf7ddc92c402bd1b9f6d51b2903e9467e63a961178bafd039827,,,"89 Barwan St, Narrabri, NSW 2390, Australia,",NRMA,4,DC,50 kW,-29.0572067,152.0186837,Narrabri Shire Council,2372,TfNSW Regional,False,50.0,single_kw,NRMA,NRMA,False,ev_20251216.csv,False,False,False,2390,conflicts_with_existing,,,True,value_conflict,DC,not_specified
ev_649cd43867cabf7ec762a385b013a94cd8487fa3379231d160331fc57492045d,,,"89 Market St, Balranald, 2715",NRMA,2,DC,50 kW,-34.63954159,143.5647087,Balranald Shire Council,2715,Existing Fast Chargers,False,50.0,single_kw,NRMA,NRMA,False,ev_20251216.csv,False,False,False,,no_address_candidate,2715,PCODE,False,existing_retained,DC,not_specified
ev_ca21627a1ce33d61272d445c590a3ebb9e6627d44fe75eef5c7aa5935b4addee,,,"89 Williamson Rd, Sydney, 2565",BP,4,DC,150 kW,-33.98851456,150.8593694,Campbelltown City Council,2565,Existing Fast Chargers,False,150.0,single_kw,BP,BP,False,ev_20251216.csv,False,False,False,,no_address_candidate,2565,PCODE,False,existing_retained,DC,not_specified
ev_ca92dfac7ef77474704c5225fe5a9cd9b6aade181c319da109d429bf07b79a2e,,,"89-113 Kent St, Sydney, 2000",Tesla,3,AC,22 kW,-33.86050055,151.2036006,"Sydney, Council of the City of",2000,Existing Destination Chargers,False,22.0,single_kw,Tesla,Tesla,False,ev_20251216.csv,False,False,False,,no_address_candidate,2000,PCODE,False,existing_retained,AC,not_specified
ev_bde34abbf08b3a9a951b1b580a2959d19e8a98c0e1e7f951ed15531d5dfb378b,,,"895 South Dowling St, Sydney, 2017",Chargefox,3,DC,165 kW,-33.90701506,151.213019,"Sydney, Council of the City of",2017,Existing Fast Chargers,False,165.0,single_kw,Chargefox,Chargefox,False,ev_20251216.csv,False,False,False,,no_address_candidate,2017,PCODE,False,existing_retained,DC,not_specified
ev_358866085800897c6bba1969f55165a974b658a7f0ef2e684cdea61298cc12e7,,,"8s South Steyne, Sydney, 2095",Exploren,2,AC,22 kW,-33.79987792,151.2894434,Northern Beaches Council,2095,Existing Destination Chargers,False,22.0,single_kw,Exploren,Exploren,False,ev_20251216.csv,False,False,False,,no_address_candidate,2095,PCODE,False,existing_retained,AC,not_specified
ev_1547b4f03c696cd111ccbb8a4a7c0be142b7ef785009aac58db63101487788c7,,,"9 Anzac Ave, Sydney, 2097",Exploren,1,AC,22 kW,-33.73860765,151.3041171,Northern Beaches Council,2097,Existing Destination Chargers,False,22.0,single_kw,Exploren,Exploren,False,ev_20251216.csv,False,False,False,,no_address_candidate,2097,PCODE,False,existing_retained,AC,not_specified
ev_eb28ef8abc3b5b936a2a409bc1b64ba4ce5566f55e15249237dfd8e743930307,,,"9 Barracluff Ave, Sydney, 2026",Chargefox,2,AC,22 kW,-33.88954959,151.2665495,Waverley Council,2026,Existing Destination Chargers,False,22.0,single_kw,Chargefox,Chargefox,False,ev_20251216.csv,False,False,False,,no_address_candidate,2026,PCODE,False,existing_retained,AC,not_specified
ev_383cbf777f5d8716ea327b5d94e186eca1dfd57f713de904b0275316ac373a2f,,,"9 Chilvers Rd, Sydney, 2120",Exploren,2,AC,22 kW,-33.72340145,151.0824214,"Hornsby, The Council of the Shire of",2120,Existing Destination Chargers,False,22.0,single_kw,Exploren,Exploren,False,ev_20251216.csv,False,False,False,,no_address_candidate,2120,PCODE,False,existing_retained,AC,not_specified
ev_3be7baa2d42d6a57984d876dff722f71a4bfd68dd29a41f93336c6f69c86c725,,,"9 Eastern Valley Way, Northbridge NSW 2063",Evie,4,DC,50 kW,-33.809326,151.208848,North Sydney Council,2063,ARENA - Driving the Nation,False,50.0,single_kw,Evie,Evie,False,ev_20251216.csv,False,False,False,2063,matches_existing,2063,PCODE,False,existing_retained,DC,not_specified
ev_12e4d2a4f7e24e7c84fc4fb69ef6e03f12c50a49734033cda4a597ba4e8a8094,,,"9 Flinders St, Wollongong North, NSW, 2500",Ampol,2,DC,125 kW,-34.4151195,150.8931953,Wollongong City Council,2500,ARENA - Driving the Nation,False,125.0,single_kw,Ampol,Ampol,False,ev_20251216.csv,False,False,False,2500,matches_existing,2500,PCODE,False,existing_retained,DC,not_specified
ev_9cb0312439f56a01897eff68dc3164d864ad008e509b303b3769d510a6eb4e0f,,,"9 Lagoon St, Sydney, 2101",JOLT,2,DC,25 kW,-33.7136587,151.2982913,Northern Beaches Council,2101,Existing Fast Chargers,False,25.0,single_kw,JOLT,JOLT,False,ev_20251216.csv,False,False,False,,no_address_candidate,2101,PCODE,False,existing_retained,DC,not_specified
ev_40c06ead1993028790506ff8ae92b10ad5619e69554321038c72c445cf283aca,,,"9 Oscar Pl, Sydney, 2036",Wevolt,6,AC,13 kW,-33.9430521,151.2253984,Bayside Council,2036,Existing Destination Chargers,False,13.0,single_kw,Wevolt,Wevolt,False,ev_20251216.csv,False,False,False,,no_address_candidate,2036,PCODE,False,existing_retained,AC,not_specified
ev_0fa9c467cc752f29db6679ea0c152acbeda47c76ab087b6633005d6a32fd0563,,,"9 Studio Dr, Sydney, 2036",Chargefox,1,AC,22 kW,-33.94074979,151.2258819,Bayside Council,2036,Existing Destination Chargers,False,22.0,single_kw,Chargefox,Chargefox,False,ev_20251216.csv,False,False,False,,no_address_candidate,2036,PCODE,False,existing_retained,AC,not_specified
ev_230add932655e8a04728fe0511e7677bea2f9bea79b51190f59c27b607955e3d,,,"9 Vickery Ave, Sydney, 2029",Evie,4,DC,75 kW,-33.87136141,151.2644124,Woollahra Municipal Council,2029,Existing Fast Chargers,False,75.0,single_kw,Evie,Evie,False,ev_20251216.csv,False,False,False,,no_address_candidate,2029,PCODE,False,existing_retained,DC,not_specified
ev_f5604be29dae71bb25313c1e078393962d595d09121f9c1de81029ade530546e,,,"90 Sydney Ave, Central Coast, 2257",Chargefox,1,AC,22 kW,-33.52986291,151.3111231,Central Coast Council,2257,Existing Destination Chargers,False,22.0,single_kw,Chargefox,Chargefox,False,ev_20251216.csv,False,False,False,,no_address_candidate,2257,PCODE,False,existing_retained,AC,not_specified
ev_e92006169fccbf444252c1372ec3fef4322b6e6d35fddcbe0a6907f67be0f9af,,,"91 Centennial Cct, Byron Bay, 2481",Tesla,1,AC,22 kW,-28.63683388,153.5803333,Byron Shire Council,2481,Existing Destination Chargers,False,22.0,single_kw,Tesla,Tesla,False,ev_20251216.csv,False,False,False,,no_address_candidate,2481,PCODE,False,existing_retained,AC,not_specified
ev_28cab965023b252d011bc0db44ecd3a0d5cc504fe15c0f532761f9ba9a78417b,,,"91 Spring St, Sydney, 2022",Evie,4,DC,75 kW,-33.89264569,151.2481672,Waverley Council,2022,Existing Fast Chargers,False,75.0,single_kw,Evie,Evie,False,ev_20251216.csv,False,False,False,,no_address_candidate,2022,PCODE,False,existing_retained,DC,not_specified
ev_2f6ab6b104d47f185ee328fdd5ced6ba9d9346f5597c765da0367fcfbf6aa52f,,,"9-13 Winbourne Rd, Sydney, 2100",Chargefox,1,AC,22 kW,-33.76461066,151.2773343,Northern Beaches Council,2100,Existing Destination Chargers,False,22.0,single_kw,Chargefox,Chargefox,False,ev_20251216.csv,False,False,False,,no_address_candidate,2100,PCODE,False,existing_retained,AC,not_specified
ev_a0b161e1e16c680ee6a541214580d545d902009230bbeff843da24272546f254,,,"917-923 Old Northern Rd, Dural, NSW, 2158",Ampol,2,DC,125 kW,-33.6828871,151.0284517,"Hornsby, The Council of the Shire of",2158,ARENA - Driving the Nation,False,125.0,single_kw,Ampol,Ampol,False,ev_20251216.csv,False,False,False,2158,matches_existing,2158,PCODE,False,existing_retained,DC,not_specified
ev_4890a9382be16b8604b48f342a015cb54f047b5c8f033761bb4950c01b360d80,,,"92 Houston Rd
Kingsford NSW 2032
Australia",Evie Networks,2,DC,50 kW,-33.9242319,151.2266791,Randwick City Council,2032,Kerbside Charging R1,False,50.0,single_kw,Evie Networks,Evie,False,ev_20251216.csv,True,False,True,2032,matches_existing,2032,PCODE,False,existing_retained,DC,not_specified
ev_f25f91e6f03a2f5b8e6cae0a5ae105ebb2abc2bf677af0f4bf6157c6d63deb64,,Reflections Bonny Hills,"920 Ocean Dr
Bonny Hills NSW 2445
Australia",Non-networked,4,AC,AC,-31.5913436,152.8402533,Port Macquarie-Hastings Council,2445,Destination Charging R2,False,,type_only,Non-networked,Non-networked,False,ev_20251216.csv,False,True,True,2445,matches_existing,2445,PCODE,False,existing_retained,AC,not_specified
ev_e415f5655b2bdc908611aa05150bb926f3aab52ecf12343a64b9fa1f47d7b090,,,"93 Byamee St, Dapto NSW 2530",Evie,4,DC,50 kW,-34.494604,150.795725,Wollongong City Council,2530,ARENA - Driving the Nation,False,50.0,single_kw,Evie,Evie,False,ev_20251216.csv,False,False,False,2530,matches_existing,2530,PCODE,False,existing_retained,DC,not_specified
ev_0fc26db35461f2ba4fa377492ee9ff7d94413389e83b0d22161be831af8be1c0,,,"93 Princes Hwy, Ulladulla, 2539",ChargeHub,2,DC,25 kW,-35.3576507,150.4733804,Shoalhaven City Council,2539,Existing Fast Chargers,False,25.0,single_kw,ChargeHub,ChargeHub,True,ev_20251216.csv,False,False,False,,no_address_candidate,2539,PCODE,False,existing_retained,DC,not_specified
ev_8de3997d297214ebd1072d644aeac0c8414a21576b2f9bec19c4528715d3656d,,,"930 Old Northern Rd, Glenorie NSW 2157",Evie,4,DC,75 kW,-33.60191393,151.0082442,The Hills Shire Council,2157,ARENA - Driving the Nation,False,75.0,single_kw,Evie,Evie,False,ev_20251216.csv,False,False,False,2157,matches_existing,2157,PCODE,False,existing_retained,DC,not_specified
ev_28c5074cc8418160b0a877e812aa7160d511adcefad4e7570763847e2dcce10b,,,"94 Booner St, Hawks Nest, NSW 2324",EVX,2,AC,22 kW,-32.67343948,152.1826226,Mid-Coast Council,NSW 2324,Existing Destination Chargers,False,22.0,single_kw,EVX,EVX,False,ev_20251216.csv,False,False,False,2324,conflicts_with_existing,2324,PCODE,False,existing_format_standardized,AC,not_specified
ev_06ddc7264981e27b29f4a111ea3528bac3506a042190a4729081f3bcae4b85e1,,,"94 Epsom Rd, Sydney, 2017",Chargefox,3,AC,6 kW,-33.91001906,151.208021,"Sydney, Council of the City of",2017,Existing Destination Chargers,False,6.0,single_kw,Chargefox,Chargefox,False,ev_20251216.csv,False,False,False,,no_address_candidate,2017,PCODE,False,existing_retained,AC,not_specified
ev_46979e201218b5771ff12f1f36a7d00a61f1a46c7708a3242aa24d1268e78d49,,,"94 Princes Hwy, Wollongong, 2500",Exploren,4,AC,6 kW,-34.42093898,150.8926356,Wollongong City Council,2500,Existing Destination Chargers,False,6.0,single_kw,Exploren,Exploren,False,ev_20251216.csv,False,False,False,,no_address_candidate,2500,PCODE,False,existing_retained,AC,not_specified
ev_a75663c252f89583dc887b89be28ce9a6cf8938d1ec48e34c5b51a156d7cb7ae,,,"9-49 Chapel Rd, Bankstown NSW 2200",Evie,4,DC,50 kW,-33.931975,151.030127,Canterbury Bankstown Council,2200,ARENA - Driving the Nation,False,50.0,single_kw,Evie,Evie,False,ev_20251216.csv,False,False,False,2200,matches_existing,2200,PCODE,False,existing_retained,DC,not_specified
ev_24b1859326176525ab3d6835da8a083ce7b615e9d6330342e1db37ff67e2dd57,,,"95-97 Grafton St, Sydney, 2022",Chargefox,3,AC,6 kW,-33.89092897,151.2491502,Waverley Council,2022,Existing Destination Chargers,False,6.0,single_kw,Chargefox,Chargefox,False,ev_20251216.csv,False,False,False,,no_address_candidate,2022,PCODE,False,existing_retained,AC,not_specified
ev_32c2f8bb76ca6b9de3b2f415756dca8e7de33f7b2a83a868299b519e83135976,,,"96 Mackay Ave, Yoogali, 2680",Chargefox,2,DC,50 kW,-34.29922127,146.0782252,Griffith City Council,2680,Existing Fast Chargers,False,50.0,single_kw,Chargefox,Chargefox,False,ev_20251216.csv,False,False,False,,no_address_candidate,2680,PCODE,False,existing_retained,DC,not_specified
ev_a61721557f9fdf5ea67a67b1da82ba4458188adbe02d64415ad3548ea98667e6,,,"96 Ocean St, Dudley, 2290",Exploren,1,AC,22 kW,-32.98953658,151.7187928,Lake Macquarie City Council,2290,Existing Destination Chargers,False,22.0,single_kw,Exploren,Exploren,False,ev_20251216.csv,False,False,False,,no_address_candidate,2290,PCODE,False,existing_retained,AC,not_specified
ev_b7595fee109180975840a8cfa34b5d289b18baf0842f3347fe1dd4123652fe52,,,"96-100 Centennial Cct, Byron Bay, 2481",Chargefox,1,DC,80 kW,-28.6372513,153.5806587,Byron Shire Council,2481,Existing Fast Chargers,False,80.0,single_kw,Chargefox,Chargefox,False,ev_20251216.csv,False,False,False,,no_address_candidate,2481,PCODE,False,existing_retained,DC,not_specified
ev_4493f4b116c230dd549cc5079f62ffd3af38197591b7fc0a2bc16b43db14a450,,,"97 Cobra St, Dubbo, 2830",Tesla,2,AC,22 kW,-32.25470475,148.6086486,Dubbo Regional Council,2830,Existing Destination Chargers,False,22.0,single_kw,Tesla,Tesla,False,ev_20251216.csv,False,False,False,,no_address_candidate,2830,PCODE,False,existing_retained,AC,not_specified
ev_7c0f6c093fd91335f9a72a2ce59dda5f04063be78f56d8973f5fd2353c29f00b,,,"97 Glenayr Ave, Sydney, 2026",Chargefox,1,AC,6 kW,-33.88612717,151.273042,Waverley Council,2026,Existing Destination Chargers,False,6.0,single_kw,Chargefox,Chargefox,False,ev_20251216.csv,False,False,False,,no_address_candidate,2026,PCODE,False,existing_retained,AC,not_specified
ev_16a3f7a90e0ef23dfa0e1355888b2dba47661a4533bfa1c2e1f4dff6042f70db,,,"972 Hermitage Rd, Pokolbin, 2320",Exploren,2,AC,22 kW,-32.7347538,151.2585696,Singleton Council,2320,Existing Destination Chargers,False,22.0,single_kw,Exploren,Exploren,False,ev_20251216.csv,False,False,False,,no_address_candidate,2320,PCODE,False,existing_retained,AC,not_specified
ev_ea27d5cacf58e7fe6be6459c8db5170035be1d2bdb6cfd4063cda8a61b9164b2,,,"97R Brook St, Sydney, 2034",Chargefox,2,DC,42 kW,-33.91910615,151.2547838,Randwick City Council,2034,Existing Fast Chargers,False,42.0,single_kw,Chargefox,Chargefox,False,ev_20251216.csv,False,False,False,,no_address_candidate,2034,PCODE,False,existing_retained,DC,not_specified
ev_3a217ba682e2d91406f6117548708b43060d3b6a461a55a8b190b1939b7914dd,,,"98-100 Windsor Rd Cnr Lombard Rd, Northmead, NSW, 2152",Ampol,2,DC,125 kW,-33.7878745,150.9946557,"Parramatta, Council of the City of",2152,ARENA - Driving the Nation,False,125.0,single_kw,Ampol,Ampol,False,ev_20251216.csv,False,False,False,2152,matches_existing,2152,PCODE,False,existing_retained,DC,not_specified
ev_1545a91fa9df4e092e9882aa59fae1ff33db1b6591bb0b2f3d25276caa50a12b,,,"9913 Kosciuszko Rd, Perisher Valley, 2624",Tesla,1,AC,22 kW,-36.40556461,148.4128078,Snowy Monaro Regional Council,2624,Existing Destination Chargers,False,22.0,single_kw,Tesla,Tesla,False,ev_20251216.csv,False,False,False,,no_address_candidate,2624,PCODE,False,existing_retained,AC,not_specified
ev_492e518e62cdd15f7ef62f72202be8ababb9d3ecfe696f0f28018f68ef75d847,,,"997 Milbrodale Rd, Broke, 2330",Tesla,2,AC,22 kW,-32.74639844,151.0733924,Singleton Council,2330,Existing Destination Chargers,False,22.0,single_kw,Tesla,Tesla,False,ev_20251216.csv,False,False,False,,no_address_candidate,2330,PCODE,False,existing_retained,AC,not_specified
ev_5215f585383ee17ca4ba2095bea981872c05c690f0bc55eb8b8647040d5c6ac9,,,"9A Elizabeth Bay Rd, Sydney, 2011",Chargefox,3,AC,6 kW,-33.87324229,151.2260571,"Sydney, Council of the City of",2011,Existing Destination Chargers,False,6.0,single_kw,Chargefox,Chargefox,False,ev_20251216.csv,False,False,False,,no_address_candidate,2011,PCODE,False,existing_retained,AC,not_specified
ev_1526aa7033444869cd459f6e2668fcfac38ec0792f87c44cc68df8d2d72f89fd,,,"A/2 Macquarie St, Sydney, 2150",Exploren,8,AC,22 kW,-33.81408613,150.9991782,"Parramatta, Council of the City of",2150,Existing Destination Chargers,False,22.0,single_kw,Exploren,Exploren,False,ev_20251216.csv,False,False,False,,no_address_candidate,2150,PCODE,False,existing_retained,AC,not_specified
ev_48c14281b143f8d985ce22d24b2f3a5a3ecfb0b6685e8358247e9d60e8ce2a9c,,,"Albert Pde, Sydney, 2131",Exploren,4,AC,22 kW,-33.88281186,151.1232022,Inner West Council,2131,Existing Destination Chargers,False,22.0,single_kw,Exploren,Exploren,False,ev_20251216.csv,False,False,False,,no_address_candidate,2131,PCODE,False,existing_retained,AC,not_specified
ev_cef993547e15d3e5b4e63198ca106e803d9ee6a222c1d59541c422ff4d7f17db,,,"Alford St, Currabubula, 2342",Exploren,2,AC,22 kW,-31.26079584,150.7369459,Liverpool Plains Shire Council,2342,Existing Destination Chargers,False,22.0,single_kw,Exploren,Exploren,False,ev_20251216.csv,False,False,False,,no_address_candidate,2342,PCODE,False,existing_retained,AC,not_specified
ev_c4a30a2feb08b53e3913f878a8d824e9edec0c2d16527c48dfa5d4f85222033c,,,"Alleyne St, Sydney, 2067",EVUp,1,AC,22 kW,-33.78754859,151.1983834,Willoughby City Council,2067,Existing Destination Chargers,False,22.0,single_kw,EVUp,EVUp,False,ev_20251216.csv,False,False,False,,no_address_candidate,2067,PCODE,False,existing_retained,AC,not_specified
ev_e01c62550c05ed0aee7f7bb0b30858b6d7d50054ff95071d2b3e5b9f057d97ec,,,"Alpha Street, Sydney, 2148",Exploren,2,AC,6 kW,-33.7714585,150.908034,Blacktown City Council,2148,Existing Destination Chargers,False,6.0,single_kw,Exploren,Exploren,False,ev_20251216.csv,False,False,False,,no_address_candidate,2148,PCODE,False,existing_retained,AC,not_specified
ev_4ba04f78cdb05ee04c8dd33544a653008f08eba36bc35eb5ba19bf3ec55c4e45,,,"Anderson St, Sydney, 2067",Exploren,2,DC,50 kW,-33.79641046,151.1836096,Willoughby City Council,2067,Existing Fast Chargers,False,50.0,single_kw,Exploren,Exploren,False,ev_20251216.csv,False,False,False,,no_address_candidate,2067,PCODE,False,existing_retained,DC,not_specified
ev_9b8d27682cc4b668ce99b7cd3129d17c67b3ce9c773e3aea11140c8c7f6e8fe2,,,"Arthur St, Moss Vale, 2577",Porsche Smart Mobility,1,AC,11 kW,-34.55724529,150.3719379,Wingecarribee Shire Council,2577,Existing Destination Chargers,False,11.0,single_kw,Porsche Smart Mobility,Porsche Smart Mobility,True,ev_20251216.csv,False,False,False,,no_address_candidate,2577,PCODE,False,existing_retained,AC,not_specified
ev_b99d0fed15ff5c257f7803b596839a1b818756861cab384f9836a95875cee030,,,"Ascot St, Sydney, 2033",Exploren,4,AC,22 kW,-33.90838043,151.2263453,Randwick City Council,2033,Existing Destination Chargers,False,22.0,single_kw,Exploren,Exploren,False,ev_20251216.csv,False,False,False,,no_address_candidate,2033,PCODE,False,existing_retained,AC,not_specified
ev_95d1b1bc7ac361ad20e5eae5988030132b3268914e71d716914f7b04d5528771,,,"Avenue Rd, Sydney, 2088",BP,2,DC,75 kW,-33.83197602,151.2373874,Mosman Municipal Council,2088,Existing Fast Chargers,False,75.0,single_kw,BP,BP,False,ev_20251216.csv,False,False,False,,no_address_candidate,2088,PCODE,False,existing_retained,DC,not_specified
ev_6b6036e412e474639adcaf38755fa67b79e5382a38b769f0ad3f4aadc14730b5,,,"B640 Princes Hwy, Berry, 2535",Tesla,12,DC,130 kW,-34.80794299,150.637044,Shoalhaven City Council,2535,Existing Fast Chargers,False,130.0,single_kw,Tesla,Tesla,False,ev_20251216.csv,False,False,False,,no_address_candidate,2535,PCODE,False,existing_retained,DC,not_specified
ev_d78ebdb444902c4841739d1062fd1bf17f30d0cec247a5ab3a23171d523efb41,,,"B640 Princes Hwy, Jaspers Brush, 2535",Tesla,2,AC,22 kW,-34.80908213,150.6371221,Shoalhaven City Council,2535,Existing Destination Chargers,False,22.0,single_kw,Tesla,Tesla,False,ev_20251216.csv,False,False,False,,no_address_candidate,2535,PCODE,False,existing_retained,AC,not_specified
ev_46bf74686a76a267a5e64cbdc9dae11c1e29d8c0cea2121d95e2fa9503564209,,,"Banyandah St, South Durras, 2536",Chargefox,4,AC,22 kW,-35.66760265,150.2992292,Eurobodalla Shire Council,2536,Existing Destination Chargers,False,22.0,single_kw,Chargefox,Chargefox,False,ev_20251216.csv,False,False,False,,no_address_candidate,2536,PCODE,False,existing_retained,AC,not_specified
ev_611816d37be8aab7085db38717c9eea2b62a225e534454bebf22a7323d82656a,,,"Bay St, Sydney, 2007",Tesla,3,AC,22 kW,-33.88364169,151.1948789,"Sydney, Council of the City of",2007,Existing Destination Chargers,False,22.0,single_kw,Tesla,Tesla,False,ev_20251216.csv,False,False,False,,no_address_candidate,2007,PCODE,False,existing_retained,AC,not_specified
ev_c7b412ce1fcf64f8afbfa2a3387c05ae8d7d425a97d41e60e0550d8d864260be,,,"Beachside Dr, Caves Beach, 2281",Porsche Smart Mobility,4,AC,11 kW,-33.10472377,151.648005,Lake Macquarie City Council,2281,Existing Destination Chargers,False,11.0,single_kw,Porsche Smart Mobility,Porsche Smart Mobility,True,ev_20251216.csv,False,False,False,,no_address_candidate,2281,PCODE,False,existing_retained,AC,not_specified
ev_aafee046bed876c768ac7798999b7f3229c22333ff7c4d94f83e91b9708759dc,,,"Bellambi Ln, Wollongong, 2518",Exploren,2,DC,120 kW,-34.36218023,150.907982,Wollongong City Council,2518,Existing Fast Chargers,False,120.0,single_kw,Exploren,Exploren,False,ev_20251216.csv,False,False,False,,no_address_candidate,2518,PCODE,False,existing_retained,DC,not_specified
ev_cbca7dfe8ec310ed6144c18916cd4137d118e7a853f82e24bbc78d4be98fd099,,,"Berowra Railway Station, Pacific Highway, Berowra, New South Wales 2081, Australia",JOLT,1,DC,25 kW,-33.623906,151.151802,"Hornsby, The Council of the Shire of",2081,TfNSW Commuter Car Parks,False,25.0,single_kw,JOLT,JOLT,False,ev_20251216.csv,False,False,False,,no_address_candidate,2081,PCODE,False,existing_retained,DC,not_specified
ev_502b9ccbd890d08586aa5c0ba0af283a9a871d2b31310ff4382740a61e013e7e,,,"Bradleys Head Road, Sydney, 2088",Chargefox,2,AC,22 kW,-33.84167072,151.2429499,Mosman Municipal Council,2088,Existing Destination Chargers,False,22.0,single_kw,Chargefox,Chargefox,False,ev_20251216.csv,False,False,False,,no_address_candidate,2088,PCODE,False,existing_retained,AC,not_specified
ev_be86e2d83b9cfbe7cb7a69a06eaf85039d63edc361037158c55d35514a24d8a4,,,"Breese Pde, Forster, 2428",Chargefox,1,AC,6 kW,-32.20032137,152.5184084,Mid-Coast Council,2428,Existing Destination Chargers,False,6.0,single_kw,Chargefox,Chargefox,False,ev_20251216.csv,False,False,False,,no_address_candidate,2428,PCODE,False,existing_retained,AC,not_specified
ev_383df2944eaaede5ff3d73d5bc84de07ea1a20a14285f7bce6a77ca18eeaa0be,,,"Brunswick Ter, Brunswick Heads, 2483",Tesla,1,AC,6 kW,-28.53977782,153.5522432,Byron Shire Council,2483,Existing Destination Chargers,False,6.0,single_kw,Tesla,Tesla,False,ev_20251216.csv,False,False,False,,no_address_candidate,2483,PCODE,False,existing_retained,AC,not_specified
ev_896f4ca19ddc05a3365c99494ce97467b35c801d40644f31800610609a1ccb52,,,"Bryant Dr, Central Coast, 2259",Tesla,12,DC,130 kW,-33.31010015,151.4206827,Central Coast Council,2259,Existing Fast Chargers,False,130.0,single_kw,Tesla,Tesla,False,ev_20251216.csv,False,False,False,,no_address_candidate,2259,PCODE,False,existing_retained,DC,not_specified
ev_f4af6530ae1162ea680de6fbe7906b7aaf8b397e5c37783345992d0e4224d890,,Kempsey Shire Council,"Buchanan Dr
South West Rocks NSW 2431
Australia",Exploren,2,AC,AC,-30.88653,153.0379572,Kempsey Shire Council,2431,Destination Charging R1,False,,type_only,Exploren,Exploren,False,ev_20251216.csv,True,False,True,2431,matches_existing,2431,PCODE,False,existing_retained,AC,not_specified
ev_5980727ec2879b9fe52b354cb3441520d1b5ca44a1a90784bcdc2427e68ffa3c,,,"Bunnerong Rd, Sydney, 2036",Chargefox,2,DC,40 kW,-33.97296101,151.2365656,Randwick City Council,2036,Existing Fast Chargers,False,40.0,single_kw,Chargefox,Chargefox,False,ev_20251216.csv,False,False,False,,no_address_candidate,2036,PCODE,False,existing_retained,DC,not_specified
ev_14c1871cfc7475e24df5f9c3a07fe82f8a0d1e08d443cdece41126276b65e6cc,,,"Cabarita Rd, Bogangar, 2488",NRMA,1,AC,22 kW,-28.33169174,153.5641411,Tweed Shire Council,2488,Existing Destination Chargers,False,22.0,single_kw,NRMA,NRMA,False,ev_20251216.csv,False,False,False,,no_address_candidate,2488,PCODE,False,existing_retained,AC,not_specified
ev_bd97d9f8792aa38205dc89a64ed2e4cdc668959ec490f083079b8e74b80fd2df,,,"Camden Valley Way &, Somerset Ave, Narellan NSW 2567",Evie,4,DC,150 kW,-34.0397301,150.7385139,Camden Council,2022,ARENA - Driving the Nation,False,150.0,single_kw,Evie,Evie,False,ev_20251216.csv,False,False,False,2567,conflicts_with_existing,,,True,value_conflict,DC,not_specified
ev_f59f2ecb406ca7beca876ca9e0c2f5459b9195676489e222a9f66ad5a158cf2e,,,"Campbell St, Sydney, 2150",EVUp,1,AC,22 kW,-33.81783788,150.999956,"Parramatta, Council of the City of",2150,Existing Destination Chargers,False,22.0,single_kw,EVUp,EVUp,False,ev_20251216.csv,False,False,False,,no_address_candidate,2150,PCODE,False,existing_retained,AC,not_specified
ev_ec318e41c9e765e4fedc70e7a7f1455b5893c24fcbca4d45af9947d3019a6c37,,,"Car Park behind the Civic Centre, Orange, 2800",NRMA,2,DC,50 kW,-33.28142647,149.1027898,Orange City Council,2800,Existing Fast Chargers,False,50.0,single_kw,NRMA,NRMA,False,ev_20251216.csv,False,False,False,,no_address_candidate,2800,PCODE,False,existing_retained,DC,not_specified
ev_2f8f7072e8e1222bd4543430229589b8bf7b0d60ecf75194fd1b080f414535d5,,,"Car park, 51 Evans St (Victoria Park), Inverell, NSW 2360, Australia",NRMA,2,DC,75 kW,-35.1086448,147.3732036,Inverell Shire Council,2650,TfNSW Regional,False,75.0,single_kw,NRMA,NRMA,False,ev_20251216.csv,False,False,False,2360,conflicts_with_existing,,,True,value_conflict,DC,not_specified
ev_fdd79f21a3b5b52d131cd997345814faa71f49945d25acbf27a4df5fbd42f1e2,,,"Car park, Little Hoskins St, Temora, NSW 2666",NRMA,2,DC,50 kW,-30.9827002,151.5928644,Temora Shire Council,2354,TfNSW Regional,False,50.0,single_kw,NRMA,NRMA,False,ev_20251216.csv,False,False,False,2666,conflicts_with_existing,,,True,value_conflict,DC,not_specified
ev_4da72b6508e703a6129f2d1a943bff9916ac153e9daa4e819b3d27f4ab5ef304,,,"Carrington Pde, Sydney, 2096",EVUp,5,AC,22 kW,-33.77900205,151.2924134,Northern Beaches Council,2096,Existing Destination Chargers,False,22.0,single_kw,EVUp,EVUp,False,ev_20251216.csv,False,False,False,,no_address_candidate,2096,PCODE,False,existing_retained,AC,not_specified
ev_6f15c9f4ef710785f91296158349a59ff347e397290d6bf370dce988a524c9ff,,,"Castlereagh Rd, Sydney, 2750",Ampol,2,DC,150 kW,-33.74298103,150.69296,Penrith City Council,2750,Existing Fast Chargers,False,150.0,single_kw,Ampol,Ampol,False,ev_20251216.csv,False,False,False,,no_address_candidate,2750,PCODE,False,existing_retained,DC,not_specified
ev_91a22fbe9d654f5b281dd5d3e14323f01bc183a9478623b2e85ecb5253a16ee6,,,"Central Ave 2, Sydney, 2015",Ampol,6,DC,150 kW,-33.89561066,151.1961411,"Sydney, Council of the City of",2015,Existing Fast Chargers,False,150.0,single_kw,Ampol,Ampol,False,ev_20251216.csv,False,False,False,,no_address_candidate,2015,PCODE,False,existing_retained,DC,not_specified
ev_f225ce85f83ea7a47668a3cbad536a1b00171e7c52705e826cd142254150b36a,,,"Church St, Glen Innes, 2370",EVUp,1,AC,22 kW,-29.73817122,151.7375185,Glen Innes Severn Council,2370,Existing Destination Chargers,False,22.0,single_kw,EVUp,EVUp,False,ev_20251216.csv,False,False,False,,no_address_candidate,2370,PCODE,False,existing_retained,AC,not_specified
ev_153bd3801b23470bf97f86b50abfb2861b9a61568e7a8127b021910a98f4da85,,,"Church St, Sydney, 2024",EVX,2,AC,22 kW,-33.89814219,151.2537778,Waverley Council,2024,Existing Destination Chargers,False,22.0,single_kw,EVX,EVX,False,ev_20251216.csv,False,False,False,,no_address_candidate,2024,PCODE,False,existing_retained,AC,not_specified
ev_a157524a56d4b41aa5615a650ad03557f1f0ca5d8b7f7287184d60ed18731bb9,,,"Civic Dr, Sydney, 2099",ChargePoint,2,AC,6 kW,-33.75034339,151.2866637,Northern Beaches Council,2099,Existing Destination Chargers,False,6.0,single_kw,ChargePoint,ChargePoint,False,ev_20251216.csv,False,False,False,,no_address_candidate,2099,PCODE,False,existing_retained,AC,not_specified
ev_a56b51177a15361d425e0e3c9b6b4e579ab481eef61eafdc9eb7a71fb8ffb3b4,,,"Cnr Beggs Road & Rooty Hill Road, Sydney, 2766",Chargefox,4,AC,6 kW,-33.7847568,150.8531011,Blacktown City Council,2766,Existing Destination Chargers,False,6.0,single_kw,Chargefox,Chargefox,False,ev_20251216.csv,False,False,False,,no_address_candidate,2766,PCODE,False,existing_retained,AC,not_specified
ev_5bc6fb6ae504fa6dfbc6103eaa675b21d6706519146a12374d51c8defd51ee3e,,,"Cnr Compton Drive & Cedar Cres, Ballina, 2478",Tesla,2,AC,22 kW,-28.86860365,153.5889309,Ballina Shire Council,2478,Existing Destination Chargers,False,22.0,single_kw,Tesla,Tesla,False,ev_20251216.csv,False,False,False,,no_address_candidate,2478,PCODE,False,existing_retained,AC,not_specified
ev_5897b265d247b1dd7eba62f51422a72851cb4afc306d86e80ab3605179de9d30,,,"Cnr Dunheved Rd & Henry Lawson Dr, Werrington, NSW, 2747",Ampol,2,DC,125 kW,-33.7463077,150.7413197,Penrith City Council,2747,ARENA - Driving the Nation,False,125.0,single_kw,Ampol,Ampol,False,ev_20251216.csv,False,False,False,2747,matches_existing,2747,PCODE,False,existing_retained,DC,not_specified
ev_2ceeb667f40cf2272e409aaeafb96d9d9c8dd658bf2edeed2f8f6b46d437aed4,,,"Cnr Elara Bvd &, Northbourne Dr, Sydney, 2765",Evie,4,DC,150 kW,-33.69514919,150.8213664,Blacktown City Council,2765,Existing Fast Chargers,False,150.0,single_kw,Evie,Evie,False,ev_20251216.csv,False,False,False,,no_address_candidate,2765,PCODE,False,existing_retained,DC,not_specified
ev_8df6e591395f0182787ec3f12a2812f5a0ae5cad6aa301345e9d81a1d747e1b1,,,"Cnr Herring & Waterloo Rd, North Ryde NSW 2113",Evie,4,DC,50 kW,-33.776893,151.122247,"Ryde, Council of the City of",2113,ARENA - Driving the Nation,False,50.0,single_kw,Evie,Evie,False,ev_20251216.csv,False,False,False,2113,matches_existing,2113,PCODE,False,existing_retained,DC,not_specified
ev_4329e07697dc097d7df3ad78c1cbc455e848da392d04f115b14c386134fb4752,,,"Cnr Herring Rd & Waterloo Rd, Sydney, 2113",Tesla,20,DC,130 kW,-33.77721726,151.1208809,"Ryde, Council of the City of",2113,Existing Fast Chargers,False,130.0,single_kw,Tesla,Tesla,False,ev_20251216.csv,False,False,False,,no_address_candidate,2113,PCODE,False,existing_retained,DC,not_specified
ev_7b7a7448e27e899614a13a15bbe004d350287803a114818e97974b5a350e1294,,,"Cnr Miller & Amherst St, Cammeray NSW 2062",Evie,4,DC,75 kW,-33.82301829,151.2093468,North Sydney Council,2062,ARENA - Driving the Nation,False,75.0,single_kw,Evie,Evie,False,ev_20251216.csv,False,False,False,2062,matches_existing,2062,PCODE,False,existing_retained,DC,not_specified
ev_0d8289fd2c15703f853438b8ee580a437d764bc54c2c6dad1e7672ce8f72b3f8,,,"Cnr Trafalgar St & Pembroke St, Sydney, 2024",Chargefox,2,DC,50 kW,-33.90722527,151.2647708,Waverley Council,2024,Existing Fast Chargers,False,50.0,single_kw,Chargefox,Chargefox,False,ev_20251216.csv,False,False,False,,no_address_candidate,2024,PCODE,False,existing_retained,DC,not_specified
ev_be4b3acecbd88a0b5a7f5c562f822f0402d1cc7284fc85750c372084970056ee,,,"Commercial St, Walla Walla, 2659",NRMA,1,AC,22 kW,-35.76493698,146.901041,Greater Hume Shire Council,2659,Existing Destination Chargers,False,22.0,single_kw,NRMA,NRMA,False,ev_20251216.csv,False,False,False,,no_address_candidate,2659,PCODE,False,existing_retained,AC,not_specified
ev_1b21538ca3591e4e6222b90265334877ea9d529c0703ad46f1dfff10533d41e0,,,"Corner of Snowy River Avenue and Kalkite St, Jindabyne, 2627",NRMA,4,DC,50 kW,-36.415952,148.6198038,Snowy Monaro Regional Council,2627,Existing Fast Chargers,False,50.0,single_kw,NRMA,NRMA,False,ev_20251216.csv,False,False,False,,no_address_candidate,2627,PCODE,False,existing_retained,DC,not_specified
ev_a2150ca8b5341864436f2141a9bfa90473f65c1943df26557dce8b63d94ef2da,,,"Cowper Street, Warrawong, NSW 2502",EVUp,2,AC,22 kW,-34.4861592,150.8879279,Wollongong City Council,NSW 2502,Existing Destination Chargers,False,22.0,single_kw,EVUp,EVUp,False,ev_20251216.csv,False,False,False,2502,conflicts_with_existing,2502,PCODE,False,existing_format_standardized,AC,not_specified
ev_e06fb7bd54d1aa927b97bff438f2a4e4a1e5c6973f2d320749002f7fba0cafdc,,,"Cronulla Railway Station, Tonkin Street, Cronulla, New South Wales 2230, Australia",JOLT,1,DC,25 kW,-34.05771,151.151975,Sutherland Shire Council,2230,TfNSW Commuter Car Parks,False,25.0,single_kw,JOLT,JOLT,False,ev_20251216.csv,False,False,False,,no_address_candidate,2230,PCODE,False,existing_retained,DC,not_specified
ev_8799be3c2bb0eadd208df6bf2b5e9c52d1abf048d6267f282d292572c4355c06,,,"Cypress Dr, Pokolbin, 2320",Tesla,2,AC,6 kW,-32.78510015,151.2896006,Cessnock City Council,2320,Existing Destination Chargers,False,6.0,single_kw,Tesla,Tesla,False,ev_20251216.csv,False,False,False,,no_address_candidate,2320,PCODE,False,existing_retained,AC,not_specified
ev_a6ee5b9323d796000ae02b45f4c13d618aedc5b7fab68eb1bca350c68116406a,,,"Dalton St, Parkes, 2870",NRMA,2,DC,75 kW,-33.13720725,148.1726176,Parkes Shire Council,2870,Existing Fast Chargers,False,75.0,single_kw,NRMA,NRMA,False,ev_20251216.csv,False,False,False,,no_address_candidate,2870,PCODE,False,existing_retained,DC,not_specified
ev_8b11f5d64768ce6b0921b04f5d454bb413b425551b1206a1673b2761fe77cc75,,,"Darling Cswy, Mount Victoria, 2786",Non-networked,2,AC,22 kW,-33.58671976,150.2568799,Blue Mountains City Council,2786,Existing Destination Chargers,False,22.0,single_kw,Non-networked,Non-networked,False,ev_20251216.csv,False,False,False,,no_address_candidate,2786,PCODE,False,existing_retained,AC,not_specified
ev_eca369e42c01683310aab1efcaecdb89c3d7830d14da972ed915ed2022ac369c,,,"Darling Dr, Sydney, 2000",NRMA,20,AC,22 kW,-33.8751502,151.1995636,"Sydney, Council of the City of",2000,Existing Destination Chargers,False,22.0,single_kw,NRMA,NRMA,False,ev_20251216.csv,False,True,True,,no_address_candidate,2000,PCODE,False,existing_retained,AC,not_specified
ev_43d6ef23043b6cc43a63092b460f26a860582e38d89b25ed41e5bbbe9dc3996f,,,"Darling Dr, Sydney, 2000",NRMA,5,AC,22 kW,-33.8767518,151.20002,"Sydney, Council of the City of",2000,Existing Destination Chargers,False,22.0,single_kw,NRMA,NRMA,False,ev_20251216.csv,False,True,True,,no_address_candidate,2000,PCODE,False,existing_retained,AC,not_specified
ev_24188f20dfa19a6dc3e3fcaf50602f6657b00dc50de06681907c514043d57488,,,"Darwin St, Cessnock, 2325",Everty,3,AC,6 kW,-32.83657562,151.3539109,Cessnock City Council,2325,Existing Destination Chargers,False,6.0,single_kw,Everty,Everty,False,ev_20251216.csv,False,False,False,,no_address_candidate,2325,PCODE,False,existing_retained,AC,not_specified
ev_ccbaf51564d2ad5feffd4869efb66a1201df5cf258d3cf4f5ffc6205505e5b46,,,"Date St, Newcastle, 2289",Chargefox,2,AC,22 kW,-32.93447852,151.7247487,Newcastle City Council,2289,Existing Destination Chargers,False,22.0,single_kw,Chargefox,Chargefox,False,ev_20251216.csv,False,False,False,,no_address_candidate,2289,PCODE,False,existing_retained,AC,not_specified
ev_936f8016432b89dcb0ffb98cb831a1e8757b515e110d62c6474ed206024ca803,,,"Don Kendell Dr, Forest Hill, 2651",Tesla,1,AC,22 kW,-35.15820325,147.4594585,Wagga Wagga City Council,2651,Existing Destination Chargers,False,22.0,single_kw,Tesla,Tesla,False,ev_20251216.csv,False,False,False,,no_address_candidate,2651,PCODE,False,existing_retained,AC,not_specified
ev_b04070d1a61060606f9eff76bb3187dec2763edc71841621c2368c0d88ffdd31,,,"Dorhauer Ln, Sydney, 2025",Evie,2,DC,75 kW,-33.88851356,151.2376316,Woollahra Municipal Council,2025,Existing Fast Chargers,False,75.0,single_kw,Evie,Evie,False,ev_20251216.csv,False,False,False,,no_address_candidate,2025,PCODE,False,existing_retained,DC,not_specified
ev_638098ea67ef3719a26784ba6d87c1754b8cdcde4320e7aca8ed8c074f422fdd,,,"Eric Felton St, Sydney, 2154",Tesla,3,AC,22 kW,-33.72919824,151.0068078,The Hills Shire Council,2154,Existing Destination Chargers,False,22.0,single_kw,Tesla,Tesla,False,ev_20251216.csv,False,False,False,,no_address_candidate,2154,PCODE,False,existing_retained,AC,not_specified
ev_edc2e07c5bb711a681b858e48a7c17c3fae8e694e475f0b9ab4d60b511daab87,,,"Eskbank St, Lithgow, 2790",NRMA,4,DC,180 kW,-33.48123828,150.1588018,"Lithgow Council, City of",2790,Existing Fast Chargers,False,180.0,single_kw,NRMA,NRMA,False,ev_20251216.csv,False,False,False,,no_address_candidate,2790,PCODE,False,existing_retained,DC,not_specified
ev_c0885e33b75755c38ca654c2d8e3b3fd40eee017419a362fcc423f6f58c3976f,,,"f 419 Hinterland Wy, Knockrow , 2479",Tesla,12,DC,130 kW,-28.74953958,153.5347227,Ballina Shire Council,2479,Existing Fast Chargers,False,130.0,single_kw,Tesla,Tesla,False,ev_20251216.csv,False,False,False,,no_address_candidate,2479,PCODE,False,existing_retained,DC,not_specified
ev_a932fdd49582d4734c72e738afe212b258968fcaa3d7db424d07dd1023de4d0e,,,"Ferguson Cres, Mittagong, 2575",Porsche Smart Mobility,1,AC,11 kW,-34.44740445,150.4612402,Wingecarribee Shire Council,2575,Existing Destination Chargers,False,11.0,single_kw,Porsche Smart Mobility,Porsche Smart Mobility,True,ev_20251216.csv,False,False,False,,no_address_candidate,2575,PCODE,False,existing_retained,AC,not_specified
ev_7b7efd79f9219f5222463989f8af98210ad0623b10ffcf1f2107237b0f906183,,,"First Ave, Gundagai, 2722",Porsche Smart Mobility,2,AC,11 kW,-35.06456061,148.1075155,Cootamundra-gundagai Regional Council,2722,Existing Destination Chargers,False,11.0,single_kw,Porsche Smart Mobility,Porsche Smart Mobility,True,ev_20251216.csv,False,False,False,,no_address_candidate,2722,PCODE,False,existing_retained,AC,not_specified
ev_e8518d0ea2e3b64902041ba368d8d20f6dc576f3cefbbe38de403aa1d15be204,,,"Franklin St, Sydney, 2036",Evie,2,DC,75 kW,-33.96116721,151.2488509,Randwick City Council,2036,Existing Fast Chargers,False,75.0,single_kw,Evie,Evie,False,ev_20251216.csv,False,False,False,,no_address_candidate,2036,PCODE,False,existing_retained,DC,not_specified
ev_3af9aa4d25657b3a5cd6977d28ddcacaa1fa9efd6e63ce38db623bdc09d30287,,,"Gallagher St, Byron Bay, 2481",Chargefox,2,AC,22 kW,-28.63008013,153.5810821,Byron Shire Council,2481,Existing Destination Chargers,False,22.0,single_kw,Chargefox,Chargefox,False,ev_20251216.csv,False,False,False,,no_address_candidate,2481,PCODE,False,existing_retained,AC,not_specified
ev_5b96c6bf889a7db4bc17bf6236d06def8c229187a23ace544fc85a1e2b57336a,,,"Gardeners Rd, Sydney, 2020",JOLT,2,DC,25 kW,-33.92049354,151.1907497,"Sydney, Council of the City of",2020,Existing Fast Chargers,False,25.0,single_kw,JOLT,JOLT,False,ev_20251216.csv,False,True,True,,no_address_candidate,2020,PCODE,False,existing_retained,DC,not_specified
ev_de3c1a8ef52402a5eb58d8d524ec2fedea17291d72938b515013a1e55bdc9659,,,"Gardeners Rd, Sydney, 2020",JOLT,2,DC,25 kW,-33.92059364,151.1914745,"Sydney, Council of the City of",2020,Existing Fast Chargers,False,25.0,single_kw,JOLT,JOLT,False,ev_20251216.csv,False,True,True,,no_address_candidate,2020,PCODE,False,existing_retained,DC,not_specified
ev_92e140b23cab794a3713a9c8560f8cf52e7df0bee46484c8f2b73449390f4f31,,,"Gasworks Ln, Molong, 2866",NRMA,1,AC,22 kW,-33.09089894,148.8704144,Cabonne Council,2866,Existing Destination Chargers,False,22.0,single_kw,NRMA,NRMA,False,ev_20251216.csv,False,False,False,,no_address_candidate,2866,PCODE,False,existing_retained,AC,not_specified
ev_b7e33a8eb34134563442a4ac84ffff0a1d7412d25b19285df8c5a9a83c62b0ce,,,"Gipps St, Bega, 2550",NRMA,2,DC,50 kW,-36.67324729,149.843047,Bega Valley Shire Council,2550,Existing Fast Chargers,False,50.0,single_kw,NRMA,NRMA,False,ev_20251216.csv,False,False,False,,no_address_candidate,2550,PCODE,False,existing_retained,DC,not_specified
ev_042c516ef5ce28d01566b1a94fd8e5e79723b00be03d0c531be9aa23795a740a,,,"Goobarabah Ave, Central Coast, 2263",Chargefox,2,AC,22 kW,-33.24040245,151.5038719,Central Coast Council,2263,Existing Destination Chargers,False,22.0,single_kw,Chargefox,Chargefox,False,ev_20251216.csv,False,False,False,,no_address_candidate,2263,PCODE,False,existing_retained,AC,not_specified
ev_c2a59c96c567d70eb9c1d8bab2afdb015ea9791a992f5f54ec680073705c901e,,,"Grandview Lane, Bowen Mountain, 2753",Porsche Destination Charging,1,AC,11 kW,-33.58239244,150.6335656,Hawkesbury City Council,2753,Existing Destination Chargers,False,11.0,single_kw,Porsche Destination Charging,Porsche Destination Charging,True,ev_20251216.csv,False,False,False,,no_address_candidate,2753,PCODE,False,existing_retained,AC,not_specified
ev_aef228b92c2a3438b5daf55632a4afc4b65d3dd768509aaac9035e5564d8beb5,,,"Grenache Way, Murrumbateman, 2582",Porsche Smart Mobility,1,AC,11 kW,-34.97787592,149.0084344,Yass Valley Council,2582,Existing Destination Chargers,False,11.0,single_kw,Porsche Smart Mobility,Porsche Smart Mobility,True,ev_20251216.csv,False,False,False,,no_address_candidate,2582,PCODE,False,existing_retained,AC,not_specified
ev_ce8cfc2dd6ca5b6050d1d1dd7d59d096b5b3d3b8cdca3c2df4f259fa177ded3b,,,"Griffith St, Tweed Heads, 2485",Chargefox,2,AC,22 kW,-28.16872577,153.5430551,Tweed Shire Council,2485,Existing Destination Chargers,False,22.0,single_kw,Chargefox,Chargefox,False,ev_20251216.csv,False,False,False,,no_address_candidate,2485,PCODE,False,existing_retained,AC,not_specified
ev_7e2ee713b3ab9f7483c915e06fa57620f3a738d4397aea88b4d53a9293e76903,,,"Halls Rd, Pokolbin, 2320",Porsche Smart Mobility,2,AC,11 kW,-32.77742747,151.3148879,Cessnock City Council,2320,Existing Destination Chargers,False,11.0,single_kw,Porsche Smart Mobility,Porsche Smart Mobility,True,ev_20251216.csv,False,False,False,,no_address_candidate,2320,PCODE,False,existing_retained,AC,not_specified
ev_cf46f0650c3b85f1f68bb84d1c01c3e4f7484773a58bce4a9b0ad5f34f523ae9,,,"Harbour Boulevard, Shell Cove, 2529",Chargefox,2,DC,350 kW,-34.58859964,150.8661131,Shellharbour City Council,2529,Existing Fast Chargers,False,350.0,single_kw,Chargefox,Chargefox,False,ev_20251216.csv,False,False,False,,no_address_candidate,2529,PCODE,False,existing_retained,DC,not_specified
ev_634e02629502a18c50bca9c41aa553c6faf5c22c920d2bb3a80eb7cd037225bf,,,"Hassall St, Sydney, 2142",BP,4,DC,150 kW,-33.81961366,151.0213463,"Parramatta, Council of the City of",2142,Existing Fast Chargers,False,150.0,single_kw,BP,BP,False,ev_20251216.csv,False,False,False,,no_address_candidate,2142,PCODE,False,existing_retained,DC,not_specified
ev_ae586fded39e78d6652c061c577c326efba2812ae6ad7694b996cbaf205b4b8b,,,"Hassall Street & James Rouse Drive, Sydney, 2142",BP,4,DC,150 kW,-33.81968873,151.0213023,"Parramatta, Council of the City of",2142,Existing Fast Chargers,False,150.0,single_kw,BP,BP,False,ev_20251216.csv,False,False,False,,no_address_candidate,2142,PCODE,False,existing_retained,DC,not_specified
ev_11cb767bb8ea63f96debc032b8d789d90e65bd6f45d15b0c7eb8fe9ec7746cb8,,,"Hastings St, Wauchope, 2446",NRMA,4,DC,60 kW,-31.4561542,152.7327227,Port Macquarie-Hastings Council,2446,Existing Fast Chargers,False,60.0,single_kw,NRMA,NRMA,False,ev_20251216.csv,False,False,False,,no_address_candidate,2446,PCODE,False,existing_retained,DC,not_specified
ev_1acd273d3be86916bc8b8ead6a668ef19c893dc26db90946372fc253e228a36e,,,"Havenview Rd, Central Coast, 2260",EVUp,2,AC,23 kW,-33.44133738,151.4392553,Central Coast Council,2260,Existing Destination Chargers,False,23.0,single_kw,EVUp,EVUp,False,ev_20251216.csv,False,False,False,,no_address_candidate,2260,PCODE,False,existing_retained,AC,not_specified
ev_2db1158ee06f284dd3046f0c4d03a36b9f73f02cf09ce5c0da076ba14f4f2c2c,,,"Headland Ave, Austinmer, 2515",EVX,2,AC,22 kW,-34.30089594,150.9396096,Wollongong City Council,2515,Existing Destination Chargers,False,22.0,single_kw,EVX,EVX,False,ev_20251216.csv,False,False,False,,no_address_candidate,2515,PCODE,False,existing_retained,AC,not_specified
ev_1f9c6691d24c2127f551ffbdb45116f394883d1c32982c95de13e21ac11ac505,,,"Henderson Rd, Sydney, 2174",Chargefox,10,AC,6 kW,-33.9694585,150.8563874,Liverpool City Council,2174,Existing Destination Chargers,False,6.0,single_kw,Chargefox,Chargefox,False,ev_20251216.csv,False,False,False,,no_address_candidate,2174,PCODE,False,existing_retained,AC,not_specified
ev_d935bd139c91d33630ebb1ed186ce4512b89b943653f888db95f0d9c8211c70e,,,"Herbert St, Tooleybuc, 2736",Non-networked,8,AC,22 kW,-35.02423528,143.3367067,Murray River Council,2736,Existing Destination Chargers,False,22.0,single_kw,Non-networked,Non-networked,False,ev_20251216.csv,False,False,False,,no_address_candidate,2736,PCODE,False,existing_retained,AC,not_specified
ev_63023b9dfafa07691359d9274dc69fd2628f7f48961955e7f4fe850f85845095,,,"Hermitage Rd, Pokolbin, 2320",Tesla,2,AC,17 kW,-32.7277508,151.2606126,Singleton Council,2320,Existing Destination Chargers,False,17.0,single_kw,Tesla,Tesla,False,ev_20251216.csv,False,False,False,,no_address_candidate,2320,PCODE,False,existing_retained,AC,not_specified
ev_ee0cfbf9303b6a42a8135ee9668ec854acd3387a315dc9535a1c2f9f5b212b39,,,"Hermitage Road, Pokolbin, 2320",Porsche Smart Mobility,1,AC,11 kW,-32.73467072,151.2624855,Singleton Council,2320,Existing Destination Chargers,False,11.0,single_kw,Porsche Smart Mobility,Porsche Smart Mobility,True,ev_20251216.csv,False,False,False,,no_address_candidate,2320,PCODE,False,existing_retained,AC,not_specified
ev_103e74bf67fe4ae58fd148126f298cc3b38aaddb3364e9e7101995f54de745e9,,,"Holborn Ct, Sydney, 2557",Exploren,4,DC,150 kW,-34.02030235,150.7634565,Camden Council,2557,Existing Fast Chargers,False,150.0,single_kw,Exploren,Exploren,False,ev_20251216.csv,False,False,False,,no_address_candidate,2557,PCODE,False,existing_retained,DC,not_specified
ev_e99eb29928b7039844b92227b017df0500e9a28e322a79a6fb737a760e222333,,,"Horderns Rd, Bowral, 2576",Porsche Smart Mobility,1,AC,11 kW,-34.49890695,150.4816156,Wingecarribee Shire Council,2576,Existing Destination Chargers,False,11.0,single_kw,Porsche Smart Mobility,Porsche Smart Mobility,True,ev_20251216.csv,False,False,False,,no_address_candidate,2576,PCODE,False,existing_retained,AC,not_specified
ev_868b229cce5195de2467b7463261c7a95c1f638210923fd0b4808ecdaab46e9e,,,"Innovation Way, Wollongong, 2500",Chargefox,3,DC,180 kW,-34.40008513,150.8996306,Wollongong City Council,2500,Existing Fast Chargers,False,180.0,single_kw,Chargefox,Chargefox,False,ev_20251216.csv,False,False,False,,no_address_candidate,2500,PCODE,False,existing_retained,DC,not_specified
ev_6dcacaa07d7c294c783094b193fa9c811b81290bd42c0627aa0000945513d4c2,,,"Jean Wailes Ave, Sydney, 2138",Chargefox,3,AC,22 kW,-33.83529434,151.0844314,"Canada Bay Council, City of",2138,Existing Destination Chargers,False,22.0,single_kw,Chargefox,Chargefox,False,ev_20251216.csv,False,False,False,,no_address_candidate,2138,PCODE,False,existing_retained,AC,not_specified
ev_a8e0fd980df97c1255d3a8f839171fe6151f0bf70137a894b13bf7fe0c5c8625,,,"Jersey St, Sydney, 2077",BP,2,DC,75 kW,-33.68997402,151.1061692,"Hornsby, The Council of the Shire of",2077,Existing Fast Chargers,False,75.0,single_kw,BP,BP,False,ev_20251216.csv,False,False,False,,no_address_candidate,2077,PCODE,False,existing_retained,DC,not_specified
ev_dcb7b7b24d2a1e75f2905a3e29eb7b5bda4ae0ec5520bc9669a044be469124f2,,,"Joadja Rd, Sydney, 2170",NRMA,6,AC,22 kW,-33.9302513,150.8756286,Liverpool City Council,2170,Existing Destination Chargers,False,22.0,single_kw,NRMA,NRMA,False,ev_20251216.csv,False,False,False,,no_address_candidate,2170,PCODE,False,existing_retained,AC,not_specified
ev_6f03d3d2785e4c92232b5dfd1c5936deea9dff911cede4c6ae714bda111ef1a8,,,"John Renshaw Dr, Beresfield, 2322",BP,2,DC,75 kW,-32.81193998,151.6394685,Newcastle City Council,2322,Existing Fast Chargers,False,75.0,single_kw,BP,BP,False,ev_20251216.csv,False,False,False,,no_address_candidate,2322,PCODE,False,existing_retained,DC,not_specified
ev_e4becf1383fb5cba15aa406da3027d7013834d828a8548512efe501cdc6f9992,,,"Kable Ave, Tamworth, 2340",NRMA,2,DC,50 kW,-31.0903554,150.9274134,Tamworth Regional Council,2340,Existing Fast Chargers,False,50.0,single_kw,NRMA,NRMA,False,ev_20251216.csv,False,False,False,,no_address_candidate,2340,PCODE,False,existing_retained,DC,not_specified
ev_298769533db24d93df26adc3474199b98621f8b9ce578010342737c6e1cf63f2,,,"Kiewa St, Albury, 2640",NRMA,2,DC,50 kW,-36.08379184,146.9148338,Albury City Council,2640,Existing Fast Chargers,False,50.0,single_kw,NRMA,NRMA,False,ev_20251216.csv,False,False,False,,no_address_candidate,2640,PCODE,False,existing_retained,DC,not_specified
ev_93da96d2c55148e4d826e5d0f087381c8b81e5e1d6560e62d0e23e71fdd2667b,,,"King St, Newcastle, 2300",Porsche Smart Mobility,2,AC,11 kW,-32.92746051,151.7790551,Newcastle City Council,2300,Existing Destination Chargers,False,11.0,single_kw,Porsche Smart Mobility,Porsche Smart Mobility,True,ev_20251216.csv,False,False,False,,no_address_candidate,2300,PCODE,False,existing_retained,AC,not_specified
ev_0bb8d476f64907679f0e8d46b6aff0f14fe0dcc4c209c6fa0e4724f648f2069d,,,"Kintore Headframe Car Park, 51 Bromide St, Broken Hill, NSW 2880, Australia",NRMA,2,DC,50 kW,-31.557857,143.3855021,Broken Hill City Council,2836,TfNSW Regional,False,50.0,single_kw,NRMA,NRMA,False,ev_20251216.csv,False,False,False,2880,conflicts_with_existing,,,True,value_conflict,DC,not_specified
ev_547cf4df9822fbbd0f8433fd5b10dd33d6f899fc1de50d691ee2c2c3b7dd4e83,,,"Kokera St, Newcastle, 2287",Tesla,2,AC,22 kW,-32.90262967,151.6676206,Newcastle City Council,2287,Existing Destination Chargers,False,22.0,single_kw,Tesla,Tesla,False,ev_20251216.csv,False,False,False,,no_address_candidate,2287,PCODE,False,existing_retained,AC,not_specified
ev_d53bab9154409d089415f5433ef94fec387c5d658f0ab9d9397f16ef58468d2b,,,"Koonya Cct, Sydney, 2229",Exploren,2,DC,50 kW,-34.0278569,151.1217848,Sutherland Shire Council,2229,Existing Fast Chargers,False,50.0,single_kw,Exploren,Exploren,False,ev_20251216.csv,False,False,False,,no_address_candidate,2229,PCODE,False,existing_retained,DC,not_specified
ev_6e1e004ddd59e9c30aa44b506bfbd95facc0cd34cae36ec66fc0323ddf8f22c5,,,"Kowara Cres, Merimbula, 2548",EVUp,2,AC,22 kW,-36.88414419,149.9032943,Bega Valley Shire Council,2548,Existing Destination Chargers,False,22.0,single_kw,EVUp,EVUp,False,ev_20251216.csv,False,False,False,,no_address_candidate,2548,PCODE,False,existing_retained,AC,not_specified
ev_1a9f75a27319cb9d63e6dac2739cb5d0698e20e06504c2723118e28060f1690b,,,"Lake Haven Dr, Lake Haven NSW 2263",Engie,2,DC,150 kW,-33.2445959,151.498974,Camden Council,2263,ARENA - Driving the Nation,False,150.0,single_kw,Engie,Engie,False,ev_20251216.csv,False,False,False,2263,matches_existing,2263,PCODE,False,existing_retained,DC,not_specified
ev_1c4afd30ee7b97e7321e111b484a1b2ac40fb24c3abd3c45f50fa66d30c82431,,,"Lampe St, Talbingo, 2720",Chargefox,4,AC,22 kW,-35.58062367,148.3003804,Snowy Valleys Council,2720,Existing Destination Chargers,False,22.0,single_kw,Chargefox,Chargefox,False,ev_20251216.csv,False,False,False,,no_address_candidate,2720,PCODE,False,existing_retained,AC,not_specified
ev_848a39072d3d3200e3534a4c8a5a863bba7955f8c71c410faab6cefcf636a319,,,"Larkin Ln, Lismore, 2480",Everty,3,AC,11 kW,-28.80843648,153.2793393,Lismore City Council,2480,Existing Destination Chargers,False,11.0,single_kw,Everty,Everty,False,ev_20251216.csv,False,False,False,,no_address_candidate,2480,PCODE,False,existing_retained,AC,not_specified
ev_3c9cd0fa3252d58a350ffac8c07e7e3b88012e3cfc2724a9e529293079508253,,,"Lauder St, Tumbarumba, 2653",Chargefox,2,DC,100 kW,-35.7735596,148.0094114,Snowy Valleys Council,2653,Existing Fast Chargers,False,100.0,single_kw,Chargefox,Chargefox,False,ev_20251216.csv,False,False,False,,no_address_candidate,2653,PCODE,False,existing_retained,DC,not_specified
ev_ddc4f26c5b2be9e57f71a9a597c9a3df2c0382360eaa85d39c51d93c6a3f362d,,,"Leisure Haven Caravan Pk, Woollamia, 2540",Exploren,2,AC,22 kW,-35.02311116,150.6615756,Shoalhaven City Council,2540,Existing Destination Chargers,False,22.0,single_kw,Exploren,Exploren,False,ev_20251216.csv,False,False,False,,no_address_candidate,2540,PCODE,False,existing_retained,AC,not_specified
ev_d6454a8f2ef021b38411a021522bb6791ae5c458fc10e6a279e825bdb6a315c5,,,"Library Walk, Sydney, 2033",Chargefox,12,AC,6 kW,-33.91844849,151.2345085,Randwick City Council,2033,Existing Destination Chargers,False,6.0,single_kw,Chargefox,Chargefox,False,ev_20251216.csv,False,False,False,,no_address_candidate,2033,PCODE,False,existing_retained,AC,not_specified
ev_bf030035560a6e2e2478d4d4d7b12c54d319fdafd5f51640141065b8ef39faf5,,,"Link Road, Sydney, 2113",Chargefox,6,AC,22 kW,-33.77552657,151.1094585,"Ryde, Council of the City of",2113,Existing Destination Chargers,False,22.0,single_kw,Chargefox,Chargefox,False,ev_20251216.csv,False,False,False,,no_address_candidate,2113,PCODE,False,existing_retained,AC,not_specified
ev_a2dd8767bf264818ae98a11a7a294c43b3b8d7c0abaf773403b3b1e1d3dd3c97,,,"Lovedale Rd, Lovedale, 2325",Porsche Smart Mobility,2,AC,11 kW,-32.75337542,151.3714925,Cessnock City Council,2325,Existing Destination Chargers,False,11.0,single_kw,Porsche Smart Mobility,Porsche Smart Mobility,True,ev_20251216.csv,False,False,False,,no_address_candidate,2325,PCODE,False,existing_retained,AC,not_specified
ev_6a7a9bb464ed8f19a7ef9ea781aca0203abb3335b7309088ee79250457eff8b4,,,"M4 Motorway Westbound, Sydney, 2766",Ampol,10,DC,400 kW,-33.80214519,150.8802132,Blacktown City Council,2766,Existing Fast Chargers,False,400.0,single_kw,Ampol,Ampol,False,ev_20251216.csv,False,False,False,,no_address_candidate,2766,PCODE,False,existing_retained,DC,not_specified
ev_77c03eb363ecf12ffafcc9e81749fb2202cfa2571ddb3f5f319ef4dc5810d702,,,"Market St, Merimbula, 2548",Tesla,2,AC,6 kW,-36.89278383,149.9090891,Bega Valley Shire Council,2548,Existing Destination Chargers,False,6.0,single_kw,Tesla,Tesla,False,ev_20251216.csv,False,False,False,,no_address_candidate,2548,PCODE,False,existing_retained,AC,not_specified
ev_0f19d18089cd74241e8414d6cbfee6bd6425abe8ed77a293dca07be87076baa9,,,"McFarlane St, Sydney, 2160",Tesla,2,AC,22 kW,-33.83346051,150.9873373,Cumberland Council,2160,Existing Destination Chargers,False,22.0,single_kw,Tesla,Tesla,False,ev_20251216.csv,False,False,False,,no_address_candidate,2160,PCODE,False,existing_retained,AC,not_specified
ev_b745f28578f1e46265a7651cf01931b6d397fc3961c613da3dbdf7326a1f9528,,,"Megalong Rd, Megalong Valley, 2785",Chargefox,2,AC,22 kW,-33.69583588,150.2530601,Blue Mountains City Council,2785,Existing Destination Chargers,False,22.0,single_kw,Chargefox,Chargefox,False,ev_20251216.csv,False,False,False,,no_address_candidate,2785,PCODE,False,existing_retained,AC,not_specified
ev_b526ba59cac562ffa5df5a93f834281b4f4991f25a1a6b41f974365bc0fb6972,,,"Melyra Street, Grenfell, 2810",Exploren,2,AC,22 kW,-33.89200405,148.1607778,Weddin Shire Council,2810,Existing Destination Chargers,False,22.0,single_kw,Exploren,Exploren,False,ev_20251216.csv,False,False,False,,no_address_candidate,2810,PCODE,False,existing_retained,AC,not_specified
ev_8f6e2401f3a803669947d1e5bf76678462c50fdcf3f5cf6fcfd853dcc26ac6eb,,,"Merewether St & Wharf Rd, Newcastle , 2300",Tesla,1,AC,6 kW,-32.92522927,151.7732092,Newcastle City Council,2300,Existing Destination Chargers,False,6.0,single_kw,Tesla,Tesla,False,ev_20251216.csv,False,False,False,,no_address_candidate,2300,PCODE,False,existing_retained,AC,not_specified
ev_a519daa5d9598d125f413e1161c268ea31c82ecf79dd78b472452bf86f5acd6f,,,"Merry Beach Rd, Kioloa, 2539",Exploren,4,AC,6 kW,-35.56540945,150.371977,Shoalhaven City Council,2539,Existing Destination Chargers,False,6.0,single_kw,Exploren,Exploren,False,ev_20251216.csv,False,False,False,,no_address_candidate,2539,PCODE,False,existing_retained,AC,not_specified
ev_e0f8b6b5ad920eb085e0896baccbbdf29c12997adcf7944f70e9882a4ff6f099,,,"Methul St N, Coolamon, 2701",Exploren,2,AC,22 kW,-34.81361066,147.2015485,Coolamon Shire Council,2701,Existing Destination Chargers,False,22.0,single_kw,Exploren,Exploren,False,ev_20251216.csv,False,False,False,,no_address_candidate,2701,PCODE,False,existing_retained,AC,not_specified
ev_f7577348bd06bd727d756940e868be173576f3403892e1f996fb3a76e1349ad3,,,"Milbrodale Road 1100, Broke, 2330",ChargeHub,4,AC,22 kW,-32.75094099,151.0803403,Singleton Council,2330,Existing Destination Chargers,False,22.0,single_kw,ChargeHub,ChargeHub,True,ev_20251216.csv,False,False,False,,no_address_candidate,2330,PCODE,False,existing_retained,AC,not_specified
ev_1bd6295f5498137944bbcaaea615ba1369388a71bdd798124395595f6932c328,,,"Mitchell Pde, Mollymook Beach, 2539",Porsche Smart Mobility,3,AC,11 kW,-35.32252857,150.485036,Shoalhaven City Council,2539,Existing Destination Chargers,False,11.0,single_kw,Porsche Smart Mobility,Porsche Smart Mobility,True,ev_20251216.csv,False,False,False,,no_address_candidate,2539,PCODE,False,existing_retained,AC,not_specified
ev_71d8151d7d28b3d01885a081197f6ad8cc68579d9ef8b16b2ed6bfcbb3e8c5a8,,,"Moore St, Banksmeadow , 2019",EVUp,1,AC,22 kW,-33.9452573,151.2222232,Bayside Council,2019,Existing Destination Chargers,False,22.0,single_kw,EVUp,EVUp,False,ev_20251216.csv,False,False,False,,no_address_candidate,2019,PCODE,False,existing_retained,AC,not_specified
ev_a8e44ccd9c23dc3a9c6faab99c0656e4cb93ea39a27208d0a21a6c3bfb437420,,,"Mortimer St, Mudgee, 2850",NRMA,2,DC,50 kW,-32.59368073,149.5862633,Mid-Western Regional Council,2850,Existing Fast Chargers,False,50.0,single_kw,NRMA,NRMA,False,ev_20251216.csv,False,False,False,,no_address_candidate,2850,PCODE,False,existing_retained,DC,not_specified
ev_75cf13025e0d48471ed96c9440a0d8bb2d59e145defab33446b6c84a424ab707,,,"Mount View Rd, Mount View, 2325",Tesla,1,AC,6 kW,-32.83438043,151.2962412,Cessnock City Council,2325,Existing Destination Chargers,False,6.0,single_kw,Tesla,Tesla,False,ev_20251216.csv,False,False,False,,no_address_candidate,2325,PCODE,False,existing_retained,AC,not_specified
ev_b13cd415da98dd43f86e61d2011751d8ae4d95a8ce85223535b08fd5a647d701,,,"Mowamba Pl, Thredbo, 2625",Tesla,1,AC,22 kW,-36.50483088,148.3046977,Snowy Monaro Regional Council,2625,Existing Destination Chargers,False,22.0,single_kw,Tesla,Tesla,False,ev_20251216.csv,False,False,False,,no_address_candidate,2625,PCODE,False,existing_retained,AC,not_specified
ev_a2ce651ac1b01e22f31e33a12d24e35608367e9e7066dc76099400bc9ffeb26b,,,"Muir St, Medowie, 2318",Chargefox,2,AC,6 kW,-32.73893898,151.8673493,Port Stephens Council,2318,Existing Destination Chargers,False,6.0,single_kw,Chargefox,Chargefox,False,ev_20251216.csv,False,False,False,,no_address_candidate,2318,PCODE,False,existing_retained,AC,not_specified
ev_d296f6a7de818fb2790bff2b934539dcd1284b6a543d5a603439aa07822b357e,,,"Mulgoa Rd & Wolseley St, Sydney, 2750",Tesla,2,AC,22 kW,-33.76959064,150.6717908,Penrith City Council,2750,Existing Destination Chargers,False,22.0,single_kw,Tesla,Tesla,False,ev_20251216.csv,False,False,False,,no_address_candidate,2750,PCODE,False,existing_retained,AC,not_specified
ev_397832e5b06f91dfe8949d09e9ce7928e75b3effa782d1d4d39d543425e4857d,,,"Murray Rose Ave, Sydney, 2127",NRMA,2,DC,50 kW,-33.84603808,151.0698058,"Parramatta, Council of the City of",2127,Existing Fast Chargers,False,50.0,single_kw,NRMA,NRMA,False,ev_20251216.csv,False,False,False,,no_address_candidate,2127,PCODE,False,existing_retained,DC,not_specified
ev_7cd1893e4f7d1d95c9d3d198f93d33dc5f51d980f7996413b37b17c1bbec5a9b,,,"Napier St, Sydney, 2021",EVX,2,AC,22 kW,-33.88338043,151.220003,"Sydney, Council of the City of",2021,Existing Destination Chargers,False,22.0,single_kw,EVX,EVX,False,ev_20251216.csv,False,False,False,,no_address_candidate,2021,PCODE,False,existing_retained,AC,not_specified
ev_4cd7f5ebbe280b731be483628f77f138c85785f5fa900a88c2a9696f45ab5fea,,,"NARELLAN RD CNR MAXWELL PL, Sydney, 2567",Ampol,4,DC,150 kW,-34.04010015,150.7435405,Camden Council,2567,Existing Fast Chargers,False,150.0,single_kw,Ampol,Ampol,False,ev_20251216.csv,False,False,False,,no_address_candidate,2567,PCODE,False,existing_retained,DC,not_specified
ev_082c17ed01aaacfb06f7957e322f0493807bb5a522a3756d2f399cc08ddbb4a6,,,"Newbridge Road 216, Sydney, 2170",Ampol,2,DC,150 kW,-33.92932037,150.9551001,Liverpool City Council,2170,Existing Fast Chargers,False,150.0,single_kw,Ampol,Ampol,False,ev_20251216.csv,False,False,False,,no_address_candidate,2170,PCODE,False,existing_retained,DC,not_specified
ev_bf0564796584b2e308fb4e206078cc109e1536fd351026003009143be241316d,,,"North Ter, Sydney, 2200",Chargefox,4,DC,200 kW,-33.91649454,151.0402563,Canterbury Bankstown Council,2200,Existing Fast Chargers,False,200.0,single_kw,Chargefox,Chargefox,False,ev_20251216.csv,False,False,False,,no_address_candidate,2200,PCODE,False,existing_retained,DC,not_specified
ev_72b5c0de8199b36c1ccaf67811b54109d38f746880ae7d9ab3a09dc86b2ef815,,,"Nowra Rd, Moss Vale, 2577",Porsche Smart Mobility,2,AC,11 kW,-34.59692397,150.4412503,Wingecarribee Shire Council,2577,Existing Destination Chargers,False,11.0,single_kw,Porsche Smart Mobility,Porsche Smart Mobility,True,ev_20251216.csv,False,False,False,,no_address_candidate,2577,PCODE,False,existing_retained,AC,not_specified
ev_091354595ebb8c81bbc09fc349df33f2c6441b129bca6ab24a14547e2238550c,,,"Oatley Railway Station, Oatley Pde, Oatley, New South Wales 2223, Australia",JOLT,1,DC,25 kW,-33.981453,151.079434,Georges River Council,2223,TfNSW Commuter Car Parks,False,25.0,single_kw,JOLT,JOLT,False,ev_20251216.csv,False,False,False,,no_address_candidate,2223,PCODE,False,existing_retained,DC,not_specified
ev_11f706f4d1c4664b9224583032b0460b7e45689afdd2ce03d5009fbaa485115a,,,"Oberon St, Oberon, 2787",ChargeHub,4,AC,22 kW,-33.70452257,149.8638138,Oberon Council,2787,Existing Destination Chargers,False,22.0,single_kw,ChargeHub,ChargeHub,True,ev_20251216.csv,False,False,False,,no_address_candidate,2787,PCODE,False,existing_retained,AC,not_specified
ev_912bda55743cebc184f2e38c089a86470faec600fcb76e0cdf9ed24554aa6d56,,,"Obley Road, Dubbo, 2830",Chargefox,12,AC,22 kW,-32.27382687,148.5880791,Dubbo Regional Council,2830,Existing Destination Chargers,False,22.0,single_kw,Chargefox,Chargefox,False,ev_20251216.csv,False,False,False,,no_address_candidate,2830,PCODE,False,existing_retained,AC,not_specified
ev_d8eb55823f9fb70ab7d2508bde47af4c48d9da37ae3f59a5336a17db7b9593b0,,,"Orchard Ct, Bathurst, 2795",Exploren,2,DC,120 kW,-33.42979584,149.560006,Bathurst Regional Council,2795,Existing Fast Chargers,False,120.0,single_kw,Exploren,Exploren,False,ev_20251216.csv,False,False,False,,no_address_candidate,2795,PCODE,False,existing_retained,DC,not_specified
ev_c48a7f42319291ddab899e05b899a7eae61688a191ba0f6ed95e3683581e7e93,,,"Ordnance St, Newcastle, 2300",Chargefox,2,AC,22 kW,-32.93191396,151.7804224,Newcastle City Council,2300,Existing Destination Chargers,False,22.0,single_kw,Chargefox,Chargefox,False,ev_20251216.csv,False,False,False,,no_address_candidate,2300,PCODE,False,existing_retained,AC,not_specified
ev_add89743ec1d9a0f30cc761126b15e0ac978d30dd4e7ce0084549eaad1ff915f,,,"Pacific Hwy Cnr, 13-15 Costa Ave, Charmhaven NSW 2263",Ampol,4,DC,125 kW,-33.2179895,151.5103011,Maitland City Council,2263,ARENA - Driving the Nation,False,125.0,single_kw,Ampol,Ampol,False,ev_20251216.csv,False,False,False,2263,matches_existing,2263,PCODE,False,existing_retained,DC,not_specified
ev_09876a009bef142b1a5994a4dbcca6db5e1e6e806ed26180aa3a736a56fa2b6c,,,"Pacific Hwy, Boambee, 2450",Chargefox,2,DC,270 kW,-30.31793098,153.0897227,Coffs Harbour City Council,2450,Existing Fast Chargers,False,270.0,single_kw,Chargefox,Chargefox,False,ev_20251216.csv,False,False,False,,no_address_candidate,2450,PCODE,False,existing_retained,DC,not_specified
ev_c950928d40ccfec11c8f644b972151e57e267a8bd8210454f82d1b7427cb4295,,,"Parramatta Rd 214, Sydney, 2134",Everty,2,DC,60 kW,-33.86979084,151.1106677,Burwood Council,2134,Existing Fast Chargers,False,60.0,single_kw,Everty,Everty,False,ev_20251216.csv,False,False,False,,no_address_candidate,2134,PCODE,False,existing_retained,DC,not_specified
ev_2f2e9ca434dfc9d8c1cc315e4b2e2e53dea27d9e698372e3be6410e87658bc34,,,"Penrith Railway Station, Jane St, Penrith, New South Wales 2750, Australia",JOLT,1,DC,25 kW,-33.750304,150.694089,Penrith City Council,2750,TfNSW Commuter Car Parks,False,25.0,single_kw,JOLT,JOLT,False,ev_20251216.csv,False,False,False,,no_address_candidate,2750,PCODE,False,existing_retained,DC,not_specified
ev_4d008457fed707027af4f41c4111460227d060a42aa6dbb7ee79e7990dec4a5e,,,"Pine Tree Ln, Central Coast, 2260",Tesla,4,AC,22 kW,-33.44812317,151.4453053,Central Coast Council,2260,Existing Destination Chargers,False,22.0,single_kw,Tesla,Tesla,False,ev_20251216.csv,False,False,False,,no_address_candidate,2260,PCODE,False,existing_retained,AC,not_specified
ev_587e00b26ab53c7ec7036e1eb0ff604408c33b9496052ffdb159937d00114bf2,,,"Pittwater Road, Sydney, 2101",JOLT,2,DC,25 kW,-33.71376381,151.2971421,Northern Beaches Council,2101,Existing Fast Chargers,False,25.0,single_kw,JOLT,JOLT,False,ev_20251216.csv,False,False,False,,no_address_candidate,2101,PCODE,False,existing_retained,DC,not_specified
ev_874f423dd1a3f49848fbde04fc442b77c4de522dd5238f905a2e0af8c5c94bd2,,,"Pole Ln, Sydney, 2065",Evie,4,DC,75 kW,-33.82462167,151.1997668,North Sydney Council,2065,Existing Fast Chargers,False,75.0,single_kw,Evie,Evie,False,ev_20251216.csv,False,False,False,,no_address_candidate,2065,PCODE,False,existing_retained,DC,not_specified
ev_c6175d1e2123cb56f01257baf43793495de2dc87a7d3f86c8a1e8f00999507e5,,,"Popran Rd, Glenworth Valley, 2250",Everty,4,AC,6 kW,-33.40322627,151.1925055,Central Coast Council,2250,Existing Destination Chargers,False,6.0,single_kw,Everty,Everty,False,ev_20251216.csv,False,False,False,,no_address_candidate,2250,PCODE,False,existing_retained,AC,not_specified
ev_a8acc47a6832e7b5ab6058a8e9d36f357a6f16f962bd2ee01ab6abb44b4cc5ff,,,"Prince of Wales Dr, Sydney, 2073",Exploren,2,DC,60 kW,-33.76357562,151.1336246,Ku-ring-gai Council,2073,Existing Fast Chargers,False,60.0,single_kw,Exploren,Exploren,False,ev_20251216.csv,False,False,False,,no_address_candidate,2073,PCODE,False,existing_retained,DC,not_specified
ev_37bf0edd0bd702bc1e9a7f7ac5d13ad204cbdd76ec97f415394b6e6b4d0bd255,,,"Princes Highway, Gerringong, 2534",Porsche Smart Mobility,2,AC,11 kW,-34.72438543,150.8423113,"Kiama, The Council of the Municipality of",2534,Existing Destination Chargers,False,11.0,single_kw,Porsche Smart Mobility,Porsche Smart Mobility,True,ev_20251216.csv,False,False,False,,no_address_candidate,2534,PCODE,False,existing_retained,AC,not_specified
ev_e8ec44082c93e6a60589d5fd8f45fadc9b8c80bb77e9e1ccc9e19cba19b692f5,,,"Princes Hwy, Ulladulla, 2539",Exploren,4,AC,22 kW,-35.36842147,150.4706086,Shoalhaven City Council,2539,Existing Destination Chargers,False,22.0,single_kw,Exploren,Exploren,False,ev_20251216.csv,False,False,False,,no_address_candidate,2539,PCODE,False,existing_retained,AC,not_specified
ev_cf12cc715be4611f37c90d5c6b020fb878bbbf2937a8ec681bb88f49bafbc568,,,"Prospect Hwy, Sydney, 2147",EVUp,1,AC,22 kW,-33.77580285,150.9335706,Blacktown City Council,2147,Existing Destination Chargers,False,22.0,single_kw,EVUp,EVUp,False,ev_20251216.csv,False,False,False,,no_address_candidate,2147,PCODE,False,existing_retained,AC,not_specified
ev_241f2eb7b0ea9f6359df52c23102a9a191ec911f1f7d0e5d4e81491cad7c3915,,,"Prospect St, Holbrook, 2644",NRMA,2,DC,50 kW,-35.7181522,147.316019,Greater Hume Shire Council,2644,Existing Fast Chargers,False,50.0,single_kw,NRMA,NRMA,False,ev_20251216.csv,False,False,False,,no_address_candidate,2644,PCODE,False,existing_retained,DC,not_specified
ev_76ac399c194bbe65733a0f06ebe3b21227a1576dba2d8f3ec44e54bd4d4e5581,,,"Queen Elizabeth Dr, Sydney, 2026",Chargefox,6,AC,6 kW,-33.89078083,151.2763093,Waverley Council,2026,Existing Destination Chargers,False,6.0,single_kw,Chargefox,Chargefox,False,ev_20251216.csv,False,False,False,,no_address_candidate,2026,PCODE,False,existing_retained,AC,not_specified
ev_7dd7009fb8fc717f0316ebe1a7a79d53c04c6b6dbbcfb45833757e73d889ff91,,,"Railway St, Sydney, 2067",Chargefox,2,AC,6 kW,-33.79441046,151.1801622,Willoughby City Council,2067,Existing Destination Chargers,False,6.0,single_kw,Chargefox,Chargefox,False,ev_20251216.csv,False,False,False,,no_address_candidate,2067,PCODE,False,existing_retained,AC,not_specified
ev_691d162cbce2f8af439ab8b8f5feb7a03d00f66dc29e36351dbdee711b6e09d9,,,"Rankine St, Crescent Head, 2440",EVX,2,AC,22 kW,-31.18968373,152.9784444,Kempsey Shire Council,2440,Existing Destination Chargers,False,22.0,single_kw,EVX,EVX,False,ev_20251216.csv,False,False,False,,no_address_candidate,2440,PCODE,False,existing_retained,AC,not_specified
ev_fe7351ebf34b5bcfdd5d7ba4e5a5f478c400cd1c3936ac9b1368c8ad4fd9b246,,,"Ring Rd, Newcastle, 2308",Chargefox,4,AC,22 kW,-32.89188493,151.701979,Newcastle City Council,2308,Existing Destination Chargers,False,22.0,single_kw,Chargefox,Chargefox,False,ev_20251216.csv,False,False,False,,no_address_candidate,2308,PCODE,False,existing_retained,AC,not_specified
ev_b86d336862da67afe4b2c514634aecba94945d02b61f921e82eb81a3f2cf11ca,,,"Riverside Dr, Jugiong, 2726",NRMA,2,DC,50 kW,-34.82342947,148.3257027,Hilltops Council,2726,Existing Fast Chargers,False,50.0,single_kw,NRMA,NRMA,False,ev_20251216.csv,False,False,False,,no_address_candidate,2726,PCODE,False,existing_retained,DC,not_specified
ev_177dec58d9343ef2d336cedb69be31009d5ebae52b5448cb4751a06cb5e3bcc3,,,"Robey St, Sydney, 2035",Chargefox,2,AC,7 kW,-33.95030735,151.2384284,Randwick City Council,2035,Existing Destination Chargers,False,7.0,single_kw,Chargefox,Chargefox,False,ev_20251216.csv,False,False,False,,no_address_candidate,2035,PCODE,False,existing_retained,AC,not_specified
ev_99cba8bb0520409e683e58b65b624f8c55d9c4d314af3d1ffed99498407c3d50,,,"Robinsons Ln, Tenterfield, 2372",Tesla,2,AC,6 kW,-29.00038643,152.023976,Tenterfield Shire Council,2372,Existing Destination Chargers,False,6.0,single_kw,Tesla,Tesla,False,ev_20251216.csv,False,False,False,,no_address_candidate,2372,PCODE,False,existing_retained,AC,not_specified
ev_3836ad83b0fa19f12e7f46ca2742fa3cae20a2d3b54d9db5a0a8ed772c3698eb,,,"Rogan Ln, Young, 2594",NRMA,2,DC,50 kW,-34.31177382,148.2950991,Hilltops Council,2594,Existing Fast Chargers,False,50.0,single_kw,NRMA,NRMA,False,ev_20251216.csv,False,False,False,,no_address_candidate,2594,PCODE,False,existing_retained,DC,not_specified
ev_fde3b4143e9b64adf049a2b87d8c1901da189fe37c3fe1616ec06e82f19db62a,,,"Rosevillle Railway Station, Hill Street, Roseville, New South Wales 2069, Australia",JOLT,1,DC,25 kW,-33.782904,151.175213,Ku-ring-gai Council,2069,TfNSW Commuter Car Parks,False,25.0,single_kw,JOLT,JOLT,False,ev_20251216.csv,False,False,False,,no_address_candidate,2069,PCODE,False,existing_retained,DC,not_specified
ev_552a3f7e9c6729a76f623eba77e539137a2faebe645469da3e0f5f256453d7e0,,,"Ross St, Goulburn, 2580",ChargePoint,1,AC,3 kW,-34.7302573,149.7424975,Goulburn Mulwaree Council,2580,Existing Destination Chargers,False,3.0,single_kw,ChargePoint,ChargePoint,False,ev_20251216.csv,False,False,False,,no_address_candidate,2580,PCODE,False,existing_retained,AC,not_specified
ev_bcad89e799e255439a4a9e22fad815d3a6b6ee3073a6a0f1e150e2d1313f848a,,,"Salisbury Rd, Sydney, 2154",Porsche Smart Mobility,2,AC,11 kW,-33.73028233,150.9734114,The Hills Shire Council,2154,Existing Destination Chargers,False,11.0,single_kw,Porsche Smart Mobility,Porsche Smart Mobility,True,ev_20251216.csv,False,False,False,,no_address_candidate,2154,PCODE,False,existing_retained,AC,not_specified
ev_ba06fc9e4857bb163b707aee227a63b84928102474dbe754a3530a3e42440b0a,,,"Science Rd, Sydney, 2113",Chargefox,2,AC,22 kW,-33.77319124,151.116038,"Ryde, Council of the City of",2113,Existing Destination Chargers,False,22.0,single_kw,Chargefox,Chargefox,False,ev_20251216.csv,False,False,False,,no_address_candidate,2113,PCODE,False,existing_retained,AC,not_specified
ev_ff6b20cb4bc3f57f37d0460c8f9190b7c6ec86828213ab71dd68d9105c9e6b73,,,"Shiers Ave, Sydney, 2020",Tesla,2,AC,6 kW,-33.93278583,151.1802933,Bayside Council,2020,Existing Destination Chargers,False,6.0,single_kw,Tesla,Tesla,False,ev_20251216.csv,False,False,False,,no_address_candidate,2020,PCODE,False,existing_retained,AC,not_specified
ev_771c56cbe27b6d1c87ef8dedbd7c1135d282efc80d4a372ddba65a16f92f7e49,,,"Shire St, West Wyalong, 2671",NRMA,2,DC,50 kW,-33.92382187,147.2033794,Bland Shire Council,2671,Existing Fast Chargers,False,50.0,single_kw,NRMA,NRMA,False,ev_20251216.csv,False,False,False,,no_address_candidate,2671,PCODE,False,existing_retained,DC,not_specified
ev_4e225777d4f881cde37b8039e1c9470be2fbe4e40e36f6752bb67a36db0837f5,,,"Shop 2140, Newcastle, 2289",Exploren,4,DC,60 kW,-32.94079384,151.7105495,Newcastle City Council,2289,Existing Fast Chargers,False,60.0,single_kw,Exploren,Exploren,False,ev_20251216.csv,False,False,False,,no_address_candidate,2289,PCODE,False,existing_retained,DC,not_specified
ev_d695eada22f9155d4629845812277f1331de78058b72169af251a73bea8a6463,,,"Short St, Mudgee, 2850",NRMA,4,DC,125 kW,-32.58960965,149.5857578,Mid-Western Regional Council,2850,Existing Fast Chargers,False,125.0,single_kw,NRMA,NRMA,False,ev_20251216.csv,False,False,False,,no_address_candidate,2850,PCODE,False,existing_retained,DC,not_specified
ev_87355b5fddfe120eba463224557cf87e6c6f17fe96fc71e842b2e7c955707b7a,,,"Skillman's Lane, Coonamble, NSW 2829, Australia",NRMA,4,DC,50 kW,-34.8411047,148.912197,Coonamble Shire Council,2582,TfNSW Regional,False,50.0,single_kw,NRMA,NRMA,False,ev_20251216.csv,False,False,False,2829,conflicts_with_existing,,,True,value_conflict,DC,not_specified
ev_851cb1e7abd52861598dd23c096e79e3ef678684cbdb804d4c41c136c5da7b75,,,"Smith St, Newcastle West, NSW 2303",Chargefox,4,AC,22 kW,-32.9301582,151.7606336,Newcastle City Council,NSW 2303,Existing Destination Chargers,False,22.0,single_kw,Chargefox,Chargefox,False,ev_20251216.csv,False,False,False,2303,conflicts_with_existing,2303,PCODE,False,existing_format_standardized,AC,not_specified
ev_95b54420670bc9dc27cc238c50d07b11a7e406f9aa9e98b651f05c3595a3bde0,,,"Soldiers Pde, Sydney, 2174",Chargefox,10,AC,22 kW,-33.96909714,150.8615696,Liverpool City Council,2174,Existing Destination Chargers,False,22.0,single_kw,Chargefox,Chargefox,False,ev_20251216.csv,False,False,False,,no_address_candidate,2174,PCODE,False,existing_retained,AC,not_specified
ev_ba2dec243a03ba363f7c060a1f7441d7fe8877d6729d7d06be71a2ec51004f68,,,"Soldiers Point Road, Soldiers Point, 2317",Porsche Smart Mobility,4,AC,11 kW,-32.71141446,152.0720931,Port Stephens Council,2317,Existing Destination Chargers,False,11.0,single_kw,Porsche Smart Mobility,Porsche Smart Mobility,True,ev_20251216.csv,False,False,False,,no_address_candidate,2317,PCODE,False,existing_retained,AC,not_specified
ev_177e55a2261810a1431bf65cf8512c238e97faa564411facd09b38c02b1ebf3c,,,"Sommerlad Ln, Glen Innes, 2370",NRMA,2,DC,50 kW,-29.73846351,151.7363083,Glen Innes Severn Council,2370,Existing Fast Chargers,False,50.0,single_kw,NRMA,NRMA,False,ev_20251216.csv,False,False,False,,no_address_candidate,2370,PCODE,False,existing_retained,DC,not_specified
ev_be05715876b065d15a2391a4d91a3a4692cd3a33311ddfc3cb40b01c223bd336,,,"Stuart St, Wagga Wagga, 2650",Everty,2,DC,25 kW,-35.12347852,147.3992282,Wagga Wagga City Council,2650,Existing Fast Chargers,False,25.0,single_kw,Everty,Everty,False,ev_20251216.csv,False,False,False,,no_address_candidate,2650,PCODE,False,existing_retained,DC,not_specified
ev_2379e2c48899b4eb156d4525614b8d2f2f0bb051f312ba24096b496e821b0db1,,,"Sunset Blvd, Soldiers Point, 2317",Chargefox,2,DC,24 kW,-32.70138843,152.0626466,Port Stephens Council,2317,Existing Fast Chargers,False,24.0,single_kw,Chargefox,Chargefox,False,ev_20251216.csv,False,False,False,,no_address_candidate,2317,PCODE,False,existing_retained,DC,not_specified
ev_f5e962c1e3e7a844ba769a1e3e17a99d7e7a3170c48a70a62150f9cedc9fd9fd,,,"Sussex St, Sydney, 2000",Everty,1,AC,22 kW,-33.87052257,151.2038458,"Sydney, Council of the City of",2000,Existing Destination Chargers,False,22.0,single_kw,Everty,Everty,False,ev_20251216.csv,False,False,False,,no_address_candidate,2000,PCODE,False,existing_retained,AC,not_specified
ev_f18e1bbc5d10f7813cd7ab5c550d591f26e9de562b36335fe1518990dfa24025,,,"Tathra Bermagui Rd, Tathra, 2550",Chargefox,2,AC,22 kW,-36.71254459,149.976018,Bega Valley Shire Council,2550,Existing Destination Chargers,False,22.0,single_kw,Chargefox,Chargefox,False,ev_20251216.csv,False,False,False,,no_address_candidate,2550,PCODE,False,existing_retained,AC,not_specified
ev_729c38c24ed6d746f62ca21ae607d25ad634fd51ff5a8f13a354be9cc399ad05,,,"The Boulevarde, Sydney, 2216",Exploren,1,AC,22 kW,-33.9612503,151.154957,Bayside Council,2216,Existing Destination Chargers,False,22.0,single_kw,Exploren,Exploren,False,ev_20251216.csv,False,False,False,,no_address_candidate,2216,PCODE,False,existing_retained,AC,not_specified
ev_c8c060994c305d3614084e3d786ec103740bef49761fe5ef035bf98132a91c1a,,,"Unicentre Ln, Wollongong, 2500",Chargefox,2,AC,22 kW,-34.40769974,150.8806396,Wollongong City Council,2500,Existing Destination Chargers,False,22.0,single_kw,Chargefox,Chargefox,False,ev_20251216.csv,False,False,False,,no_address_candidate,2500,PCODE,False,existing_retained,AC,not_specified
ev_8b74dfe2a5f6178a41891c4302605abb5db54580c125f9b107e41bf955797c64,,,"Unit 10/1A Mitchell, Mollymook , 2539",Tesla,1,AC,6 kW,-35.33529034,150.4724404,Shoalhaven City Council,2539,Existing Destination Chargers,False,6.0,single_kw,Tesla,Tesla,False,ev_20251216.csv,False,False,False,,no_address_candidate,2539,PCODE,False,existing_retained,AC,not_specified
ev_e966213f8b428766439757986b1511d70db7704c335064d0f3264655fdacaf72,,,"University Dr, Newcastle, 2308",Chargefox,6,AC,22 kW,-32.89554259,151.703996,Newcastle City Council,2308,Existing Destination Chargers,False,22.0,single_kw,Chargefox,Chargefox,False,ev_20251216.csv,False,False,False,,no_address_candidate,2308,PCODE,False,existing_retained,AC,not_specified
ev_ac4323b62f6de476dee033a103a04c7361381acdc02c4f59ae8df5820084575c,,,"University of Wollongong, Northfields Avenue, Wollongong NSW 2522, Australia",Chargefox,6,DC,175 kW,-34.4079569,150.877135,Wollongong City Council,2522,Fast Charging R2,False,175.0,single_kw,Chargefox,Chargefox,False,ev_20251216.csv,True,False,True,2522,matches_existing,2522,PCODE,False,existing_retained,DC,not_specified
ev_2f8abf3c88857b5651cd7cd10ab5f9fdeabce1675f8c9b4e03f2843524682411,,,"Valder Way, Charles Sturt University, 2678",Exploren,2,DC,120 kW,-35.05693398,147.3512593,Wagga Wagga City Council,2678,Existing Fast Chargers,False,120.0,single_kw,Exploren,Exploren,False,ev_20251216.csv,False,False,False,,no_address_candidate,2678,PCODE,False,existing_retained,DC,not_specified
ev_e6a051facfd92f5b6d4f64f7b15b20f5dd182dd778209f38d5028bf38ef57659,,,"Vesper St, Batemans Bay, 2536",NRMA,4,DC,75 kW,-35.7095526,150.173983,Eurobodalla Shire Council,2536,Existing Fast Chargers,False,75.0,single_kw,NRMA,NRMA,False,ev_20251216.csv,False,False,False,,no_address_candidate,2536,PCODE,False,existing_retained,DC,not_specified
ev_695b7575a6c016a1d2a5342e04a86f990872620522b5b5174865928d5c7506f3,,,"Victoria Hill Rd, Adelong, 2729",Chargefox,2,AC,22 kW,-35.3062553,148.0642933,Snowy Valleys Council,2729,Existing Destination Chargers,False,22.0,single_kw,Chargefox,Chargefox,False,ev_20251216.csv,False,False,False,,no_address_candidate,2729,PCODE,False,existing_retained,AC,not_specified
ev_255519e7a2e83576276e8d784a95c9743df425f65c4939e61a0a3ec914f16e2a,,,"Waddells Ave, Singleton, 2330",Everty,2,DC,50 kW,-32.57698603,151.1842142,Singleton Council,2330,Existing Fast Chargers,False,50.0,single_kw,Everty,Everty,False,ev_20251216.csv,False,False,False,,no_address_candidate,2330,PCODE,False,existing_retained,DC,not_specified
ev_3aa1215c11860a7ed08a525434358413e72355aa85234f12dd7c3e3ed145b206,,,"Wallace Lane, Canobolas, 2800",Porsche Smart Mobility,1,AC,11 kW,-33.33368373,149.0435355,Orange City Council,2800,Existing Destination Chargers,False,11.0,single_kw,Porsche Smart Mobility,Porsche Smart Mobility,True,ev_20251216.csv,False,False,False,,no_address_candidate,2800,PCODE,False,existing_retained,AC,not_specified
ev_4a1445bddd2a904c8fe8d2b321a2d651f130d358df8cb6a80f3882e87270acc0,,,"Walton Ln, Picton, 2571",NRMA,2,DC,50 kW,-34.16828833,150.6109429,Wollondilly Shire Council,2571,Existing Fast Chargers,False,50.0,single_kw,NRMA,NRMA,False,ev_20251216.csv,False,False,False,,no_address_candidate,2571,PCODE,False,existing_retained,DC,not_specified
ev_80b9a5d7b54e92f53dbb37f2cfb63d572971b6cd5f82f592d4da199f311f3035,,,"Western Motorway, Sydney, 2766",Ampol,15,DC,240 kW,-33.80154859,150.886,Blacktown City Council,2766,Existing Fast Chargers,False,240.0,single_kw,Ampol,Ampol,False,ev_20251216.csv,False,False,False,,no_address_candidate,2766,PCODE,False,existing_retained,DC,not_specified
ev_fb447602838feeeb3fcbf17b54f303c8b9aa5fe00dea031448af602d3a88a844,,,"William St, Sydney, 2046",Evie,2,DC,75 kW,-33.86864269,151.1185836,"Canada Bay Council, City of",2046,Existing Fast Chargers,False,75.0,single_kw,Evie,Evie,False,ev_20251216.csv,False,False,False,,no_address_candidate,2046,PCODE,False,existing_retained,DC,not_specified
ev_a86d89cdfd75ebe4577a4b4d62548b26e2b7e95b6e8ff6e4c247ed3a596e7170,,,"Wingewarra St, Dubbo, 2830",NRMA,2,DC,50 kW,-32.24936341,148.6091872,Dubbo Regional Council,2830,Existing Fast Chargers,False,50.0,single_kw,NRMA,NRMA,False,ev_20251216.csv,False,False,False,,no_address_candidate,2830,PCODE,False,existing_retained,DC,not_specified
ev_b59252ef8b97502fd6890e7bfdded7373e5ac1aaade48426b6923b02062d0109,,,"Wolgan Rd, Wolgan Valley, 2790",Porsche Destination Charging,1,AC,11 kW,-33.2273524,150.1924444,"Lithgow Council, City of",2790,Existing Destination Chargers,False,11.0,single_kw,Porsche Destination Charging,Porsche Destination Charging,True,ev_20251216.csv,False,False,False,,no_address_candidate,2790,PCODE,False,existing_retained,AC,not_specified
ev_9b5db4f65d45a012c95f972d3de764c2d2e990f5f8a63ce798ca861c516ac45e,,,"Wordsworth St, Byron Bay, NSW 2481",EVX,2,AC,22 kW,-28.6420511,153.6097528,Byron Shire Council,NSW 2481,Existing Destination Chargers,False,22.0,single_kw,EVX,EVX,False,ev_20251216.csv,False,False,False,2481,conflicts_with_existing,2481,PCODE,False,existing_format_standardized,AC,not_specified
ev_1d401365978d8c9ec24660cb5a164c5cdf3bf8978b91bac7a0c53efd8718bdd9,,,"Wyong Rd, Central Coast, 2261",BP,2,DC,75 kW,-33.36284489,151.4442893,Central Coast Council,2261,Existing Fast Chargers,False,75.0,single_kw,BP,BP,False,ev_20251216.csv,False,False,False,,no_address_candidate,2261,PCODE,False,existing_retained,DC,not_specified
ev_c3855d21b896841d88fcd3bb56bc9222c34a559b3b0a7eb48cc99887daa20a48,,Jac & Jones Wines Hunter Valley,"771 Hermitage Rd, Pokolbin NSW 2320",Non-networked,1,AC,AC,-32.7165581,151.2572876,Cessnock City Council,2320,Existing Destination Chargers,False,,type_only,Non-networked,Non-networked,False,ev_20251216.csv,True,False,True,2320,matches_existing,2320,PCODE,False,existing_retained,AC,not_specified
ev_a05586a2703cdb2491202f25ddd7b922142ceca211fa1c7440ae937164548cb1,,Narara Ecovillage,"33 Gugandi Rd, Narara NSW 2250",Non-networked,1,AC,AC,-33.3931163,151.3286306,Central Coast Council,2250,Existing Destination Chargers,False,,type_only,Non-networked,Non-networked,False,ev_20251216.csv,True,False,True,2250,matches_existing,2250,PCODE,False,existing_retained,AC,not_specified
ev_5bc656d5a95c1c29db54338555c6f141cf6a600679210757c1106c3fc82effd6,,Quest Griffith,"53 Railway St, Griffith NSW 2680",Non-networked,2,AC,AC,-34.2866312,146.0445254,Griffith City Council,2680,Existing Destination Chargers,False,,type_only,Non-networked,Non-networked,False,ev_20251216.csv,True,False,True,2680,matches_existing,2680,PCODE,False,existing_retained,AC,not_specified
ev_fc438bcdfe619faa62ac978221bd70c754ad9d12ace3fd8401d3123e857f2af1,11,,"422 Pacific Hwy, Artarmon NSW 2064, Australia",BP Australia,4,Upcoming,2x350kW & 2x175kW,-33.8114193,151.1756084,,,,True,,combined_configuration,BP Australia ,BP,False,ev_20251216.csv,False,False,False,2064,candidate_for_missing,2064,address,False,filled_from_address,,upcoming
ev_e6e66a462c296ae838e9d118c565e4435766dd75cbd10a3ad0b16f00fb6fb806,18,,129 Pacific Hwy Ourimbah NSW 2258 Australia,NRMA Electric,4,Upcoming,2x350kW & 2x175kW,-33.3531977,151.3690265,,,,True,,combined_configuration,NRMA Electric,NRMA Electric,True,ev_20251216.csv,False,False,False,2258,candidate_for_missing,2258,address,False,filled_from_address,,upcoming
ev_25a31851f283ef8a392b088aa6fafb868b17230394894b5ab27f9f1c24b5e37d,22,,"4974 Pacific Hwy, Halfway Creek NSW 2460, Australia",Viva Energy A,4,Upcoming,2x350kW & 2x175kW,-29.9348834,153.0947952,,,,True,,combined_configuration,Viva Energy A,Viva Energy A,True,ev_20251216.csv,False,False,False,2460,candidate_for_missing,2460,address,False,filled_from_address,,upcoming
ev_4fab8b5186f0009f50c8a24fcd1882071cab4a089b2dbacb803dc7f576d07856,33,,"Stoney Creek Road Car Park, 497 Forest Rd, Bexley, 2207, NSW",Fast Cities A,4,Upcoming,2x350kW & 2x175kW,-33.9493369,151.1163356,,,,True,,combined_configuration,Fast Cities A,Fast Cities A,True,ev_20251216.csv,False,False,False,2207,candidate_for_missing,2207,address,False,filled_from_address,,upcoming
ev_64e8cf650cb57bfe6fe0bf8ed907ee5b8421f6dfd5f14f6b9401f06c2ac78fb7,42,,"491 Masonite Rd, Heatherbrae NSW 2324, Australia",Tesla Motors,10,Upcoming,2x350kW & 6x175kW,-32.7830573,151.737598,,,,True,,combined_configuration,Tesla Motors ,Tesla,False,ev_20251216.csv,False,False,False,2324,candidate_for_missing,2324,address,False,filled_from_address,,upcoming
ev_7dc9751acef0699dfbd38e72e0c6134a8534cd36a192883bcf2cdbb16647724e,55,,Ross Smith Ave Mascot NSW 2020 Australia,Tesla Motors,6,Upcoming,2x350kW & 2x175kW,-33.9380083,151.1924793,,,,True,,combined_configuration,Tesla Motors ,Tesla,False,ev_20251216.csv,False,False,False,2020,candidate_for_missing,2020,address,False,filled_from_address,,upcoming
ev_364997d986213b685c9b3a4c3bf282426d9b84724bf2d6422527972de360308d,68,,88 Smithfield Rd Smithfield NSW 2164 Australia,NRMA Electric,4,Upcoming,2x350kW & 2x175kW,-33.8556807,150.9371884,,,,True,,combined_configuration,NRMA Electric,NRMA Electric,True,ev_20251216.csv,False,False,False,2164,candidate_for_missing,2164,address,False,filled_from_address,,upcoming
ev_c6b3108cec8a26a5398d4432b6c51385c23843c9dd89028785e8c138c7ae0c8f,69,,"3 Carlton Cres, Summer Hill, NSW, 2130, Australia",BP Australia,4,Upcoming,2x350kW & 2x175kW,-33.8923484,151.1431188,,,,True,,combined_configuration,BP Australia ,BP,False,ev_20251216.csv,False,False,False,2130,candidate_for_missing,2130,address,False,filled_from_address,,upcoming
ev_241744f687d20295fa62e88a95b2baf109c5ff6c5bb0d19652aa707b6a53fed0,72,,"135 Fairfield Rd, Guildford West 2161, NSW",Fast Cities A,8,Upcoming,2x350kW & 6x175kW,-33.8509905,150.9597807,,,,True,,combined_configuration,Fast Cities A,Fast Cities A,True,ev_20251216.csv,False,False,False,2161,candidate_for_missing,2161,address,False,filled_from_address,,upcoming
ev_d49821aa8261f1f02b8db9baac2efc8fe5543d86445f0956c791668cedf75d27,90,,"Campbell Pde
Bondi Beach NSW 2026
Australia",Fast Cities A,8,Upcoming,2x350kW & 6x175kW,-33.8897295,151.2797592,,,,True,,combined_configuration,Fast Cities A,Fast Cities A,True,ev_20251216.csv,False,False,False,2026,candidate_for_missing,2026,address,False,filled_from_address,,upcoming
ev_2e4290125c01dabb8abd97d3b97c7170c8b0dbdba46a580b71e3db291290c8d6,106,,"Ewingsdale Rd, Byron Bay NSW 2481, Australia",Tesla Motors,10,Upcoming,2x350kW & 2x175kW,-28.6380154,153.5859269,,,,True,,combined_configuration,Tesla Motors ,Tesla,False,ev_20251216.csv,False,False,False,2481,candidate_for_missing,2481,address,False,filled_from_address,,upcoming
ev_6c6582bbb273790a1a82e84f7f947a21090b045916b2839a860da2ddafefede7,110,,16 Cooper St Macksville NSW 2447 Australia,NRMA Electric,4,Upcoming,2x350kW & 2x175kW,-30.7084608,152.9200674,,,,True,,combined_configuration,NRMA Electric,NRMA Electric,True,ev_20251216.csv,False,False,False,2447,candidate_for_missing,2447,address,False,filled_from_address,,upcoming
ev_94e45432aa235d6b1298d231adf807ed9d48e6e450a5a83d20bbc371a9aceced,111,,100 Pacific Hwy Tuggerah NSW 2259 Australia,BP Australia,6,Upcoming,2x350kW & 2x175kW,-33.3058764,151.419746,,,,True,,combined_configuration,BP Australia ,BP,False,ev_20251216.csv,False,False,False,2259,candidate_for_missing,2259,address,False,filled_from_address,,upcoming
ev_4087887761942d515853b98d4e33dea42b1e1b0d15d06691801dfd47a96c29c0,114,,50 Pitt St Singleton NSW 2330 Australia,NRMA Electric,4,Upcoming,2x350kW & 2x175kW,-32.5651168,151.1744586,,,,True,,combined_configuration,NRMA Electric,NRMA Electric,True,ev_20251216.csv,False,False,False,2330,candidate_for_missing,2330,address,False,filled_from_address,,upcoming
ev_ae266cad22d24c7ffb0efb533cd8a9aa556818e9f9aa5cb3d779317f44c5a9fc,129,,"Charter Hall Lake Macquarie, 46 Wilson Road, Mount Hutton NSW 2290, Australia",BP Australia,8,Upcoming,2x350kW & 2x175kW,-32.9847608,151.6724345,,,,True,,combined_configuration,BP Australia ,BP,False,ev_20251216.csv,False,False,False,2290,candidate_for_missing,2290,address,False,filled_from_address,,upcoming
ev_ab25e740277f98b84195dcbffcd5069618141c3a1c2ee058ee494e5a68daeab4,134,,"37-39 Bong Bong Street,, Dapto NSW 2023, Australia",NRMA Electric,4,Upcoming,2x350kW & 2x175kW,-34.4940356,150.7915413,,,,True,,combined_configuration,NRMA Electric,NRMA Electric,True,ev_20251216.csv,False,False,False,2023,candidate_for_missing,2023,address,False,filled_from_address,,upcoming
ev_14eeba40d8bd132a4b10186e78ce25112ab1d53c2ca4dd51b039c810c78f377b,136,EVE Australia,"52 Pembroke St, Ashfield NSW 2131, Australia",EVE Australia,2,AC,22,-33.8853908,151.1322384,,,,True,,unit_unspecified,EVE Australia,EVE Australia,False,ev_20251216.csv,True,False,True,2131,candidate_for_missing,2131,address,False,filled_from_address,AC,not_specified
ev_7c62b288e63fe50d749236f7a129e614b59a3a22247a4c448999ac6b94171036,143,,19-21 Tennyson Rd Breakfast Point NSW 2137 Australia,Tesla Motors,6,Upcoming,2x350kW & 2x175kW,-33.8421503,151.1081903,,,,True,,combined_configuration,Tesla Motors ,Tesla,False,ev_20251216.csv,False,False,False,2137,candidate_for_missing,2137,address,False,filled_from_address,,upcoming
ev_38c2693bb1841fa29bb487533757ee43e9038309567db3a40eeb893b9a0e49ee,154,,"82 Mulgoa Rd, Jamisontown NSW 2750, Australia",NRMA,4,Upcoming,2x350kW & 2x175kW,-33.7650763,150.6816643,,,,True,,combined_configuration,NRMA,NRMA,False,ev_20251216.csv,False,False,False,2750,candidate_for_missing,2750,address,False,filled_from_address,,upcoming
ev_ed44b934cc225961251fa0f9bacf26691f8c4829198b9ae588b634349a21c437,166,,3A Cowell Cowell St Gladesville NSW 2111 Australia,NRMA Electric,4,Upcoming,2x350kW & 2x175kW,-33.8325832,151.1280159,,,,True,,combined_configuration,NRMA Electric,NRMA Electric,True,ev_20251216.csv,False,False,False,2111,candidate_for_missing,2111,address,False,filled_from_address,,upcoming
ev_cdab6c4c63b7fd9a7818d31c168983793a6acda6f4a1159b6ea8266ad52d3694,167,,107 Erskine St Dubbo NSW 2830 Australia,BP Australia,6,Upcoming,2x350kW & 2x175kW,-32.2444498,148.6113542,,,,True,,combined_configuration,BP Australia ,BP,False,ev_20251216.csv,False,False,False,2830,candidate_for_missing,2830,address,False,filled_from_address,,upcoming
ev_43f45d4c04a9c0dbc9311bea9feb8214cac0abd8f5a2533b713f2cf90665f5c0,173,,478 Pacific Hwy Killara NSW 2071 Australia,BP Australia,12,Upcoming,2x350kW & 2x175kW,-33.7719283,151.1613759,,,,True,,combined_configuration,BP Australia ,BP,False,ev_20251216.csv,False,False,False,2071,candidate_for_missing,2071,address,False,filled_from_address,,upcoming
ev_8511f79bddd1439858d75ff5398b160f24b08fbbf8e97c961c1239d196b66a88,184,,1/3 Brady St Mosman NSW 2088 Australia,Tesla Motors,8,Upcoming,2x350kW & 6x175kW,-33.823985,151.2403914,,,,True,,combined_configuration,Tesla Motors ,Tesla,False,ev_20251216.csv,False,False,False,2088,candidate_for_missing,2088,address,False,filled_from_address,,upcoming
ev_b43ff27dd153fa1ae657002c0d0bd50c25ebd25b5b979ea41350b1161c5658d1,187,,"214 Sydney Rd, Kelso NSW 2795, Australia",BP Australia,6,Upcoming,2x350kW & 2x175kW,-33.4191251,149.6220049,,,,True,,combined_configuration,BP Australia ,BP,False,ev_20251216.csv,False,False,False,2795,candidate_for_missing,2795,address,False,filled_from_address,,upcoming
ev_cf924658a55f713c8300253bbf6825b25eb702e2a811fb6a54494fceafcd3267,188,,"89 Darley St, Mona Vale, NSW, 2103, Australia",Fast Cities A,4,Upcoming,2x350kW & 2x175kW,-33.6753877,151.3048385,,,,True,,combined_configuration,Fast Cities A,Fast Cities A,True,ev_20251216.csv,False,False,False,2103,candidate_for_missing,2103,address,False,filled_from_address,,upcoming
ev_76bd0d84ab75ce2b5af0e18276655730758bcce2a71d4c244ef6a6bea70c4e35,189,,"Bp Young, Cnr Zouch and Edward Streets, Young NSW 2594, Australia",BP Australia,4,Upcoming,2x350kW & 2x175kW,-34.3134008,148.2979356,,,,True,,combined_configuration,BP Australia ,BP,False,ev_20251216.csv,False,False,False,2594,candidate_for_missing,2594,address,False,filled_from_address,,upcoming
ev_07636b916768d2176ef7e83759a59c711fa1e7cadbad3f690f52ae733e421156,196,,57 Manchester Rd Gymea NSW 2227 Australia,NRMA Electric,4,Upcoming,2x350kW & 2x175kW,-34.032498,151.0881117,,,,True,,combined_configuration,NRMA Electric,NRMA Electric,True,ev_20251216.csv,False,False,False,2227,candidate_for_missing,2227,address,False,filled_from_address,,upcoming
ev_b7398933c238a025e8e1bac09a2b17ddeb211ad3b717107a7b75eac963695e78,200,Kempsey Shire Council,"Buchanan Dr, South West Rocks NSW 2431, Australia",Exploren,2,AC,22,-30.88653,153.0379572,,,,True,,unit_unspecified,Exploren,Exploren,False,ev_20251216.csv,True,False,True,2431,candidate_for_missing,2431,address,False,filled_from_address,AC,not_specified
ev_473a83c89af18f936cbf018007c633a294dfbd79d5ac5ae87ceaaf75405c755d,203,,"16 Terminus St, Castle Hill, 2154, NSW",Fast Cities A,4,Upcoming,2x350kW & 2x175kW,-33.7331773,151.0058503,,,,True,,combined_configuration,Fast Cities A,Fast Cities A,True,ev_20251216.csv,False,False,False,2154,candidate_for_missing,2154,address,False,filled_from_address,,upcoming
ev_db83c288a2bf66c47b9208420c9b9217bf27fff9b255f00c0dc6708c8d2747e8,206,,"180 Stacey Street & Stanley Street, Bankstown, NSW 2200, Australia",Energy Austra,4,Upcoming,2x350kW & 2x175kW,-33.9209876,151.0389481,,,,True,,combined_configuration,Energy Austra,Energy Austra,True,ev_20251216.csv,False,False,False,2200,candidate_for_missing,2200,address,False,filled_from_address,,upcoming
ev_4800066142bccf3d92b6ca601888de521778cdce7d20c7855cb5f7271412adc5,238,,"28 Blue Gum Rd, Jesmond NSW 2299, Australia",Fast Cities A,4,Upcoming,2x350kW & 2x175kW,-32.9024593,151.6897872,,,,True,,combined_configuration,Fast Cities A,Fast Cities A,True,ev_20251216.csv,False,False,False,2299,candidate_for_missing,2299,address,False,filled_from_address,,upcoming
ev_011490f9611ec0b63fdb45ef863b0b014e2492821d8e4b99c1268e461ccabc7e,256,,4 Carter St Lidcombe NSW 2141 Australia,PLUS ES Manag,5,Upcoming,2x350kW & 2x175kW,-33.8534728,151.0615424,,,,True,,combined_configuration,PLUS ES Manag,PLUS ES Manag,True,ev_20251216.csv,False,False,False,2141,candidate_for_missing,2141,address,False,filled_from_address,,upcoming
ev_5b955ece08f24af5b2d56b6b661ec48430de6f243388c3513e14900cb66f267c,263,,"2 Macquarie Pl, Haywards Bay NSW 2530, Australia",Viva Energy A,4,Upcoming,2x350kW & 2x175kW,-34.5412251,150.7855766,,,,True,,combined_configuration,Viva Energy A,Viva Energy A,True,ev_20251216.csv,False,False,False,2530,candidate_for_missing,2530,address,False,filled_from_address,,upcoming
ev_a90f9b803eff85c3de39dd4a4df43b6e47e75dedd454caf00ee9be3df55333d6,266,,"West Ryde Marketplace
14 Anthony Rd, West Ryde NSW 2114",Fast Cities A,4,Upcoming,2x350kW & 2x175kW,-33.8064638,151.0883017,,,,True,,combined_configuration,Fast Cities A,Fast Cities A,True,ev_20251216.csv,False,False,False,2114,candidate_for_missing,2114,address,False,filled_from_address,,upcoming
ev_bd1a196f6401c56742d327dfbef8dd38532b3c206fde1a410ee99d5c00ae0962,268,,"273 Fowler Rd, Illawong NSW 2234, Australia",Fast Cities A,4,Upcoming,2x350kW & 2x175kW,-33.9971362,151.042223,,,,True,,combined_configuration,Fast Cities A,Fast Cities A,True,ev_20251216.csv,False,False,False,2234,candidate_for_missing,2234,address,False,filled_from_address,,upcoming
ev_303868b8ec1ae64af72bd9a89e6684beca69b39bf071f7d3bb507e2b1ac00c27,269,Albury City Council,"526 Smollett St, Albury NSW 2640, Australia",Exploren,2,AC,7,-36.08195,146.9168911,,,,True,,unit_unspecified,Exploren,Exploren,False,ev_20251216.csv,False,False,False,2640,candidate_for_missing,2640,address,False,filled_from_address,AC,not_specified
ev_d155827170ed8f4d53f7c496b53e116180cf5ddbd9806fbfc1eb6ac93f463f67,279,,3-5 Underwood Rd Homebush NSW 2140 Australia,Tesla Motors,8,Upcoming,2x350kW & 6x175kW,-33.8556219,151.0767955,,,,True,,combined_configuration,Tesla Motors ,Tesla,False,ev_20251216.csv,True,False,True,2140,candidate_for_missing,2140,address,False,filled_from_address,,upcoming
ev_cb98da6c8675100229e6138844863d2e169265ef574dae62bf263520c84fdc3c,293,,"Ozone St, Chinderah NSW 2487, Australia",Tesla Motors,10,Upcoming,2x350kW & 2x175kW,-28.2444054,153.5574467,,,,True,,combined_configuration,Tesla Motors ,Tesla,False,ev_20251216.csv,False,False,False,2487,candidate_for_missing,2487,address,False,filled_from_address,,upcoming
ev_75f2a9b68358148a0a1380890a392e1eafbdd816c3149d6cf33ec353ce1a00e5,297,,131 Monaro St Queanbeyan NSW 2620 Australia,BP Australia,8,Upcoming,2x350kW & 2x175kW,-35.3519519,149.2350132,,,,True,,combined_configuration,BP Australia ,BP,False,ev_20251216.csv,False,False,False,2620,candidate_for_missing,2620,address,False,filled_from_address,,upcoming
ev_195f3ee8ea92b1e7197064c8b0785470942b1e3161a85e0a134dad5c791736ce,305,,Butler Rd Mascot NSW 2020 Australia,BP Australia,6,Upcoming,2x350kW & 2x175kW,-33.9440348,151.1855682,,,,True,,combined_configuration,BP Australia ,BP,False,ev_20251216.csv,False,False,False,2020,candidate_for_missing,2020,address,False,filled_from_address,,upcoming
ev_fba149f7e60185b962325748013993b7720f516aacbf121107528546cad00700,312,,13 Boundary St Macksville NSW 2447 Australia,Tesla Motors,6,Upcoming,2x350kW & 2x175kW,-30.7126435,152.9218789,,,,True,,combined_configuration,Tesla Motors ,Tesla,False,ev_20251216.csv,False,False,False,2447,candidate_for_missing,2447,address,False,filled_from_address,,upcoming
ev_b679474dfd05e5991ae9eb59642fc356f18612d46345899d456161ddffc22619,322,Adelong Motel,"351 Pacific Hwy, Coffs Harbour NSW 2450, Australia",Non-networked,4,Upcoming,22,-30.2746956,153.1338197,,,,True,,unit_unspecified,Non-Networked,Non-networked,False,ev_20251216.csv,False,False,False,2450,candidate_for_missing,2450,address,False,filled_from_address,,upcoming
ev_e56b77f8b8f9fb32fbfa1279971ee9854d9545b2eec12dac84653ce1ecd6ee24,326,,"9-11 Roberts Rd, Greenacre NSW 2190, Australia",Viva Energy A,4,Upcoming,2x350kW & 2x175kW,-33.8944869,151.0666959,,,,True,,combined_configuration,Viva Energy A,Viva Energy A,True,ev_20251216.csv,False,False,False,2190,candidate_for_missing,2190,address,False,filled_from_address,,upcoming
ev_14967b67bea371e1204c18f2ae6900c892a6ac8f16397fa0b29c30d999cfa9c0,332,,"238-262 Bunnerong Rd, Hillsdale NSW 2036, Australia",Fast Cities A,4,Upcoming,2x350kW & 2x175kW,-33.9519798,151.231009,,,,True,,combined_configuration,Fast Cities A,Fast Cities A,True,ev_20251216.csv,False,False,False,2036,candidate_for_missing,2036,address,False,filled_from_address,,upcoming
ev_f93a6d3603e94da61883f6772732aafcf3f31c8ba225291b6ee73851e4e6817d,339,,203 Holt Rd Taren Point NSW 2229 Australia,NRMA Electric,4,Upcoming,2x350kW & 2x175kW,-34.0202686,151.1170958,,,,True,,combined_configuration,NRMA Electric,NRMA Electric,True,ev_20251216.csv,False,False,False,2229,candidate_for_missing,2229,address,False,filled_from_address,,upcoming
ev_c6ea72984235837b16565d2610a7ae4dbd6eb0d8b1286c5ba20bd151dc32bc7e,360,,6 Ferdinand Ln Jerrabomberra NSW 2619 Australia,Tesla Motors,6,Upcoming,2x350kW & 2x175kW,-35.3806357,149.1966832,,,,True,,combined_configuration,Tesla Motors ,Tesla,False,ev_20251216.csv,False,False,False,2619,candidate_for_missing,2619,address,False,filled_from_address,,upcoming
ev_ef2f7031ed12d6bb4189cce7494239009b7793c3f5d9f19e4898bec13a4183a5,362,,"797 Pacific Hwy, Belmont South NSW 2280, Australia",Viva Energy A,4,Upcoming,2x350kW & 2x175kW,-33.0509619,151.6552182,,,,True,,combined_configuration,Viva Energy A,Viva Energy A,True,ev_20251216.csv,False,False,False,2280,candidate_for_missing,2280,address,False,filled_from_address,,upcoming
ev_7cb6060f8a2faa9a74140023f366f045801f6b81cd4ce0a111940af55fc7499e,370,,"Alexander St
Crows Nest NSW 2065
Australia",NRMA Electric,8,Upcoming,2x350kW & 6x175kW,-33.8254711,151.2024328,,,,True,,combined_configuration,NRMA Electric,NRMA Electric,True,ev_20251216.csv,False,False,False,2065,candidate_for_missing,2065,address,False,filled_from_address,,upcoming
ev_0303d55db663a8b72c6d1628e3701c2651e4729e8d93e195bde7419a4fcd12ec,376,,"450 Quakers Hill Pkwy, Quakers Hill NSW 2763",BP Australia,4,Upcoming,2x350kW & 2x175kW,-33.7299642,150.9022838,,,,True,,combined_configuration,BP Australia ,BP,False,ev_20251216.csv,False,False,False,2763,candidate_for_missing,2763,address,False,filled_from_address,,upcoming
ev_b5cc8910ffbc251ada3bc225a5939849aba6adbc4ff7ca749115a4d6d01acba6,383,,"205 Old Hume Hwy, Mittagong NSW 2575, Australia",Fast Cities A,4,Upcoming,2x350kW & 2x175kW,-34.4470632,150.4368729,,,,True,,combined_configuration,Fast Cities A,Fast Cities A,True,ev_20251216.csv,False,False,False,2575,candidate_for_missing,2575,address,False,filled_from_address,,upcoming
ev_ee3c651c98b310566ea5441ee6dc09dd868fd83d18cca58ae0b2fb5e7d4384ac,398,Bells at Killcare,"107 The Scenic Rd, Killcare Heights NSW 2257, Australia",Non-networked,2,AC,22,-33.5210313,151.3746409,,,,True,,unit_unspecified,Non-networked,Non-networked,False,ev_20251216.csv,False,False,False,2257,candidate_for_missing,2257,address,False,filled_from_address,AC,not_specified
ev_2732a61516f5d11f93c62ebf1e14148f1f0e5679c12ef5f974995b896b004812,403,,"52–58 Gardeners Rd, Kingsford NSW 2032",Viva Energy A,4,Upcoming,2x350kW & 2x175kW,-33.9250367,151.2257445,,,,True,,combined_configuration,Viva Energy A,Viva Energy A,True,ev_20251216.csv,False,False,False,2032,candidate_for_missing,2032,address,False,filled_from_address,,upcoming
ev_f4541d35e73670741678834a9099d01eafad51a684e29a77a94091c07ad8bec2,411,Evie Networks,"92 Houston Rd, Kingsford NSW 2032, Australia",Evie Networks,2,DC,50,-33.9242319,151.2266791,,,,True,,unit_unspecified,Evie Networks,Evie,False,ev_20251216.csv,True,False,True,2032,candidate_for_missing,2032,address,False,filled_from_address,DC,not_specified
ev_d515c9937aca53ee848db04c70bf0b3374f6edb9bdce8b8d83bba4e80ec856df,413,,260A Liverpool Rd Ashfield NSW 2131 Australia,Tesla Motors,8,Upcoming,2x350kW & 6x175kW,-33.8894371,151.1241176,,,,True,,combined_configuration,Tesla Motors ,Tesla,False,ev_20251216.csv,False,False,False,2131,candidate_for_missing,2131,address,False,filled_from_address,,upcoming
ev_89d6274fb5c312716cbed589ff992fcd3075de928f6c889cb5beda43f7f412d2,414,,79/113 Sailors Bay Rd Northbridge NSW 2063 Australia,Tesla Motors,6,Upcoming,2x350kW & 2x175kW,-33.8101145,151.2088161,,,,True,,combined_configuration,Tesla Motors ,Tesla,False,ev_20251216.csv,False,False,False,2063,candidate_for_missing,2063,address,False,filled_from_address,,upcoming
ev_6d18e4572c1c66100db044a086e855053eaf73a32eeaef3ee94fe468146247d7,420,,"29 Church St, Maitland NSW 2320, Australia",NRMA Electric,4,Upcoming,2x350kW & 2x175kW,-32.732981,151.5535599,,,,True,,combined_configuration,NRMA Electric,NRMA Electric,True,ev_20251216.csv,False,False,False,2320,candidate_for_missing,2320,address,False,filled_from_address,,upcoming
ev_74b062155cda58234b3699749d2b12c96db7b344584c03ad51cb960ea64e33c2,427,,15 Crawford St Jindabyne NSW 2627 Australia,Tesla Motors,6,Upcoming,2x350kW & 2x175kW,-36.4372503,148.6013552,,,,True,,combined_configuration,Tesla Motors ,Tesla,False,ev_20251216.csv,False,False,False,2627,candidate_for_missing,2627,address,False,filled_from_address,,upcoming
ev_4e8d678b1a7fe94cc749b44a0392cd2d05470dbb2543bdfa8a4f596f72827d16,432,,King St Warrawong NSW 2502 Australia,BP Australia,8,Upcoming,2x350kW & 2x175kW,-34.4881789,150.8880738,,,,True,,combined_configuration,BP Australia ,BP,False,ev_20251216.csv,False,False,False,2502,candidate_for_missing,2502,address,False,filled_from_address,,upcoming
ev_336efcbcfc285f442450c8f27e6d0ab6dbcfed3211ef2544e5c73345b6eebbf0,436,,528 Kent St Sydney NSW 2000 Australia,Tesla Motors,6,Upcoming,2x350kW & 2x175kW,-33.8758825,151.2057916,,,,True,,combined_configuration,Tesla Motors ,Tesla,False,ev_20251216.csv,False,False,False,2000,candidate_for_missing,2000,address,False,filled_from_address,,upcoming
ev_b25560d2b753d6709ffaf1c11335e35bc01f87db0e515c870fca38dde82175b6,439,Serenity Diamond Beach,"3 Government Rd, Nelson Bay NSW 2315, Australia",Non-networked,2,Upcoming,7,-32.7211118,152.1728405,,,,True,,unit_unspecified,Non-Networked,Non-networked,False,ev_20251216.csv,False,False,False,2315,candidate_for_missing,2315,address,False,filled_from_address,,upcoming
ev_2e97545eb029ee9b4ffcfc95f158fcebcad06f3ad214d296ea9d9c97c96ab07c,445,,"658 Terrigal Dr, Erina NSW 2250, Australia",Fast Cities A,4,Upcoming,2x350kW & 2x175kW,-33.4366058,151.3925412,,,,True,,combined_configuration,Fast Cities A,Fast Cities A,True,ev_20251216.csv,False,False,False,2250,candidate_for_missing,2250,address,False,filled_from_address,,upcoming
ev_ab7e1fa492d3bfafc2d8ab12a9a2aaa61a9f9c6aeee8f3e4c109feddfd4d4ecd,450,,"712 Pennant Hills Rd, Carlingford NSW 2118, Australia",BP Australia,4,Upcoming,2x350kW & 2x175kW,-33.7636448,151.0474084,,,,True,,combined_configuration,BP Australia ,BP,False,ev_20251216.csv,False,False,False,2118,candidate_for_missing,2118,address,False,filled_from_address,,upcoming
ev_1337c3cf34fd68cca865e5cc6a0e5679507dc93580ea40c21a51df8e8c0388ad,459,,"Bp Kennedy Drive, CNR KENNEDY DVE & DUCAT ST, Tweed Heads NSW 2485, Australia",BP Australia,4,Upcoming,2x350kW & 2x175kW,-28.1859,153.5259866,,,,True,,combined_configuration,BP Australia ,BP,False,ev_20251216.csv,False,False,False,2485,candidate_for_missing,2485,address,False,filled_from_address,,upcoming
ev_a5a0e7078b35cd5439cc305e899a48174e462c573a67deb7f15299b5f4edc3c1,463,,1 Kiaora Lane Double Bay NSW 2028,Fast Cities A,4,Upcoming,2x350kW & 2x175kW,-33.878037,151.2439559,,,,True,,combined_configuration,Fast Cities A,Fast Cities A,True,ev_20251216.csv,False,False,False,2028,candidate_for_missing,2028,address,False,filled_from_address,,upcoming
ev_dc0e7ce8318d9b314d424dbed37cfe264e48ec003c35d922076616235e53e66c,469,,"1 Frederick St, Artarmon, NSW, 2064, Australia",Fast Cities A,8,Upcoming,2x350kW & 6x175kW,-33.817079,151.1889358,,,,True,,combined_configuration,Fast Cities A,Fast Cities A,True,ev_20251216.csv,False,False,False,2064,candidate_for_missing,2064,address,False,filled_from_address,,upcoming
ev_ea0ee0a82c0ed117ca67eb2cfc2620c2bd56c1c9ace5118598900e128f7aa16b,484,Elizabeth Motor Inn Adamstown,"Mitchell Ave, Khancoban NSW 2642, Australia",Non-networked,4,Upcoming,22,-36.2140735,148.1324093,,,,True,,unit_unspecified,Non-Networked,Non-networked,False,ev_20251216.csv,False,False,False,2642,candidate_for_missing,2642,address,False,filled_from_address,,upcoming
ev_1000c978d32395ddf6dbe8e4ed609f5700762989566e7e1c5ebcf182f04a4399,488,,197-215 Condamine St Balgowlah NSW 2093 Australia,Tesla Motors,6,DC,2x350kW & 2x175kW,-33.7929122,151.2645298,,,,True,,combined_configuration,Tesla Motors ,Tesla,False,ev_20251216.csv,False,True,True,2093,candidate_for_missing,2093,address,False,filled_from_address,DC,not_specified
ev_5b219cad8b19f6fc76d4cbff792b7af8e5036475ea609ae85f34b3010c24a17d,493,EVX,"60 Frenchs Rd, Willoughby NSW 2068, Australia",EVX,2,AC,22,-33.8073934,151.200067,,,,True,,unit_unspecified,EVX,EVX,False,ev_20251216.csv,True,False,True,2068,candidate_for_missing,2068,address,False,filled_from_address,AC,not_specified
ev_ddc579685dbba367611582f84c72f5730462a03a9ba42ce506497628b7454b69,496,,"190 Princes Hwy, South Nowra, NSW, 2541",Tesla Motors,10,Upcoming,2x350kW & 6x175kW,-34.9158556,150.6042297,,,,True,,combined_configuration,Tesla Motors ,Tesla,False,ev_20251216.csv,False,False,False,2541,candidate_for_missing,2541,address,False,filled_from_address,,upcoming
ev_cc67ef9bf48261324729a39579373657ff2a2a5cac554f7a384a2198d3a6b5bb,501,,"Bp Rozelle, Cnr VIC Rd & Evans St, Rozelle NSW 2039, Australia",BP Australia,4,Upcoming,2x350kW & 2x175kW,-33.8653,151.1716,,,,True,,combined_configuration,BP Australia ,BP,False,ev_20251216.csv,False,False,False,2039,candidate_for_missing,2039,address,False,filled_from_address,,upcoming
ev_a8437ae106d214478df48f03b1115eaed465947d43cdb172dc0db36d7325e34f,512,,"Bp Marsden Park, 851 Richmond Road, Marsden Park NSW 2765, Australia",BP Australia,4,Upcoming,2x350kW & 2x175kW,-33.7195232,150.8449177,,,,True,,combined_configuration,BP Australia ,BP,False,ev_20251216.csv,False,False,False,2765,candidate_for_missing,2765,address,False,filled_from_address,,upcoming
ev_a3d3696e3fa4d64e608adf7a26b9503ce43c0bf4c337c6d0010d34b44d398c90,518,,16/20 New England Hwy Willow Tree NSW 2339 Australia,Tesla Motors,6,Upcoming,2x350kW & 2x175kW,-31.6491378,150.7266298,,,,True,,combined_configuration,Tesla Motors ,Tesla,False,ev_20251216.csv,False,False,False,2339,candidate_for_missing,2339,address,False,filled_from_address,,upcoming
ev_3194b4c6f2a86febdfb2acee95b35c86ad12f491983d8d559440cb8bedaeec90,521,EVE Australia,1A Keith St Dulwich Hill NSW,EVE Australia,2,AC,22,-33.9098594,151.141688,,,,True,,unit_unspecified,EVE Australia,EVE Australia,False,ev_20251216.csv,True,False,True,,no_address_candidate,,,True,missing_unresolved,AC,not_specified
ev_67c12e37edc8eafc34c8d9e100f08fd767741044b456d96499208055dd7732a8,531,,88 Mortimer St Mudgee NSW 2850 Australia,Tesla Motors,6,Upcoming,2x350kW & 2x175kW,-32.5926744,149.5869726,,,,True,,combined_configuration,Tesla Motors ,Tesla,False,ev_20251216.csv,False,False,False,2850,candidate_for_missing,2850,address,False,filled_from_address,,upcoming
ev_75484d956d21303fc8bcd7b901f65b6303fc993d7f7c9b8a7b8f4e5ec62abe20,538,,33 Village Cct Gregory Hills NSW 2557 Australia,NRMA Electric,4,Upcoming,2x350kW & 2x175kW,-34.0262581,150.777729,,,,True,,combined_configuration,NRMA Electric,NRMA Electric,True,ev_20251216.csv,False,False,False,2557,candidate_for_missing,2557,address,False,filled_from_address,,upcoming
ev_8b8a7e7a3e8fe60e696c547519da831d5d710d7f917167571210b002057d234e,539,,"Bp Dundas, 256 Kissing Point Rd, Dundas Valley NSW 2117, Australia",BP Australia,4,Upcoming,2x350kW & 2x175kW,-33.7989253,151.0543765,,,,True,,combined_configuration,BP Australia ,BP,False,ev_20251216.csv,False,False,False,2117,candidate_for_missing,2117,address,False,filled_from_address,,upcoming
ev_f7e2b976ae82965c7cdd3720bf9491ef4648666d375041b1e06f7475d0d864aa,542,EVX,"3 Hilltop Cres, Fairlight NSW 2094, Australia",EVX,2,AC,22,-33.7964448,151.2754491,,,,True,,unit_unspecified,EVX,EVX,False,ev_20251216.csv,False,False,False,2094,candidate_for_missing,2094,address,False,filled_from_address,AC,not_specified
ev_a0de6bf54b3be5b5e632e3a2f78704079f16a51d8f6c98e02791fc0114451341,550,,"Charter Hall Rutherford Marketplace, 1 Hillview St, Rutherford NSW 2320, Australia",BP Australia,8,Upcoming,2x350kW & 2x175kW,-32.7156085,151.5265817,,,,True,,combined_configuration,BP Australia ,BP,False,ev_20251216.csv,False,False,False,2320,candidate_for_missing,2320,address,False,filled_from_address,,upcoming
ev_6c9d2b1726480ec136956e375e2a0b6a970532d7b6ad719f050946266568b917,552,,"University of Wollongong, Northfields Avenue, Wollongong NSW 2522, Australia",University of,6,DC,2x350kW & 2x175kW,-34.4079569,150.877135,,,,True,,combined_configuration,University of,University of,True,ev_20251216.csv,True,False,True,2522,candidate_for_missing,2522,address,False,filled_from_address,DC,not_specified
ev_1cc4def1387fd4f2c4fb83d95a2fc53d06fbc74ad4c83c409e78c209aa3df60c,554,,25 Anglo Rd Campsie NSW 2194 Australia,NRMA Electric,4,Upcoming,2x350kW & 2x175kW,-33.9112009,151.1014558,,,,True,,combined_configuration,NRMA Electric,NRMA Electric,True,ev_20251216.csv,False,False,False,2194,candidate_for_missing,2194,address,False,filled_from_address,,upcoming
ev_eabd8851d208d1912d7236a77fd8d3ee1ec1f419e577c049e7759a43303346fa,555,,"Cnr Swallow & Peppertree Drive, Erskine Park NSW 2759, Australia",Fast Cities A,4,Upcoming,2x350kW & 2x175kW,-33.8041175,150.7988975,,,,True,,combined_configuration,Fast Cities A,Fast Cities A,True,ev_20251216.csv,False,False,False,2759,candidate_for_missing,2759,address,False,filled_from_address,,upcoming
ev_0d210d7ef365e4d43501f48c7dc2b166d3e7af7256a60d7dcdfeccfe034b017f,563,Talbingo Tourist Park,"7-11 Lawrence Hargrave Dr, Helensburgh NSW 2508, Australia",Non-networked,4,AC,22,-34.2055705,150.9689186,,,,True,,unit_unspecified,Non-Networked,Non-networked,False,ev_20251216.csv,False,False,False,2508,candidate_for_missing,2508,address,False,filled_from_address,AC,not_specified
ev_df42bc8b5c67c3b7ef30e6fb38e81924aad75b53d6aa5fe7d73691bb494aab7a,566,,1-5 Hill Rd Sydney Olympic Park NSW 2127 Australia,NRMA Electric,8,Upcoming,2x350kW & 6x175kW,-33.846599,151.0567307,,,,True,,combined_configuration,NRMA Electric,NRMA Electric,True,ev_20251216.csv,False,False,False,2127,candidate_for_missing,2127,address,False,filled_from_address,,upcoming
ev_255dbafb4a81360fec143adc2b20014eaa6ed20ef71b40a8b825b66e1653be2e,572,Hillston Township - Library Carpark,"14 Macauley St, Denman NSW 2328, Australia",Non-networked,2,AC,7,-32.3941764,150.6844874,,,,True,,unit_unspecified,Non-Networked,Non-networked,False,ev_20251216.csv,False,False,False,2328,candidate_for_missing,2328,address,False,filled_from_address,AC,not_specified
ev_526e74edb51ac26bf664982a42bf07156d7a6e2ffc1e44b03ef80889262f4937,573,,Hill St Picton NSW 2571 Australia,BP Australia,6,Upcoming,2x350kW & 2x175kW,-34.1880903,150.6070342,,,,True,,combined_configuration,BP Australia ,BP,False,ev_20251216.csv,False,False,False,2571,candidate_for_missing,2571,address,False,filled_from_address,,upcoming
ev_a405ce1e3d616ef199d5a590cfffd926e63a28564351a338fdff57af3353e715,575,,"Bp Mortdale, 21 Boundary Rd, Mortdale NSW 2223, Australia",BP Australia,4,Upcoming,2x350kW & 2x175kW,-33.970669,151.073689,,,,True,,combined_configuration,BP Australia ,BP,False,ev_20251216.csv,False,False,False,2223,candidate_for_missing,2223,address,False,filled_from_address,,upcoming
ev_f62115c7df1c8343dc9339061ee26e57fccf4fac5de67d8e8cfea76fa88ef20d,576,Allegiance Wines,"74 Maitland St, Bingara NSW 2404, Australia",Non-networked,2,AC,22,-29.869128,150.5714344,,,,True,,unit_unspecified,Non-Networked,Non-networked,False,ev_20251216.csv,True,False,True,2404,candidate_for_missing,2404,address,False,filled_from_address,AC,not_specified
ev_2a7fa99d04b93669528d779bfdf7026793b867451ce7e64580f54638371cdac2,591,,4/6 Niangala Clos Belrose NSW 2085 Australia,Tesla Motors,6,Upcoming,2x350kW & 2x175kW,-33.7034771,151.2131487,,,,True,,combined_configuration,Tesla Motors ,Tesla,False,ev_20251216.csv,False,False,False,2085,candidate_for_missing,2085,address,False,filled_from_address,,upcoming
ev_f0f1cfda3cfd2acc4cc3995e2ca65e8506bf622859ef91f7fbe4c6a716071c51,597,,Auckland St Bega NSW 2550 Australia,Tesla Motors,6,Upcoming,2x350kW & 2x175kW,-36.6784759,149.8397774,,,,True,,combined_configuration,Tesla Motors ,Tesla,False,ev_20251216.csv,False,False,False,2550,candidate_for_missing,2550,address,False,filled_from_address,,upcoming
ev_8773d5f0a3370d828d5be6b938e1dcfa3eab513233e851ed88363f4f1a36b8e1,602,,"Grafton St, Coffs Harbour NSW 2450, Australia",Tesla Motors,15,Upcoming,2x350kW & 2x175kW,-30.2955876,153.1146281,,,,True,,combined_configuration,Tesla Motors ,Tesla,False,ev_20251216.csv,False,False,False,2450,candidate_for_missing,2450,address,False,filled_from_address,,upcoming
ev_c5156a9bfd4fa64108bf077057ce60b71ea8fd91173ef6da803c7ee9ada19e31,603,Hay Shire Council,"406 Moppett St, Hay NSW 2711, Australia",Exploren,2,AC,22,-34.5089561,144.8428431,,,,True,,unit_unspecified,Exploren,Exploren,False,ev_20251216.csv,True,False,True,2711,candidate_for_missing,2711,address,False,filled_from_address,AC,not_specified
ev_e610409d4ebd06b4c4e06eb871d295b158e5839e842a0d80ff3b27aabdc318ba,605,EVX,"251 Edgecliff Rd, Woollahra NSW 2025, Australia",EVX,2,AC,22,-33.8885736,151.2444096,,,,True,,unit_unspecified,EVX,EVX,False,ev_20251216.csv,True,False,True,2025,candidate_for_missing,2025,address,False,filled_from_address,AC,not_specified
ev_9eeb85b4fe2cf21b3fee9c759e75a01177f8019fcb29d3068169ecdde1a18a2d,620,,20-22 Camden Rd Campbelltown NSW 2560 Australia,Tesla Motors,12,DC,2x350kW & 2x175kW,-34.0722029,150.8068155,,,,True,,combined_configuration,Tesla Motors ,Tesla,False,ev_20251216.csv,False,True,True,2560,candidate_for_missing,2560,address,False,filled_from_address,DC,not_specified
ev_dd606d62bde5d5baca3f2d4c3c118a1e368aef0a993d2f027ef3ff6dd6b71e1f,622,Boorowa Ex-services and Citizens Club Ltd,"55-59 Pudman St, Boorowa NSW 2586, Australia",Elanga,2,AC,22,-34.4366892,148.7234235,,,,True,,unit_unspecified,Elanga,Elanga,False,ev_20251216.csv,False,False,False,2586,candidate_for_missing,2586,address,False,filled_from_address,AC,not_specified
ev_c0c52a3daa827443e4620822b91596edf4e069f3137c68b49e0ada5a9ca3ad3c,632,,347 Great Western Hwy South Wentworthville NSW 2145 Australia,BP Australia,6,Upcoming,2x350kW & 2x175kW,-33.8158382,150.9687572,,,,True,,combined_configuration,BP Australia ,BP,False,ev_20251216.csv,False,False,False,2145,candidate_for_missing,2145,address,False,filled_from_address,,upcoming
ev_d54a835b74401a9429de998fc4ebcb7cd8a1390032d2daad89e6437cb2402606,633,,11 The Boulevarde Strathfield NSW 2135 Australia,Tesla Motors,8,Upcoming,2x350kW & 6x175kW,-33.8732249,151.0931072,,,,True,,combined_configuration,Tesla Motors ,Tesla,False,ev_20251216.csv,False,False,False,2135,candidate_for_missing,2135,address,False,filled_from_address,,upcoming
ev_90ded357cf41c03aa6db500e528496a3d55bb84560795d8ba85ee17493a03709,645,,"Bp Rydalmere, 265 Victoria Rd, Rydalmere, NSW, 2116, Australia",BP Australia,4,Upcoming,2x350kW & 2x175kW,-33.8118926,151.0947271,,,,True,,combined_configuration,BP Australia ,BP,False,ev_20251216.csv,False,False,False,2116,candidate_for_missing,2116,address,False,filled_from_address,,upcoming
ev_2e9a9b8af8aec2d9c3036b82ff95dc484f0831f3739641a322f9433f3fa7b26f,665,,"Charter Hall Carnes Hill Marketplace, Corner Cowpasture & Kurrajong Roads, Horningsea Park NSW 2171, Australia",BP Australia,8,Upcoming,2x350kW & 2x175kW,-33.9360579,150.8450408,,,,True,,combined_configuration,BP Australia ,BP,False,ev_20251216.csv,False,False,False,2171,candidate_for_missing,2171,address,False,filled_from_address,,upcoming
ev_ae094a525291bcae5c35875c70d7418f494990ea3ea185e3dd2613a20416f92a,673,Cargo Road Wines,"East St, Harden NSW 2587, Australia",Non-networked,4,Upcoming,22,-34.5624066,148.3641064,,,,True,,unit_unspecified,Non-Networked,Non-networked,False,ev_20251216.csv,False,False,False,2587,candidate_for_missing,2587,address,False,filled_from_address,,upcoming
ev_15334975056c56d7c2220f54cd7489a9108981145a90869937eba03ddd4e536c,674,,"Bp Bonnyrigg, CNR COWPASTURE & NTH LIVERPOOL RDS, Bonnyrigg NSW 2177, Australia",BP Australia,4,Upcoming,2x350kW & 2x175kW,-33.8942808,150.8579509,,,,True,,combined_configuration,BP Australia ,BP,False,ev_20251216.csv,False,False,False,2177,candidate_for_missing,2177,address,False,filled_from_address,,upcoming
ev_cb1ea1de037d7ff6b304998299692a333cd15c6e904b5cacb388b08fdf1fb925,678,,"Bp Moorebank, 226/228 Newbridge Rd, Moorebank NSW 2170",BP Australia,4,Upcoming,2x350kW & 2x175kW,-33.9293332,150.9532015,,,,True,,combined_configuration,BP Australia ,BP,False,ev_20251216.csv,False,False,False,2170,candidate_for_missing,2170,address,False,filled_from_address,,upcoming
ev_e6a2ce5a1b42e8557d09610333fcdb23b3725bb99da912b62985202648393b13,682,,"Bp Potts Hill Truckstop, 155-157 Rockwood Road, Yagoona NSW 2199, Australia",BP Australia,4,Upcoming,2x350kW & 2x175kW,-33.8933986,151.0389026,,,,True,,combined_configuration,BP Australia ,BP,False,ev_20251216.csv,False,False,False,2199,candidate_for_missing,2199,address,False,filled_from_address,,upcoming
ev_cbbdd191d41660f0b9bf842e26ca2a0d44d7658229682c2a037c810010ff5e56,684,,2 Macquarie St Parramatta NSW 2150 Australia,NRMA Electric,4,Upcoming,2x350kW & 2x175kW,-33.8138396,150.9995065,,,,True,,combined_configuration,NRMA Electric,NRMA Electric,True,ev_20251216.csv,False,False,False,2150,candidate_for_missing,2150,address,False,filled_from_address,,upcoming
ev_54c3831ece16cc05d25aba9a38dd71dab4176e7e10ba51add6eca709c448bd0d,693,,"241 Waterworth Dr, Mount Annan NSW 2567, Australia",Viva Energy A,4,DC,2x350kW & 2x175kW,-34.0495366,150.7601125,,,,True,,combined_configuration,Viva Energy A,Viva Energy A,True,ev_20251216.csv,False,False,False,2567,candidate_for_missing,2567,address,False,filled_from_address,DC,not_specified
ev_02d61151709504f3a2c1d21100d6181e62e237bbc7be1cee971c4ce8a4ec2275,696,Albury City Council,"520 David St, Albury NSW 2640, Australia",Exploren,2,AC,7,-36.0806351,146.9216087,,,,True,,unit_unspecified,Exploren,Exploren,False,ev_20251216.csv,True,False,True,2640,candidate_for_missing,2640,address,False,filled_from_address,AC,not_specified
ev_8e508009b751691ba8fa15d29dbcbf4a0a0dc4e8d0992f0e3c0d9d5525b7b21c,706,,"19 Princes Hwy, Figtree NSW 2525, Australia",Tesla Motors,6,DC,2x350kW & 2x175kW,-34.4366153,150.8632982,,,,True,,combined_configuration,Tesla Motors ,Tesla,False,ev_20251216.csv,True,True,True,2525,candidate_for_missing,2525,address,False,filled_from_address,DC,not_specified
ev_730bfc75997ca924045220a053af454c60e366d5a2286c90481f7cc24ea0ac04,712,,2 Orchard Ave Singleton NSW 2330 Australia,PLUS ES Manag,5,Upcoming,2x350kW & 2x175kW,-32.56947,151.179984,,,,True,,combined_configuration,PLUS ES Manag,PLUS ES Manag,True,ev_20251216.csv,False,False,False,2330,candidate_for_missing,2330,address,False,filled_from_address,,upcoming
ev_54dcb98324372f189e6e5f080d19005cddbd057b3e407a6a877955d4020d07ab,717,,"245/259 Pittwater Rd, Manly NSW 2095, Australia",Fast Cities A,4,Upcoming,2x350kW & 2x175kW,-33.787031,151.2812746,,,,True,,combined_configuration,Fast Cities A,Fast Cities A,True,ev_20251216.csv,False,False,False,2095,candidate_for_missing,2095,address,False,filled_from_address,,upcoming
ev_18923fd8eeb15ed6482410c80d7a8ca0ad4703628b95e27b46a9ddcb34a2058b,723,,"Bp Normanhurst, 155 Pennant Hills Rd, Normanhurst NSW 2076, Australia",BP Australia,4,Upcoming,2x350kW & 2x175kW,-33.7245,151.0901,,,,True,,combined_configuration,BP Australia ,BP,False,ev_20251216.csv,False,False,False,2076,candidate_for_missing,2076,address,False,filled_from_address,,upcoming
ev_9bac8f270067391d65c0da0f27011a0b6597d39ca8939ab72de1d2aa974cc23b,740,,"Avenue of Europe, Newington NSW 2127, Australia",Fast Cities A,4,Upcoming,2x350kW & 2x175kW,-33.8342986,151.0564365,,,,True,,combined_configuration,Fast Cities A,Fast Cities A,True,ev_20251216.csv,False,False,False,2127,candidate_for_missing,2127,address,False,filled_from_address,,upcoming
ev_d54cfd33a23730b134494d9c13659a981e58beaae26c20b16001239c431ffd34,741,,55 Norton St Leichhardt NSW 2040 Australia,Tesla Motors,8,Upcoming,2x350kW & 6x175kW,-33.8859319,151.1579799,,,,True,,combined_configuration,Tesla Motors ,Tesla,False,ev_20251216.csv,False,False,False,2040,candidate_for_missing,2040,address,False,filled_from_address,,upcoming
ev_0575a53224d2d88fbc0d342755290baf539a995ac543ce8c9830a143fc85754a,747,PLUS ES,"180 Darling St, Balmain NSW 2041, Australia",PLUS ES,1,AC,7,-33.8584276,151.186886,,,,True,,unit_unspecified,PLUS ES,PLUS ES,False,ev_20251216.csv,True,False,True,2041,candidate_for_missing,2041,address,False,filled_from_address,AC,not_specified
ev_8f70400c4b901adabf419c891b4a9ab7d289e43f85d5c9b0c689798acb03f156,755,,"240 Hillsborough Rd, Warners Bay NSW 2282, Australia",Fast Cities A,4,Upcoming,2x350kW & 2x175kW,-32.9637983,151.662073,,,,True,,combined_configuration,Fast Cities A,Fast Cities A,True,ev_20251216.csv,False,False,False,2282,candidate_for_missing,2282,address,False,filled_from_address,,upcoming
ev_16388403c2867a9602c822bf8876d5f750b555df6b69308b1eb4c1f616089326,768,,"386 Pennant Hills Rd, Pennant Hills NSW 2120, Australia",Viva Energy A,4,Upcoming,2x350kW & 2x175kW,-33.7393138,151.0679697,,,,True,,combined_configuration,Viva Energy A,Viva Energy A,True,ev_20251216.csv,False,False,False,2120,candidate_for_missing,2120,address,False,filled_from_address,,upcoming
ev_d10dde562c4daffe22437a67b29f23880997ac388e383cbe93970448895b82d4,791,,"14 Anzac Ave
Fairfield NSW 2165
Australia",Tesla Motors,12,Upcoming,2x350kW & 6x175kW,-33.8729153,150.9587919,,,,True,,combined_configuration,Tesla Motors ,Tesla,False,ev_20251216.csv,False,False,False,2165,candidate_for_missing,2165,address,False,filled_from_address,,upcoming
ev_607fc0a913a7d5c81b9dc09dae347a42fd11ce758d1726a63c25ea3a7a6b802c,795,,"Clarence St, Moss Vale NSW 2577, Australia",NRMA Electric,4,Upcoming,2x350kW & 2x175kW,-34.5484218,150.3735673,,,,True,,combined_configuration,NRMA Electric,NRMA Electric,True,ev_20251216.csv,False,False,False,2577,candidate_for_missing,2577,address,False,filled_from_address,,upcoming
ev_fd7117f1cb95e1526539b37da409135723abfe1997634994fdde797cbfc61fc5,813,Chargefox,"44 Station St, Wickham NSW 2293, Australia",Chargefox,2,AC,22,-32.9230228,151.7572335,,,,True,,unit_unspecified,Chargefox,Chargefox,False,ev_20251216.csv,True,False,True,2293,candidate_for_missing,2293,address,False,filled_from_address,AC,not_specified
ev_6ce95de7fdc614ba429c1b0c0324cd1549f74a22c35d0f08a376caba36e27930,846,,"134 Seven Hills Rd, Baulkham Hills NSW 2153, Australia",BP Australia,4,Upcoming,2x350kW & 2x175kW,-33.7615731,150.9737579,,,,True,,combined_configuration,BP Australia ,BP,False,ev_20251216.csv,False,False,False,2153,candidate_for_missing,2153,address,False,filled_from_address,,upcoming
ev_11778483321271a5c9609c895abc6a1d8fd24ca2aa8a3d3d2758ccfd99a1603e,874,D.G BENYON & D.M BENYON & The Trustee for Benyon Family Trust,"119 Borella Rd, East Albury NSW 2640, Australia",EVUp,4,AC,22,-36.0777139,146.9437845,,,,True,,unit_unspecified,EVUp,EVUp,False,ev_20251216.csv,False,False,False,2640,candidate_for_missing,2640,address,False,filled_from_address,AC,not_specified
ev_964dcdd862e99878f81510a2e97c06b2c645a16de1d1678c7660ffd70f126d58,877,,19A Evans Evans Ave Eastlakes NSW 2018 Australia,Tesla Motors,8,Upcoming,2x350kW & 6x175kW,-33.9243791,151.2103938,,,,True,,combined_configuration,Tesla Motors ,Tesla,False,ev_20251216.csv,False,False,False,2018,candidate_for_missing,2018,address,False,filled_from_address,,upcoming
ev_7073aa000b2093b531947cfecd6c1dda7b852d05309da530fc4f889ac67d4c3a,878,,215 Anzac Pde Kensington NSW 2033 Australia,Tesla Motors,6,Upcoming,2x350kW & 2x175kW,-33.9168297,151.2253621,,,,True,,combined_configuration,Tesla Motors ,Tesla,False,ev_20251216.csv,False,False,False,2033,candidate_for_missing,2033,address,False,filled_from_address,,upcoming
ev_d42017449c910043386315aa8c88cf6c1e7f343fda40d0bf1c8d1c42853b86b9,,Tropical Fruit World,"29 Duranbah Rd, Duranbah NSW 2487",Non-networked,2,AC,AC,-28.2855694,153.5252895,Tweed Shire Council,2487,Existing Destination Chargers,False,,type_only,Non-networked,Non-networked,False,ev_20251216.csv,False,False,False,2487,matches_existing,2487,PCODE,False,existing_retained,AC,not_specified
ev_68e040819d6179566c8447524fbeed30fc9aae6fc2e9a2959e0954ac2c3e0c06,,Pacific Garage,"17 Piper Dr, Ballina NSW 2478",Non-networked,1,AC,AC,-28.8468559,153.5551836,Ballina Shire Council,2478,Existing Destination Chargers,False,,type_only,Non-networked,Non-networked,False,ev_20251216.csv,False,False,False,2478,matches_existing,2478,PCODE,False,existing_retained,AC,not_specified
ev_f99a9227c376eb4b99dcf5315d595905c22a873973bdac30df0e928bc7cd326e,,Daleys Fruit Tree Nursery,"36 Daleys Ln
Geneva NSW 2474
Australia",Non-networked,3,AC,AC,-28.615544,152.9901087,Kyogle Council,2474,Destination Charging R2,False,,type_only,Non-networked,Non-networked,False,ev_20251216.csv,False,False,False,2474,matches_existing,2474,PCODE,False,existing_retained,AC,not_specified
ev_59851f28f2213a4546b625f9dbe869767cdd4f08ec2a0726c31a365e56423862,,Rainbow Power Company,"1 Alternative Way, Nimbin NSW 2480",Non-networked,2,AC,AC,-28.5953327,153.226753,Lismore City Council,2480,Existing Destination Chargers,False,,type_only,Non-networked,Non-networked,False,ev_20251216.csv,False,False,False,2480,matches_existing,2480,PCODE,False,existing_retained,AC,not_specified
ev_79da839b9d0542964562f46850efe49ab27fa5f4a6a8662b56e2f7651b351404,,Elements of Byron,"144 Bayshore Dr, Byron Bay NSW 2481",Non-networked,2,AC,AC,-28.6258868,153.587066,Byron Shire Council,2481,Existing Destination Chargers,False,,type_only,Non-networked,Non-networked,False,ev_20251216.csv,False,False,False,2481,matches_existing,2481,PCODE,False,existing_retained,AC,not_specified
ev_bd1705fbbc8e3248db9252b3bb1063d6422691d83cb4a6bb04b7b292c983911b,,Big 4 Holiday Park,"282 O'Keefes Ln, Palmers Island NSW 2463",Non-networked,2,AC,AC,-29.3948401,153.3121179,Clarence Valley Council,2463,Existing Destination Chargers,False,,type_only,Non-networked,Non-networked,False,ev_20251216.csv,False,False,False,2463,matches_existing,2463,PCODE,False,existing_retained,AC,not_specified
ev_0f1ea1c0ad91f406ca17b272ca82659b0131b1fe5cf2db0ca7e04e977615a662,,Barrons Tyre & Mechanical,"74/76 Dalgarno St, Coonabarabran NSW 2357",Non-networked,1,AC,AC,-31.2731036,149.2792177,Warrumbungle Shire Council,2357,Existing Destination Chargers,False,,type_only,Non-networked,Non-networked,False,ev_20251216.csv,False,False,False,2357,matches_existing,2357,PCODE,False,existing_retained,AC,not_specified
ev_1b6883f939dd96a9043097b4eb79d858a0365e2e1f6d5fc5d7b714603e239f8a,,Narrabri & District Citizens Boys Club,65A Barwan Street Narrabri NSW,Non-networked,1,AC,AC,-30.3278608,149.785666,Gwydir Shire Council,2390,Existing Destination Chargers,False,,type_only,Non-networked,Non-networked,False,ev_20251216.csv,False,False,False,,no_address_candidate,2390,PCODE,False,existing_retained,AC,not_specified
ev_dbcc1636c499512aeef22d1d0b06b4a9b036663fa1e4ccd6f57a78c1eed5db3f,,Quest Tamworth,"337 Armidale Rd, Tamworth NSW 2340",Non-networked,1,AC,AC,-31.1001019,150.9407339,Tamworth Regional Council,2340,Existing Destination Chargers,False,,type_only,Non-networked,Non-networked,False,ev_20251216.csv,False,False,False,2340,matches_existing,2340,PCODE,False,existing_retained,AC,not_specified
ev_a44599d50543c9e7ccfa9742ec7844b51372b8edd507c42e95fb47df25d8a268,,Forster Community Charger,"2/19 Boundary St, Forster NSW 2428",Non-networked,1,AC,AC,-32.1868894,152.5279036,Mid-Coast Council,2428,Existing Destination Chargers,False,,type_only,Non-networked,Non-networked,False,ev_20251216.csv,False,False,False,2428,matches_existing,2428,PCODE,False,existing_retained,AC,not_specified
ev_e0c55fc86dfa23b4ea5a8ff25ccd6ab874ab83c8f9a09902798267cb987c9b5c,,Mid Coast Council,"2 Pulteney St, Taree NSW 2430",Non-networked,2,AC,AC,-31.9150148,152.4599834,Mid-Coast Council,2430,Existing Destination Chargers,False,,type_only,Non-networked,Non-networked,False,ev_20251216.csv,False,False,False,2430,matches_existing,2430,PCODE,False,existing_retained,AC,not_specified
ev_1a52ec366cb41250edc1d27d9e63e2eda30603cbaf816e78b04a3d7249c53aa7,,Peak Coffee Brew Lab & Roastery.,"30 Jambali Rd
Port Macquarie NSW 2444
Australia",Non-networked,3,AC,AC,-31.4512795,152.8861637,Port Macquarie-Hastings Council,2444,Destination Charging R2,False,,type_only,Non-networked,Non-networked,False,ev_20251216.csv,False,False,False,2444,matches_existing,2444,PCODE,False,existing_retained,AC,not_specified
ev_070f1c53126b03050b77ff2327b756791ca436b38344934a93a5796f9890c8df,,Upper Hunter Automotive,"15-17 Rutherford Rd, Muswellbrook NSW 2333",Non-networked,1,AC,AC,-32.2836184,150.8952856,Muswellbrook Shire Council,2333,Existing Destination Chargers,False,,type_only,Non-networked,Non-networked,False,ev_20251216.csv,False,False,False,2333,matches_existing,2333,PCODE,False,existing_retained,AC,not_specified
ev_0b27e53f1769acb305e97143ec2848b6e67067e7f7f2393d58036ce66b3aa9ba,,Flynns on Surf Beach Villas,"25 Surf St, Port Macquarie NSW 2444",Non-networked,6,AC,AC,-31.4431677,152.923258,Port Macquarie-Hastings Council,2444,Existing Destination Chargers,False,,type_only,Non-networked,Non-networked,False,ev_20251216.csv,False,False,False,2444,matches_existing,2444,PCODE,False,existing_retained,AC,not_specified
ev_270ccb7da055dfdbfed50b9f494254beeb4800d107f989866c4a42b102030550,,Mid Coast Council,"1 Biripi Wy, Taree South NSW 2430",Non-networked,2,AC,AC,-31.9341846,152.4649828,Mid-Coast Council,2430,Existing Destination Chargers,False,,type_only,Non-networked,Non-networked,False,ev_20251216.csv,False,False,False,2430,matches_existing,2430,PCODE,False,existing_retained,AC,not_specified
ev_0148952545f7f39d31a50ed68e150c4cf90acb8d717457139fd974f088d78c70,,Skimstone Wines,"1307 Castlereagh Hwy, Apple Tree Flat NSW 2850",Non-networked,2,AC,AC,-32.6811112,149.7051024,Mid-Western Regional Council,2850,Existing Destination Chargers,False,,type_only,Non-networked,Non-networked,False,ev_20251216.csv,False,False,False,2850,matches_existing,2850,PCODE,False,existing_retained,AC,not_specified
ev_f9106e6dcdbe49fc5837916fc149503eac7cfa25e599c29c54a66fb5835b2585,,Mudgee Meat,"82 Depot Rd
Mudgee NSW 2850
Australia",Non-networked,2,AC,AC,-32.6122194,149.5958673,Mid-Western Regional Council,2850,Destination Charging R2,False,,type_only,Non-networked,Non-networked,False,ev_20251216.csv,False,False,False,2850,matches_existing,2850,PCODE,False,existing_retained,AC,not_specified
ev_a90e740dc4ad8bb0a437e819e62bcd82f8821e9b7a5829a558c53cd69b4649c0,,ThumbPrint Wines,"491 Ulan Rd
Eurunderee NSW 2850
Australia",Non-networked,1,AC,AC,-32.5608395,149.6246799,Mid-Western Regional Council,2850,Destination Charging R2,False,,type_only,Non-networked,Non-networked,False,ev_20251216.csv,False,False,False,2850,matches_existing,2850,PCODE,False,existing_retained,AC,not_specified
ev_d7b3383b52f155edb7ea40fa9b4aa310d467d50157461246e7522c2e92d8194c,,SPS Solar Pumping Solutions,"28 B55, Mudgee NSW 2850",Non-networked,1,AC,AC,-32.6064384,149.5987968,Mid-Western Regional Council,2850,Existing Destination Chargers,False,,type_only,Non-networked,Non-networked,False,ev_20251216.csv,False,False,False,2850,matches_existing,2850,PCODE,False,existing_retained,AC,not_specified
ev_6dc9c55e680639fba7b411031ecc4dd4cd5f283c7dfcb5f5db358e2f411135a6,,Coles Huntlee,"22 Empire St, Branxton NSW 2335",Non-networked,2,AC,AC,-32.6698934,151.3507552,Cessnock City Council,2335,Existing Destination Chargers,False,,type_only,Non-networked,Non-networked,False,ev_20251216.csv,False,False,False,2335,matches_existing,2335,PCODE,False,existing_retained,AC,not_specified
ev_d8709ca09e93549717458070666c01a837020f61152a17785bb949caf445396a,,McCaffrey's Estate Winery,"614 Hermitage Rd
Pokolbin NSW 2320
Australia",Non-networked,4,AC,AC,-32.7026979,151.2582555,Singleton Council,2320,Destination Charging R2,False,,type_only,Non-networked,Non-networked,False,ev_20251216.csv,False,False,False,2320,matches_existing,2320,PCODE,False,existing_retained,AC,not_specified
ev_d9398b9e760831ccc9b523a73301b47c9a011f4a9a3540b32de1d59ad593dda8,,Hunter Gleann - Hunter Valley Farm Stay Accommodation,"545 Hermitage Rd
Pokolbin NSW 2320
Australia",Non-networked,1,AC,AC,-32.6937456,151.2623294,Singleton Council,2320,Destination Charging R2,False,,type_only,Non-networked,Non-networked,False,ev_20251216.csv,False,False,False,2320,matches_existing,2320,PCODE,False,existing_retained,AC,not_specified
ev_150c87938a425c40ba17bfd7d3ffe4e573e19330ebd24d28a27d01b8b8a15308,,Albatross Marina,"44 Cook Parade, Lemon Tree Passage NSW 2319",Non-networked,2,AC,AC,-32.7310234,152.0398771,Port Stephens Council,2319,Existing Destination Chargers,False,,type_only,Non-networked,Non-networked,False,ev_20251216.csv,False,False,False,2319,matches_existing,2319,PCODE,False,existing_retained,AC,not_specified
ev_5d6efbecc68dade7be947276ab69e7495cfa86176179070142d11b3e35ec6e54,,HIES Electrical Services,"22-24 Almond St, Denman NSW 2328",Non-networked,3,AC,AC,-32.3831889,150.6818803,Muswellbrook Shire Council,2328,Existing Destination Chargers,False,,type_only,Non-networked,Non-networked,False,ev_20251216.csv,False,False,False,2328,matches_existing,2328,PCODE,False,existing_retained,AC,not_specified
ev_b6349471309ed136d982b5eb59c17ce02ac3a166f2d0df19253671170af65fc5,,Zig Zag Railway,"840 Chifley Rd, Clarence NSW 2790",Non-networked,2,AC,AC,-33.4773043,150.2210313,"Lithgow Council, City of",2790,Existing Destination Chargers,False,,type_only,Non-networked,Non-networked,False,ev_20251216.csv,False,False,False,2790,matches_existing,2790,PCODE,False,existing_retained,AC,not_specified
ev_afc334acd198c9aeae7bf94efde06a0d585f55abd1370178bd4002d6097047aa,,The Remington Orange,"1517 Forest Rd, Orange NSW 2800",Non-networked,6,AC,AC,-33.315586,149.0901336,Cabonne Council,2800,Existing Destination Chargers,False,,type_only,Non-networked,Non-networked,False,ev_20251216.csv,False,False,False,2800,matches_existing,2800,PCODE,False,existing_retained,AC,not_specified
ev_4d66d98b1d5a98f21ed7178de14a69873a6c8c64685b1c15dc16446533f02497,,Angullong Wines,"37 Victoria St, Millthorpe NSW 2798",Non-networked,1,AC,AC,-33.4457664,149.1845894,Blayney Shire Council,2798,Existing Destination Chargers,False,,type_only,Non-networked,Non-networked,False,ev_20251216.csv,False,False,False,2798,matches_existing,2798,PCODE,False,existing_retained,AC,not_specified
ev_3d2af3fe05f6a230d6d561e068efcf615b7c1d3ad252e54eb162143e5135a05a,,Landcare & Sustainable Living Centre,"110 York St, Booragul NSW 2284",Non-networked,2,AC,AC,-32.9683375,151.6061284,Lake Macquarie City Council,2284,Existing Destination Chargers,False,,type_only,Non-networked,Non-networked,False,ev_20251216.csv,False,False,False,2284,matches_existing,2284,PCODE,False,existing_retained,AC,not_specified
ev_3172fadcbe8039ff57922b50e68c595a7db182671eda963df62adae8de3b00e4,,Trading Post Laguna,"3718 Great N Rd, Laguna NSW 2325",Non-networked,1,AC,AC,-32.9904306,151.1307057,Cessnock City Council,2325,Existing Destination Chargers,False,,type_only,Non-networked,Non-networked,False,ev_20251216.csv,False,False,False,2325,matches_existing,2325,PCODE,False,existing_retained,AC,not_specified
ev_96906ea5977dbef45f98db994adc70343086f42f03e1f173c39ef34bb70113eb,,Hunter Wetlands Centre Australia,"1 Wetlands Pl, Shortland NSW 2307",Non-networked,2,AC,AC,-32.8763468,151.6966329,Newcastle City Council,2307,Existing Destination Chargers,False,,type_only,Non-networked,Non-networked,False,ev_20251216.csv,False,False,False,2307,matches_existing,2307,PCODE,False,existing_retained,AC,not_specified
ev_80598221d9daff4592dcfc330d4fe34d52e9298054086241aba09429af046fe6,,Kinda Kapers,"200 Pacific Hwy, Belmont North NSW 2280",Non-networked,2,AC,AC,-33.0101433,151.6726865,Lake Macquarie City Council,2280,Existing Destination Chargers,False,,type_only,Non-networked,Non-networked,False,ev_20251216.csv,False,False,False,2280,matches_existing,2280,PCODE,False,existing_retained,AC,not_specified
ev_23cb2b5751c544c55c09a3e8b4b7b0681a9218436ed0a3d950924e2a060ada5b,,Caves Coastal Bar and Bungalows,"27 Mawson Cl, Caves Beach NSW 2281",Non-networked,4,AC,AC,-33.1047207,151.6476497,Lake Macquarie City Council,2281,Existing Destination Chargers,False,,type_only,Non-networked,Non-networked,False,ev_20251216.csv,False,False,False,2281,matches_existing,2281,PCODE,False,existing_retained,AC,not_specified
ev_10f2beb4c919674d9dffa6b043c0fface7dbd13bd50718941621babd17b15ce6,,Fenwick's Marina,"31-33 Brooklyn Rd, Brooklyn NSW 2083",Non-networked,1,AC,AC,-33.5493918,151.2016162,"Hornsby, The Council of the Shire of",2083,Existing Destination Chargers,False,,type_only,Non-networked,Non-networked,False,ev_20251216.csv,False,False,False,2083,matches_existing,2083,PCODE,False,existing_retained,AC,not_specified
ev_6c6b4a5e1f660102d7dcd29963a148d6b4b42d8242f752c6b686c2881f44e1b4,,,"1190 Tunnel Rd
Talmalmo NSW 2640
Australia",Non-networked,1,AC,AC,-35.9151139,147.3226129,Greater Hume Shire Council,2640,Destination Charging R1,False,,type_only,Non-networked,Non-networked,False,ev_20251216.csv,False,False,False,2640,matches_existing,2640,PCODE,False,existing_retained,AC,not_specified
ev_135764aee9dc84e8211abc464756bd07db4b0e4775950b4d7727a611c9635ac6,,Mount Airlie,"34 Woodstock Rd, Woodstock NSW 2538",Non-networked,1,AC,AC,-35.3343561,150.416016,Shoalhaven City Council,2538,Existing Destination Chargers,False,,type_only,Non-networked,Non-networked,False,ev_20251216.csv,False,False,False,2538,matches_existing,2538,PCODE,False,existing_retained,AC,not_specified
ev_1515ce9deb717d47743b4f6bd0551813feee2c6d0a1e8a511a15025871f89831,,Queanbeyan Performing Arts Centre,"253 Crawford St, Queanbeyan NSW 2620",Non-networked,20,AC,AC,-35.3547552,149.2339358,Queanbeyan-Palerang Regional Council,2620,Existing Destination Chargers,False,,type_only,Non-networked,Non-networked,False,ev_20251216.csv,False,False,False,2620,matches_existing,2620,PCODE,False,existing_retained,AC,not_specified
ev_c586fba8fb8c9d957e81303276b90408e4fceb87b858a8e6e0279515a7762a71,,Broulee Brewhouse,"71 Coronation Dr
Broulee NSW 2537
Australia",Non-networked,2,AC,AC,-35.8483145,150.1758246,Eurobodalla Shire Council,2537,Destination Charging R1,False,,type_only,Non-networked,Non-networked,False,ev_20251216.csv,False,False,False,2537,matches_existing,2537,PCODE,False,existing_retained,AC,not_specified
ev_91174eabe04a96139dbce3954458c2331973860233e74e2971f483aa6a6117fe,,Mollymook Caravan Park,"32 Ilett St, Mollymook NSW 2539",Non-networked,1,AC,AC,-35.3412985,150.4649884,Shoalhaven City Council,2539,Existing Destination Chargers,False,,type_only,Non-networked,Non-networked,False,ev_20251216.csv,False,False,False,2539,matches_existing,2539,PCODE,False,existing_retained,AC,not_specified
ev_d56543a088a855f0c8d7220b930471240e131a8a3a7df74440b3443005bd25d4,,Next Tech Group Albury,"3/314 Kiewa St, South Albury NSW 2640",Non-networked,1,AC,AC,-36.090319,146.914596,Albury City Council,2640,Existing Destination Chargers,False,,type_only,Non-networked,Non-networked,False,ev_20251216.csv,False,False,False,2640,matches_existing,2640,PCODE,False,existing_retained,AC,not_specified
ev_98ef957d930494f7f450142cc8f02bd81393647448834ab431e21bd5e4f2a4e2,,Talbingo Caravan Park,"24 Whitty St, Talbingo NSW 2720",Non-networked,1,AC,AC,-35.5834847,148.2966413,Snowy Valleys Council,2720,Existing Destination Chargers,False,,type_only,Non-networked,Non-networked,False,ev_20251216.csv,False,False,False,2720,matches_existing,2720,PCODE,False,existing_retained,AC,not_specified
ev_19e4df77565d45c6e8c31e59c8f7cb4c30399047185ee8dcf75e26192a9d399c,,Rainer Kwast Building & Design,"1211 Oallen Rd
Oallen NSW 2622
Australia",Non-networked,1,AC,AC,-35.163405,149.9581796,Queanbeyan-Palerang Regional Council,2622,Destination Charging R2,False,,type_only,Non-networked,Non-networked,False,ev_20251216.csv,False,False,False,2622,matches_existing,2622,PCODE,False,existing_retained,AC,not_specified
ev_0cef54600775012b1a2d1a9ae77a5c699d82446075e91313f3d4d8da867fadcd,,Penrose Village General Store,"901 Penrose Rd, Penrose NSW 2579",Non-networked,1,AC,AC,-34.6727199,150.2123981,Wingecarribee Shire Council,2579,Existing Destination Chargers,False,,type_only,Non-networked,Non-networked,False,ev_20251216.csv,False,False,False,2579,matches_existing,2579,PCODE,False,existing_retained,AC,not_specified
ev_dcdbe1ecf52fb6c756ae1fc515b5c9a9a9504fda61bdb7ac40b717832d08d921,,Kiama Community Charger,"19 Farmer St, Kiama NSW 2533",Non-networked,2,AC,AC,-34.6773742,150.849718,"Kiama, The Council of the Municipality of",2533,Existing Destination Chargers,False,,type_only,Non-networked,Non-networked,False,ev_20251216.csv,False,False,False,2533,matches_existing,2533,PCODE,False,existing_retained,AC,not_specified
ev_040d5fd243821a4b52de3c1b94253ca7f89fef926c5409b032bf3212863ccc83,,Top Shops Kiama,"162 Manning St, Kiama NSW 2533",Non-networked,1,AC,AC,-34.6808237,150.8494085,"Kiama, The Council of the Municipality of",2533,Existing Destination Chargers,False,,type_only,Non-networked,Non-networked,False,ev_20251216.csv,False,False,False,2533,matches_existing,2533,PCODE,False,existing_retained,AC,not_specified
ev_c49021d98d070f6c022ddf246e538d624631333d76d8f674891662fa696b146e,,Southern Highlands Visitor Information Centre,"62-70 Main St, Mittagong NSW 2575",Non-networked,1,AC,AC,-34.4499592,150.451961,Wingecarribee Shire Council,2575,Existing Destination Chargers,False,,type_only,Non-networked,Non-networked,False,ev_20251216.csv,False,False,False,2575,matches_existing,2575,PCODE,False,existing_retained,AC,not_specified
ev_38b4811bf8e07fa1ffed65249409aac626fbbe37d353362e7fdb75e1b6ac9f33,,The Argyle Inn,"80 Orchard St
Taralga NSW 2580
Australia",Non-networked,2,AC,AC,-34.3987498,149.8194565,Upper Lachlan Shire Council,2580,Destination Charging R2,False,,type_only,Non-networked,Non-networked,False,ev_20251216.csv,False,False,False,2580,matches_existing,2580,PCODE,False,existing_retained,AC,not_specified
ev_6bdba01c53e003aeb9ba65c1e060be6567178a793a9b1dbe938cdef261f0435d,,Figtree Grove Shopping Centre,"19 Princes Hwy, Figtree NSW 2525",Non-networked,2,AC,AC,-34.4366153,150.8632982,Wollongong City Council,2525,Existing Destination Chargers,False,,type_only,Non-networked,Non-networked,False,ev_20251216.csv,True,False,True,2525,matches_existing,2525,PCODE,False,existing_retained,AC,not_specified
ev_b5d6395449348c01a856dab11398b7f9689b3ea92f25167bcd99ad5b2f26e0ac,,Woolworths Tahmoor,"117 Remembrance Driveway, Tahmoor NSW 2573",Non-networked,3,AC,AC,-34.2232308,150.5930417,Wollondilly Shire Council,2573,Existing Destination Chargers,False,,type_only,Non-networked,Non-networked,False,ev_20251216.csv,False,False,False,2573,matches_existing,2573,PCODE,False,existing_retained,AC,not_specified
ev_4bf37078c4580c95ed2c2f360ad2046f3463de4c43edad133127025d9b35989f,,Bay Central,"453A Captain Cook Dr, Woolooware NSW 2230",Non-networked,4,AC,AC,-34.0384451,151.1429673,Sutherland Shire Council,2230,Existing Destination Chargers,False,,type_only,Non-networked,Non-networked,False,ev_20251216.csv,False,False,False,2230,matches_existing,2230,PCODE,False,existing_retained,AC,not_specified
ev_a8d71e8dcafaa7b86bd14930bbb2614477195ea8fea4589fe2309cada42a90a0,,Royal Motor Yacht Club Port Hacking,"228-232 Woolooware Rd, Burraneer NSW 2230",Non-networked,2,AC,AC,-34.0624042,151.1405166,Sutherland Shire Council,2230,Existing Destination Chargers,False,,type_only,Non-networked,Non-networked,False,ev_20251216.csv,False,False,False,2230,matches_existing,2230,PCODE,False,existing_retained,AC,not_specified
ev_3cc59875bcc2cb894264ce4e79426e15028b91b52c6488840c610ccbaff60089,,Emerald Hills Shopping Village,"5 Emerald Hills Blvd, Leppington NSW 2179",Non-networked,2,AC,AC,-33.9964797,150.7924412,Camden Council,2179,Existing Destination Chargers,False,,type_only,Non-networked,Non-networked,False,ev_20251216.csv,False,False,False,2179,matches_existing,2179,PCODE,False,existing_retained,AC,not_specified
ev_921dfe7780e408e25c8bfd1dd955c56ffa287701dfb106158659637a6a3a00d3,,,"25A Rowley St, Brighton-Le-Sands NSW 2216",Non-networked,1,AC,AC,-33.953397,151.157943,Bayside Council,2216,Existing Destination Chargers,False,,type_only,Non-networked,Non-networked,False,ev_20251216.csv,False,False,False,2216,matches_existing,2216,PCODE,False,existing_retained,AC,not_specified
ev_00b32266a8a310d156c09b4ab35ae4e594ec8a690c42a7bd13fd33253a410cb3,,Bombay Bloomers,"49 St Pauls St, Randwick NSW 2031",Non-networked,2,AC,AC,-33.9201206,151.2437903,Randwick City Council,2031,Existing Destination Chargers,False,,type_only,Non-networked,Non-networked,False,ev_20251216.csv,False,False,False,2031,matches_existing,2031,PCODE,False,existing_retained,AC,not_specified
ev_a01bb8dd8702c81fa9b89509f05e4897dda58513339dba794b6ba886a24ecfb0,,St Kilda Street,"1A St Kilda St, Bexley North NSW 2207",Non-networked,1,AC,AC,-33.9412753,151.1096638,Canterbury Bankstown Council,2207,Existing Destination Chargers,False,,type_only,Non-networked,Non-networked,False,ev_20251216.csv,False,False,False,2207,matches_existing,2207,PCODE,False,existing_retained,AC,not_specified
ev_c5a57efc635a1a95ec187dce6392bcc2186202f6ed0faf17cfd27effd4d696b5,,Dutton Plaza,"8 Dutton Ln, Cabramatta NSW 2166",Non-networked,4,AC,AC,-33.8940119,150.9348248,Fairfield City Council,2166,Existing Destination Chargers,False,,type_only,Non-networked,Non-networked,False,ev_20251216.csv,False,False,False,2166,matches_existing,2166,PCODE,False,existing_retained,AC,not_specified
ev_450890a8fa778cf3ce6b80b40edb72054128f12464d21b53bdf5d11c85b7edfa,,Beauty by Jackie,"118 Mountview Ave, Narwee NSW 2209",Non-networked,1,AC,AC,-33.9494015,151.0682085,Georges River Council,2209,Existing Destination Chargers,False,,type_only,Non-networked,Non-networked,False,ev_20251216.csv,False,False,False,2209,matches_existing,2209,PCODE,False,existing_retained,AC,not_specified
ev_cbb1d8277e9df5cddccb5a729a803ecc1506b10d24db78b81946cba9ccad0cc9,,InterPark Thomas Street,"25 Thomas St, Ultimo NSW 2007",Non-networked,2,AC,AC,-33.8832473,151.1986734,"Sydney, Council of the City of",2007,Existing Destination Chargers,False,,type_only,Non-networked,Non-networked,False,ev_20251216.csv,False,False,False,2007,matches_existing,2007,PCODE,False,existing_retained,AC,not_specified
ev_8ce3c9912e1d0c146932bc67f4e8b8717449bb105e70701dcdc8e1aa328a1e67,,Strathfield Square,"5 Churchill Ave, Strathfield NSW 2135",Non-networked,1,AC,AC,-33.8721979,151.0934226,Strathfield Municipal Council,2135,Existing Destination Chargers,False,,type_only,Non-networked,Non-networked,False,ev_20251216.csv,False,False,False,2135,matches_existing,2135,PCODE,False,existing_retained,AC,not_specified
ev_b504ddd6f1d246cddab7d5ba63d9762b0b7d55d1511fe7e83280c65934e3be99,,Bressington Park Dog Park,"Bressington Park, Underwood Rd, Homebush NSW 2140",Non-networked,1,AC,AC,-33.8528942,151.0801923,Strathfield Municipal Council,2140,Existing Destination Chargers,False,,type_only,Non-networked,Non-networked,False,ev_20251216.csv,False,False,False,2140,matches_existing,2140,PCODE,False,existing_retained,AC,not_specified
ev_fe80ae28148012ac9dc39271f166998909520a916d2d2f3bbd8e25658c914021,,CIRCA 1928 Art Hotel,"588 Dean St
Albury NSW 2640
Australia",Non-networked,1,AC,AC,-36.0802119,146.914813,Albury City Council,2640,Destination Charging R2,False,,type_only,Non-networked,Non-networked,False,ev_20251216.csv,False,False,False,2640,matches_existing,2640,PCODE,False,existing_retained,AC,not_specified
ev_e1c08dde65f5cae543efb9e7dae760827e89d6773051847b1b8d4c225c3974e5,,Lake Albert Picnic Area,"29 Lake St, Lake Albert NSW 2650",Non-networked,2,AC,AC,-35.1711683,147.3792851,Wagga Wagga City Council,2650,Existing Destination Chargers,False,,type_only,Non-networked,Non-networked,False,ev_20251216.csv,False,False,False,2650,matches_existing,2650,PCODE,False,existing_retained,AC,not_specified
ev_48965ad9af040eeb0d1b181a7adc5f771424d88acb940c4a27bb75778c9f17f7,,Bridges on Meninya,"38 Meninya St
Moama NSW 2731
Australia",Non-networked,2,AC,AC,-36.1127529,144.7549308,Murray River Council,2731,Destination Charging R2,False,,type_only,Non-networked,Non-networked,False,ev_20251216.csv,False,False,False,2731,matches_existing,2731,PCODE,False,existing_retained,AC,not_specified
ev_5b485b40a0826daaa4fb6f7e25f34b484452a444ac19b7a091840f0dec93c67a,,Eddy’s of Canowindra,"13 Tilga St, Canowindra NSW 2804",Non-networked,1,AC,AC,-33.5655268,148.6639309,Cabonne Council,2804,Existing Destination Chargers,False,,type_only,Non-networked,Non-networked,False,ev_20251216.csv,False,False,False,2804,matches_existing,2804,PCODE,False,existing_retained,AC,not_specified
ev_d70dc23a6525efb165ab7f64dc1c7464dc36382aed7daa0dc21c64e31c4167e3,,Transgrid Discovery Hub,"27 Kincaid St, Wagga Wagga NSW 2650",Non-networked,2,AC,AC,-35.1036746,147.3675741,Wagga Wagga City Council,2650,Existing Destination Chargers,False,,type_only,Non-networked,Non-networked,False,ev_20251216.csv,False,False,False,2650,matches_existing,2650,PCODE,False,existing_retained,AC,not_specified
ev_87f35cd7fe4ac951ede844cde57ae7fa473f255c374e1bcc0d74f6849f805f10,,Royal Hotel,"14 Olive St, Mandurama NSW 2792",Non-networked,1,AC,AC,-33.6483157,149.0750884,Blayney Shire Council,2792,Existing Destination Chargers,False,,type_only,Non-networked,Non-networked,False,ev_20251216.csv,False,False,False,2792,matches_existing,2792,PCODE,False,existing_retained,AC,not_specified
ev_30c126deeb03760f222841902eb39b2d23e9f2b1869345c52076cc2ff084eb23,,GT Tooling,"34 Railway Rd S, Mulgrave NSW 2756",Non-networked,4,AC,AC,-33.6281673,150.8326267,Hawkesbury City Council,2756,Existing Destination Chargers,False,,type_only,Non-networked,Non-networked,False,ev_20251216.csv,False,False,False,2756,matches_existing,2756,PCODE,False,existing_retained,AC,not_specified
ev_c8e8f4d796317f7ffba459365d1100d6ada4a3438997694b849a423ddeb1ff70,,Blacktown Animal Rehoming Centre,"20 Owen St, Glendenning NSW 2761",Non-networked,2,AC,AC,-33.7519596,150.8578778,Penrith City Council,2761,Existing Destination Chargers,False,,type_only,Non-networked,Non-networked,False,ev_20251216.csv,False,False,False,2761,matches_existing,2761,PCODE,False,existing_retained,AC,not_specified
ev_8a6299445e2a4d318b07cd53c0a39ee8afcf2ab6d3496585f3a1c85af0985d10,,Granville Place,"38 Cowper St, Granville NSW 2142",Non-networked,3,AC,AC,-33.8321169,151.0129863,Cumberland Council,2142,Existing Destination Chargers,False,,type_only,Non-networked,Non-networked,False,ev_20251216.csv,False,False,False,2142,matches_existing,2142,PCODE,False,existing_retained,AC,not_specified
ev_7b7bebe0bdfc67398a2d3e7ced718d1004710401b48aad81e191c8260698b1c8,,Tallawong Village Retail,2 Conferta Ave Tallawong NSW 2762,Non-networked,35,AC,AC,-33.6923531,150.9070683,Penrith City Council,2762,Existing Destination Chargers,False,,type_only,Non-networked,Non-networked,False,ev_20251216.csv,False,False,False,2762,matches_existing,2762,PCODE,False,existing_retained,AC,not_specified
ev_87bad46c9c16abf96af56b46942b9b4cf58122184b6be91a98f52f071ff022f2,,Wenty Leagues,"50 Smith St, Wentworthville NSW 2145",Non-networked,3,AC,AC,-33.8123942,150.9629175,Cumberland Council,2145,Existing Destination Chargers,False,,type_only,Non-networked,Non-networked,False,ev_20251216.csv,False,False,False,2145,matches_existing,2145,PCODE,False,existing_retained,AC,not_specified
ev_4d31add03b47038702d42e4b80362bf3bf7b88d648a1656c2bdab19764badafb,,Hartley Green Power,"22 Coxs River Rd, Little Hartley NSW 2790",Non-networked,3,AC,AC,-33.5671094,150.203535,"Lithgow Council, City of",2790,Existing Destination Chargers,False,,type_only,Non-networked,Non-networked,False,ev_20251216.csv,False,False,False,2790,matches_existing,2790,PCODE,False,existing_retained,AC,not_specified
ev_5c70ae114c14454264795a008ec29187b0b971be6c16c01d08b317e40df4fd46,,Eastern Creek Quarter XL,"181 Rooty Hill Rd S, Eastern Creek NSW 2766",Non-networked,3,AC,AC,-33.7861419,150.8540986,Penrith City Council,2766,Existing Destination Chargers,False,,type_only,Non-networked,Non-networked,False,ev_20251216.csv,False,False,False,2766,matches_existing,2766,PCODE,False,existing_retained,AC,not_specified
ev_beaa32ba044c5a5b09b7a25f6445286c9073459d212efc1f909cce95e098ace1,,Parramatta Station Car Park,"17 Wentworth St, Parramatta NSW 2150",Non-networked,3,AC,AC,-33.8191009,151.0045604,"Parramatta, Council of the City of",2150,Existing Destination Chargers,False,,type_only,Non-networked,Non-networked,False,ev_20251216.csv,False,False,False,2150,matches_existing,2150,PCODE,False,existing_retained,AC,not_specified
ev_b3e1ebe90481403ae52e3d8778106992f6a7481b0fe36612caf52c959f07e43e,,The Quays Marina,"1856 Pittwater Rd, Church Point NSW 2105",Non-networked,2,AC,AC,-33.6510249,151.2891304,Northern Beaches Council,2105,Existing Destination Chargers,False,,type_only,Non-networked,Non-networked,False,ev_20251216.csv,False,False,False,2105,matches_existing,2105,PCODE,False,existing_retained,AC,not_specified
ev_f69e3be3c831956871b7465aac39494832f991f0ddb9ba671c28213193811cf0,,Collaroy Park and Ride,"1068 Pittwater Rd, Collaroy NSW 2097",Non-networked,2,AC,AC,-33.7307257,151.3010644,Northern Beaches Council,2097,Existing Destination Chargers,False,,type_only,Non-networked,Non-networked,False,ev_20251216.csv,False,False,False,2097,matches_existing,2097,PCODE,False,existing_retained,AC,not_specified
ev_a5a2f570e994046fadcc845e0444ebe3bc3dab50a2a9cc78a3c277ef27f07c7b,,Alchemy Charge,"230 Harbord Rd, Brookvale NSW 2100",Non-networked,1,AC,AC,-33.7605156,151.2798579,Northern Beaches Council,2100,Existing Destination Chargers,False,,type_only,Non-networked,Non-networked,False,ev_20251216.csv,False,False,False,2100,matches_existing,2100,PCODE,False,existing_retained,AC,not_specified
ev_9be553fe94c97a2a80c7171cd8e0c3be67efc96d7559e5da60ea15b8e0b48598,,Blackmores Campus,"20 Jubilee Ave, Warriewood NSW 2102",Non-networked,2,AC,AC,-33.6774528,151.2909109,Northern Beaches Council,2102,Existing Destination Chargers,False,,type_only,Non-networked,Non-networked,False,ev_20251216.csv,False,False,False,2102,matches_existing,2102,PCODE,False,existing_retained,AC,not_specified
ev_8acfd23c775e55e9819043aeceb262423ce3096a56be96e0874e7dae64b9294f,,KFC Frenchs Forest,"20 Frenchs Forest Rd E, Frenchs Forest NSW 2086",Non-networked,1,AC,AC,-33.7515351,151.2441705,Northern Beaches Council,2086,Existing Destination Chargers,False,,type_only,Non-networked,Non-networked,False,ev_20251216.csv,False,False,False,2086,matches_existing,2086,PCODE,False,existing_retained,AC,not_specified
ev_7d8f8330af24a1d10c810a19dc4e2e2455eb5f15627bfdcfd7fdd73830533623,,Col Crawford BMW,"485 Pittwater Rd, Brookvale NSW 2100",Non-networked,2,AC,AC,-33.7645609,151.2705731,Northern Beaches Council,2100,Existing Destination Chargers,False,,type_only,Non-networked,Non-networked,False,ev_20251216.csv,False,False,False,2100,matches_existing,2100,PCODE,False,existing_retained,AC,not_specified
ev_ccc39fef3a69030d49ad43c7993acdc7462ee31e94ba90089fef8c327d5e3b6c,,Pullman Sydney Airport,"191 O'Riordan St, Mascot NSW 2020",Non-networked,2,AC,AC,-33.9274779,151.1869668,Bayside Council,2020,Existing Destination Chargers,False,,type_only,Non-networked,Non-networked,False,ev_20251216.csv,False,False,False,2020,matches_existing,2020,PCODE,False,existing_retained,AC,not_specified
ev_f9a4996ac50d8168d2bc8c3a9388d94b79055bd9e635c319c98bb51be810ac38,,TLE Electrical - Artarmon,"C/65 Reserve Rd, St Leonards NSW 2065",Non-networked,2,AC,AC,-33.8185641,151.1894192,North Sydney Council,2065,Existing Destination Chargers,False,,type_only,Non-networked,Non-networked,False,ev_20251216.csv,False,False,False,2065,matches_existing,2065,PCODE,False,existing_retained,AC,not_specified
ev_6454cfb228dec6a74e59705db9637f68dc25e4b94a2ff685a98a8b6a0ca8e393,,,"19 Nicholson St, Wollstonecraft, NSW 2065",Non-networked,2,AC,AC,-33.8269304,151.1991019,North Sydney Council,2065,Existing Destination Chargers,False,,type_only,Non-networked,Non-networked,False,ev_20251216.csv,False,False,False,2065,matches_existing,2065,PCODE,False,existing_retained,AC,not_specified
ev_436ea8c67746466c347ef2c2f27947eff136d446f902e87935778e40e77a1761,,Top Ryde City Shopping Centre,"129 Blaxland Rd, Ryde NSW 2112",Non-networked,2,AC,AC,-33.8123057,151.1059282,"Ryde, Council of the City of",2112,Existing Destination Chargers,False,,type_only,Non-networked,Non-networked,False,ev_20251216.csv,False,False,False,2112,matches_existing,2112,PCODE,False,existing_retained,AC,not_specified
ev_481a0e4d5bc29bfb56175a05a14439f6c42061cff3be412c5ee1cec54a72bbc0,,Hume Street Park,"44 Hume St, Crows Nest NSW 2065",Non-networked,2,AC,AC,-33.8244404,151.1998787,North Sydney Council,2065,Existing Destination Chargers,False,,type_only,Non-networked,Non-networked,False,ev_20251216.csv,False,False,False,2065,matches_existing,2065,PCODE,False,existing_retained,AC,not_specified
ev_349c4b0b7562bc4d7d5f883b580adbb6e8e8da28b63db22276977559ffbf5cf8,,Chatswood Place,"260 Victoria Ave, Chatswood NSW 2067",Non-networked,2,AC,AC,-33.7949453,151.188291,North Sydney Council,2067,Existing Destination Chargers,False,,type_only,Non-networked,Non-networked,False,ev_20251216.csv,True,False,True,2067,matches_existing,2067,PCODE,False,existing_retained,AC,not_specified
ev_35cd14862245128d6d73e3007fb01c521edd9eef04aabe72ce845d50034b83b6,,Sub Base Platypus,"120 High St, North Sydney NSW 2060",Non-networked,4,AC,AC,-33.8432089,151.2170592,North Sydney Council,2060,Existing Destination Chargers,False,,type_only,Non-networked,Non-networked,False,ev_20251216.csv,False,False,False,2060,matches_existing,2060,PCODE,False,existing_retained,AC,not_specified
ev_cfee81a37b807f9e0f593d7e06d6e6d3f4a760fe29ac697b31ea83806177cf25,,Sydney Opera House,"2A Macquarie St, Sydney NSW 2000",Non-networked,2,AC,AC,-33.8593398,151.2135232,"Sydney, Council of the City of",2000,Existing Destination Chargers,False,,type_only,Non-networked,Non-networked,False,ev_20251216.csv,False,False,False,2000,matches_existing,2000,PCODE,False,existing_retained,AC,not_specified
ev_ae6c08c78cbf3caaef81bc5fb67685e4f7563219ddeeb610c8dd23728e593ba1,,Darling Square Car Park,"35 Tumbalong Bvd, Haymarket NSW 2000",Non-networked,2,AC,AC,-33.8782742,151.2025947,"Sydney, Council of the City of",2000,Existing Destination Chargers,False,,type_only,Non-networked,Non-networked,False,ev_20251216.csv,False,False,False,2000,matches_existing,2000,PCODE,False,existing_retained,AC,not_specified
ev_d6d4b22139b767c825d6ca1ab4e101e45acb9bb8a414c5a29551be8a5a2c5f8c,,Four Points by Sheraton Sydney,"4 Central Park Ave, Chippendale NSW 2008",Non-networked,3,AC,AC,-33.8847132,151.1990103,"Sydney, Council of the City of",2008,Existing Destination Chargers,False,,type_only,Non-networked,Non-networked,False,ev_20251216.csv,False,False,False,2008,matches_existing,2008,PCODE,False,existing_retained,AC,not_specified
ev_90a4134e366d3eb17b94b819d679d22c4fd544757754cb97f7be34991a806800,,Willows Motel Goulburn and Cultural Holiday Park,"1 Day St
Goulburn NSW 2580
Australia",Non-networked,2,AC,AC,-34.747564,149.7437857,Goulburn Mulwaree Council,2580,Destination Charging R1,False,,type_only,Non-networked,Non-networked,False,ev_20251216.csv,False,False,False,2580,matches_existing,2580,PCODE,False,existing_retained,AC,not_specified
ev_ad9a465386410a1871b947cee1a5ccf427f17748701d480f2717c36a5393d441,,Zane Gray Caravan Park,"1 Lamont St
Bermagui NSW 2546
Australia",Non-networked,2,AC,AC,-36.4263368,150.0812421,Bega Valley Shire Council,2546,Destination Charging R2,False,,type_only,Non-networked,Non-networked,False,ev_20251216.csv,False,False,False,2546,matches_existing,2546,PCODE,False,existing_retained,AC,not_specified
ev_e6c8930b5cdee9a43ab3ee1c8fcdc78924d8c4376eb03abd2f34a59c21042666,,Gundagai Tourist Park,"1 Nangus Rd
Gundagai NSW 2722
Australia",Non-networked,2,AC,AC,-35.06431,148.097832,Cootamundra-gundagai Regional Council,2722,Destination Charging R2,False,,type_only,Non-networked,Non-networked,False,ev_20251216.csv,False,False,False,2722,matches_existing,2722,PCODE,False,existing_retained,AC,not_specified
ev_af1f0cff4f4c7688602819e664db523ebbd9147b2227a64d8002b1120bd8e84c,,Stone & Wood Brewery Byron Bay,"100 Centennial Cirt
Byron Bay NSW 2481
Australia",Non-networked,4,AC,AC,-28.6373442,153.5806246,Byron Shire Council,2481,Destination Charging R1,False,,type_only,Non-networked,Non-networked,False,ev_20251216.csv,False,False,False,2481,matches_existing,2481,PCODE,False,existing_retained,AC,not_specified
ev_42559aba82c931ea1989365af1e7c4ce137233181e0f6c9651666cbb9cefd4d0,,Garden Motor Inn,"101 West St
Gundagai NSW 2722
Australia",Non-networked,4,AC,AC,-35.0542257,148.1044927,Cootamundra-gundagai Regional Council,2722,Destination Charging R2,False,,type_only,Non-networked,Non-networked,False,ev_20251216.csv,False,False,False,2722,matches_existing,2722,PCODE,False,existing_retained,AC,not_specified
ev_39ad1ef538d76096ae737ea71c62c887faae80c9abf2ebea3ca65631e05d8727,,Valley House,"10A Whiffens Ln
Central Tilba NSW 2546
Australia",Non-networked,1,AC,AC,-36.3120498,150.0765107,Eurobodalla Shire Council,2546,Destination Charging R2,False,,type_only,Non-networked,Non-networked,False,ev_20251216.csv,False,False,False,2546,matches_existing,2546,PCODE,False,existing_retained,AC,not_specified
ev_bd60fd0d48df5ebb608b1846de72c22826400362a76f1e598283ae8bf898dabc,,Sandbar Restaurant & Bar,"11 Hawke St
Huskisson NSW 2540
Australia",Non-networked,1,AC,AC,-35.0399182,150.6720389,Shoalhaven City Council,2540,Destination Charging R2,False,,type_only,Non-networked,Non-networked,False,ev_20251216.csv,False,False,False,2540,matches_existing,2540,PCODE,False,existing_retained,AC,not_specified
ev_cf231efc0fcc9d871416288a06b56c004210f35ba66b6dfd4402ed8caa8a95a0,,Waterview Motel,"121 River St
Maclean NSW 2463
Australia",Non-networked,4,AC,AC,-29.4501292,153.2005031,Clarence Valley Council,2463,Destination Charging R2,False,,type_only,Non-networked,Non-networked,False,ev_20251216.csv,False,False,False,2463,matches_existing,2463,PCODE,False,existing_retained,AC,not_specified
ev_e7c61f30435c5d9e998b6bed569d356dad963733bd28dac1f74a55b74eec623d,,"Rosby Wines, Gallery & Sculpture Garden","122 Strikes Ln
Eurunderee NSW 2850
Australia",Non-networked,1,AC,AC,-32.5271932,149.6240234,Mid-Western Regional Council,2850,Destination Charging R2,False,,type_only,Non-networked,Non-networked,False,ev_20251216.csv,False,False,False,2850,matches_existing,2850,PCODE,False,existing_retained,AC,not_specified
ev_f792e143a0bef6d5c53c6a27c630683fb7a01c178de7ce00190418df95861db2,,Reflections Coffs Harbour - Holiday Park,"123 Pacific Hwy
Coffs Harbour NSW 2450
Australia",Non-networked,4,AC,AC,-30.2926107,153.1183866,Coffs Harbour City Council,2450,Destination Charging R2,False,,type_only,Non-networked,Non-networked,False,ev_20251216.csv,False,True,True,2450,matches_existing,2450,PCODE,False,existing_retained,AC,not_specified
ev_128bff91c1111f22fbf7427b1578011549b50e14bf627ce412e4f2231e3f454e,,,"13 Glasford Cres
Kioloa NSW 2539
Australia",Non-networked,1,AC,AC,-35.5640227,150.368081,Shoalhaven City Council,2539,Destination Charging R2,False,,type_only,Non-networked,Non-networked,False,ev_20251216.csv,False,False,False,2539,matches_existing,2539,PCODE,False,existing_retained,AC,not_specified
ev_d0f1a08a7d0655f46c5f32710a9db75f79ef408be20cdea195a5045dfb7b4e34,,Kyah Hotel,"13-17 Brightlands Ave
Blackheath NSW 2785
Australia",Non-networked,4,AC,AC,-33.6494257,150.287268,Blue Mountains City Council,2785,Destination Charging R1,False,,type_only,Non-networked,Non-networked,False,ev_20251216.csv,False,False,False,2785,matches_existing,2785,PCODE,False,existing_retained,AC,not_specified
ev_4ff1f67a75d4b34d8b558d757db60f4d5a1b0c37f6d23e4aef9763076d3d3316,,Pet Medical,"14 Aberdeen St
Muswellbrook NSW 2333
Australia",Non-networked,4,AC,AC,-32.2517419,150.8910133,Muswellbrook Shire Council,2333,Destination Charging R2,False,,type_only,Non-networked,Non-networked,False,ev_20251216.csv,False,False,False,2333,matches_existing,2333,PCODE,False,existing_retained,AC,not_specified
ev_33837daf4214c51e76b3861aa577055e7dc5fa37af1337c1b8ffc1d880d736fa,,Nimmitavel Motel,"15 Stanton St
Nimmitabel NSW 2631
Australia",Non-networked,2,AC,AC,-36.505705,149.2846518,Snowy Monaro Regional Council,2631,Destination Charging R2,False,,type_only,Non-networked,Non-networked,False,ev_20251216.csv,False,False,False,2631,matches_existing,2631,PCODE,False,existing_retained,AC,not_specified
ev_70727629ea1746df3483f8912a6bc7d6cb071c37cbe43c8c10e9c787d1f65b44,,Nicholas Royal Motel,"152 Lachlan St
Hay NSW 2711
Australia",Non-networked,2,AC,AC,-34.5078372,144.84319,Hay Shire Council,2711,Destination Charging R2,False,,type_only,Non-networked,Non-networked,False,ev_20251216.csv,False,False,False,2711,matches_existing,2711,PCODE,False,existing_retained,AC,not_specified
ev_34d37dbfe7a6aead1463ed1de39881a66435f58ee7a04390cc699b8b6fce6468,,Newell Motor Inn,"16294 Newell Hwy
Gillenbah NSW 2700
Australia",Non-networked,2,AC,AC,-34.763256,146.537421,Narrandera Shire Council,2700,Destination Charging R2,False,,type_only,Non-networked,Non-networked,False,ev_20251216.csv,False,False,False,2700,matches_existing,2700,PCODE,False,existing_retained,AC,not_specified
ev_2f1415a17baaede36e508f5d1a536619d1829c2af4f538088e7ea83fa323cb02,,Palm View,"17 Babs Rd
Killcare Heights NSW 2257
Australia",Non-networked,1,AC,AC,-33.5242952,151.3751624,Central Coast Council,2257,Destination Charging R2,False,,type_only,Non-networked,Non-networked,False,ev_20251216.csv,False,False,False,2257,matches_existing,2257,PCODE,False,existing_retained,AC,not_specified
ev_ec1f75bfb6855d4af6f4189f1be5e0e6d903dc3d081c6dc75e83d6acf4373d15,,Hobby Sheep Farm,"170 Fernleigh Clos
Windellama NSW 2580
Australia",Non-networked,1,AC,AC,-35.02389,149.8294783,Goulburn Mulwaree Council,2580,Destination Charging R2,False,,type_only,Non-networked,Non-networked,False,ev_20251216.csv,False,False,False,2580,matches_existing,2580,PCODE,False,existing_retained,AC,not_specified
ev_973a95359e6edc6b866607b4deebd9eab2f47437bd7fe85a4c0ffc568d559f9f,,Heritage House Motel,"178 Imlay St
Eden NSW 2551
Australia",Non-networked,2,AC,AC,-37.0677683,149.9080465,Bega Valley Shire Council,2551,Destination Charging R1,False,,type_only,Non-networked,Non-networked,False,ev_20251216.csv,False,False,False,2551,matches_existing,2551,PCODE,False,existing_retained,AC,not_specified
ev_a0085b355b4eabb4410b206de9f26f7980dd545e24f59f70541c57b7a9583381,,Reflections Evans Head - Holiday Park,"18 Park St
Evans Head NSW 2473
Australia",Non-networked,4,AC,AC,-29.1153168,153.4332473,Richmond Valley Council,2473,Destination Charging R2,False,,type_only,Non-networked,Non-networked,False,ev_20251216.csv,False,False,False,2473,matches_existing,2473,PCODE,False,existing_retained,AC,not_specified
ev_6b6b42fc6ab16eb602b78b49d60e5fbe331a9576c794ca8898a8c5c8c04bc8f2,,Sapphire Palms,"180 The Entrance Rd
The Entrance NSW 2261
Australia",Non-networked,2,AC,AC,-33.3502847,151.4927751,Central Coast Council,2261,Destination Charging R1,False,,type_only,Non-networked,Non-networked,False,ev_20251216.csv,False,False,False,2261,matches_existing,2261,PCODE,False,existing_retained,AC,not_specified
ev_8fbd2eca0782c0e85fef81c56041ed40f0a1a1ac3c010994578b6dd3244bee8c,,Acacia Rose Motor Inn,"18-20 Thule St
Barham NSW 2732
Australia",Non-networked,2,AC,AC,-35.6274657,144.1251391,Murray River Council,2732,Destination Charging R2,False,,type_only,Non-networked,Non-networked,False,ev_20251216.csv,False,False,False,2732,matches_existing,2732,PCODE,False,existing_retained,AC,not_specified
ev_dcf06e3b18d157a24b251e7cc04788f1968d13b5da7ed4b98a7b1511e2b4bdd1,,Hunter Valley Lodge,"188 Lomas Ln
Nulkaba NSW 2325
Australia",Non-networked,1,AC,AC,-32.7972575,151.3682454,Cessnock City Council,2325,Destination Charging R2,False,,type_only,Non-networked,Non-networked,False,ev_20251216.csv,False,False,False,2325,matches_existing,2325,PCODE,False,existing_retained,AC,not_specified
ev_c8cd8361ceba6d55fbf6407a5348641ea81558e287b2c44b2c89bee6df52ab0e,,Twin Swans Motel,"189 Glen Innes Rd
Inverell NSW 2360
Australia",Non-networked,2,AC,AC,-29.7816016,151.1323681,Inverell Shire Council,2360,Destination Charging R2,False,,type_only,Non-networked,Non-networked,False,ev_20251216.csv,False,False,False,2360,matches_existing,2360,PCODE,False,existing_retained,AC,not_specified
ev_5e12c0aec4f0786c7fcf43712d04a25baf4072b5a4aa8b226ec2e963b6a72846,,Bega Motel,"191 Newtown Rd
Bega NSW 2550
Australia",Non-networked,3,AC,AC,-36.6823645,149.839409,Bega Valley Shire Council,2550,Destination Charging R2,False,,type_only,Non-networked,Non-networked,False,ev_20251216.csv,False,False,False,2550,matches_existing,2550,PCODE,False,existing_retained,AC,not_specified
ev_defcab3484696afe799c3fe739db95a11aa6071951e475c63cb974d2a2e8d9b0,,,"193 Great Western Hwy
Blackheath NSW 2785
Australia",Non-networked,4,AC,AC,-33.6404429,150.2856976,Blue Mountains City Council,2785,Destination Charging R2,False,,type_only,Non-networked,Non-networked,False,ev_20251216.csv,False,False,False,2785,matches_existing,2785,PCODE,False,existing_retained,AC,not_specified
ev_1e2b1e6b7e57ea3bf44bc85cf8c338285dd12f2a34462876de8e72cb0e961d6a,,Club McLean,"1A McLachlan St
Maclean NSW 2463
Australia",Non-networked,2,AC,AC,-29.4568701,153.1988112,Clarence Valley Council,2463,Destination Charging R2,False,,type_only,Non-networked,Non-networked,False,ev_20251216.csv,False,False,False,2463,matches_existing,2463,PCODE,False,existing_retained,AC,not_specified
ev_795ca155d99de68b0d1224f29d7d6b29c0c259037ff64e1681a0111a2b4ef2cc,,Jervis Bay Mariners,"21 Beach St
Huskisson NSW 2540
Australia",Non-networked,1,AC,AC,-35.0484614,150.6747375,Shoalhaven City Council,2540,Destination Charging R2,False,,type_only,Non-networked,Non-networked,False,ev_20251216.csv,False,False,False,2540,matches_existing,2540,PCODE,False,existing_retained,AC,not_specified
ev_9d7cbefb86cab6c8d24a75059db557668207608bd52ade8d2cec0663285c3675,,Palmers Lane Estate Hunter Valley,"212 Palmers Ln
Pokolbin NSW 2320
Australia",Non-networked,4,AC,AC,-32.7531513,151.3190671,Cessnock City Council,2320,Destination Charging R2,False,,type_only,Non-networked,Non-networked,False,ev_20251216.csv,False,False,False,2320,matches_existing,2320,PCODE,False,existing_retained,AC,not_specified
ev_aedc278d19662d4df584d8d1eb7d02660cb7bb36af1a8455d42c254d086e41a9,,Quest Dubbo,"22 Bultje St
Dubbo NSW 2830
Australia",Non-networked,2,AC,AC,-32.2509092,148.6014178,Dubbo Regional Council,2830,Destination Charging R2,False,,type_only,Non-networked,Non-networked,False,ev_20251216.csv,False,False,False,2830,matches_existing,2830,PCODE,False,existing_retained,AC,not_specified
ev_24ce4210b2b3181e655b2d04c9018d3e2be6f94d3f1f97da5dd272a0cc96c98d,,Griffith Golf Club,"22 Lloyd Prest Dr
Griffith NSW 2680
Australia",Non-networked,2,AC,AC,-34.266839,146.0620464,Griffith City Council,2680,Destination Charging R2,False,,type_only,Non-networked,Non-networked,False,ev_20251216.csv,False,False,False,2680,matches_existing,2680,PCODE,False,existing_retained,AC,not_specified
ev_98501c3411a69a0d18cb2cebdc3ceec5d400a7bb42cd210c240d1c3eca380927,,Blackheath BnB,"22 Murri St
Blackheath NSW 2785
Australia",Non-networked,1,AC,AC,-33.6325307,150.2816709,Blue Mountains City Council,2785,Destination Charging R2,False,,type_only,Non-networked,Non-networked,False,ev_20251216.csv,False,False,False,2785,matches_existing,2785,PCODE,False,existing_retained,AC,not_specified
ev_af1e47d0c8f0c593ca951b3f75e89d160a25fb8b43ae59e44924a7e5cb1ed773,,Bay Escapes | Echoes @ Fingal Bay,"23 Bent St
Fingal Bay NSW 2315
Australia",Non-networked,1,AC,AC,-32.7507927,152.1687614,Port Stephens Council,2315,Destination Charging R2,False,,type_only,Non-networked,Non-networked,False,ev_20251216.csv,False,False,False,2315,matches_existing,2315,PCODE,False,existing_retained,AC,not_specified
ev_9183d8c3d7d8499c11976e27a4fdaadbb0bf61b2b8cc9aa06be304f217af1bd9,,Darlington Point Motel,"23 Demamiel St
Darlington Point NSW 2706
Australia",Non-networked,2,AC,AC,-34.5735734,145.9926239,Murrumbidgee Council,2706,Destination Charging R2,False,,type_only,Non-networked,Non-networked,False,ev_20251216.csv,False,False,False,2706,matches_existing,2706,PCODE,False,existing_retained,AC,not_specified
ev_fce9fd5a83e42f6a9f1b69111a6cbb69ebcb0c0299d3ac682f1f0659210d57a3,,Endeavour Restaurant,"233 Newcastle Rd
East Maitland NSW 2323
Australia",Non-networked,4,AC,AC,-32.7534644,151.5867019,Maitland City Council,2323,Destination Charging R2,False,,type_only,Non-networked,Non-networked,False,ev_20251216.csv,False,False,False,2323,matches_existing,2323,PCODE,False,existing_retained,AC,not_specified
ev_16758a6a70a43bd83543bcddd446783780a99d490959c7ccae3e55d540e93fe3,,Elbourne Wines,"236 Marrowbone Rd
Pokolbin NSW 2320
Australia",Non-networked,4,AC,AC,-32.8207908,151.297099,Cessnock City Council,2320,Destination Charging R2,False,,type_only,Non-networked,Non-networked,False,ev_20251216.csv,False,False,False,2320,matches_existing,2320,PCODE,False,existing_retained,AC,not_specified
ev_9bc6844b3389d52e4f6d9b65de8cd9f7c213743457c3bb65631af75e0548d669,,"Holiday Rental, Hyams Beach","24 Hyam Rd
Hyams Beach NSW 2540
Australia",Non-networked,1,AC,AC,-35.1003849,150.6898881,Shoalhaven City Council,2540,Destination Charging R2,False,,type_only,Non-networked,Non-networked,False,ev_20251216.csv,False,False,False,2540,matches_existing,2540,PCODE,False,existing_retained,AC,not_specified
ev_fbc866535cf8e379b93cfc6a049df4e10e42004abea811f6de9c3c7e7ebb6dce,,Summerhill Motor Inn,"24-26 Merimbula Dr
Merimbula NSW 2548
Australia",Non-networked,2,AC,AC,-36.8882532,149.9077513,Bega Valley Shire Council,2548,Destination Charging R1,False,,type_only,Non-networked,Non-networked,False,ev_20251216.csv,False,False,False,2548,matches_existing,2548,PCODE,False,existing_retained,AC,not_specified
ev_cc62b0d6dc02367f955680f1b9455d983359ca19fa8931e6d46d3cacfb147d8a,,Brewarrina RSL,"25 Bourke St
Brewarrina NSW 2839
Australia",Non-networked,1,AC,AC,-29.9624024,146.8568241,Brewarrina Shire Council,2839,Destination Charging R2,False,,type_only,Non-networked,Non-networked,False,ev_20251216.csv,False,False,False,2839,matches_existing,2839,PCODE,False,existing_retained,AC,not_specified
ev_427b82fc2205304ab181340737d12113ea16935c8a76dc762e98d9aa60c842d8,,Pacific Palms,"26 Windsor St
Tarbuck Bay NSW 2428
Australia",Non-networked,1,AC,AC,-32.3688356,152.4814771,Mid-Coast Council,2428,Destination Charging R2,False,,type_only,Non-networked,Non-networked,False,ev_20251216.csv,False,False,False,2428,matches_existing,2428,PCODE,False,existing_retained,AC,not_specified
ev_2babe74d06c03441ac7c12c79f1062a82f3bcf187dc676edc97c7873b814bf24,,Golf Links Motel,"260 Bridge St
West Tamworth NSW 2340
Australia",Non-networked,2,AC,AC,-31.0957897,150.9110546,Tamworth Regional Council,2340,Destination Charging R2,False,,type_only,Non-networked,Non-networked,False,ev_20251216.csv,False,False,False,2340,matches_existing,2340,PCODE,False,existing_retained,AC,not_specified
ev_330443e3318ade5a8ae260b7b58746cdffb58d23b97d2acd6b121f08f1063a45,,Moby Dick Motel,"27-29 Yamba Rd
Yamba NSW 2464
Australia",Non-networked,2,AC,AC,-29.4341329,153.3426206,Clarence Valley Council,2464,Destination Charging R2,False,,type_only,Non-networked,Non-networked,False,ev_20251216.csv,False,False,False,2464,matches_existing,2464,PCODE,False,existing_retained,AC,not_specified
ev_f9ff9b4aaab2abbf127e3bb38ef455245e01a104938afc84557826dde33a699f,,Harrington Hotel,"28 Beach St
Harrington NSW 2427
Australia",Non-networked,2,AC,AC,-31.8713968,152.6864326,Mid-Coast Council,2427,Destination Charging R1,False,,type_only,Non-networked,Non-networked,False,ev_20251216.csv,False,False,False,2427,matches_existing,2427,PCODE,False,existing_retained,AC,not_specified
ev_047a1a837e304ce386029f8b7c2c46781627ec94e55ab137d4132867fd1d5baf,,Huskisson Beach Escape,"28 Jervis St
Huskisson NSW 2540
Australia",Non-networked,1,AC,AC,-35.0480392,150.6748735,Shoalhaven City Council,2540,Destination Charging R2,False,,type_only,Non-networked,Non-networked,False,ev_20251216.csv,False,False,False,2540,matches_existing,2540,PCODE,False,existing_retained,AC,not_specified
ev_de37e4b1ccd5b03f3386e8b7742ede43ff1ba0364fe36f8e578b9933f0a26b10,,El Motor Inn,"29 Clarence St
Port Macquarie NSW 2444
Australia",Non-networked,2,AC,AC,-31.4287429,152.9101337,Port Macquarie-Hastings Council,2444,Destination Charging R2,False,,type_only,Non-networked,Non-networked,False,ev_20251216.csv,False,False,False,2444,matches_existing,2444,PCODE,False,existing_retained,AC,not_specified
ev_4cb87a227b583c8ba6cac461eda235c341f534f5a9407c1e3483ef8fadc3fd35,,THYNK Cafe + Bar,"3 Bowden Way
Beresfield NSW 2322
Australia",Non-networked,3,AC,AC,-32.8032274,151.6327583,Newcastle City Council,2322,Destination Charging R2,False,,type_only,Non-networked,Non-networked,False,ev_20251216.csv,False,True,True,2322,matches_existing,2322,PCODE,False,existing_retained,AC,not_specified
ev_a0bab29ff3126f8d1415a2e3f2ad02f45b01feccbd53a574fae1bd1ae85c89d8,,Sapphire City Motor Inn,"30/34 Glen Innes Rd
Inverell NSW 2360
Australia",Non-networked,2,AC,AC,-29.7797733,151.1203632,Inverell Shire Council,2360,Destination Charging R2,False,,type_only,Non-networked,Non-networked,False,ev_20251216.csv,False,False,False,2360,matches_existing,2360,PCODE,False,existing_retained,AC,not_specified
ev_aca570dc713090950d9bc4a45901535dd5f0715fe61a5adc3fd8dcd16d72e9dd,,,"312 Tomakin Rd
Mogo (South) NSW 2536
Australia",Non-networked,2,AC,AC,-35.8010375,150.1562312,Eurobodalla Shire Council,2536,Destination Charging R2,False,,type_only,Non-networked,Non-networked,False,ev_20251216.csv,False,False,False,2536,matches_existing,2536,PCODE,False,existing_retained,AC,not_specified
ev_6207589cec53f589c883ad62a62f67d6e439bee4a3e73ac675aa9852cb69fd3f,,Walcha Motel,"31w
Fitzroy Street
Walcha NSW 2354
Australia",Non-networked,1,AC,AC,-30.985481,151.592206,Walcha Council,2354,Destination Charging R2,False,,type_only,Non-networked,Non-networked,False,ev_20251216.csv,False,False,False,2354,matches_existing,2354,PCODE,False,existing_retained,AC,not_specified
ev_7a0c416028754f01e7ceec51adaa857ff670a07233a10ef4652f0bbe14ce30fe,,Reflections Tuncurry - Holiday Park,"32 Beach St
Tuncurry NSW 2428
Australia",Non-networked,4,AC,AC,-32.1723603,152.5043552,Mid-Coast Council,2428,Destination Charging R2,False,,type_only,Non-networked,Non-networked,False,ev_20251216.csv,False,False,False,2428,matches_existing,2428,PCODE,False,existing_retained,AC,not_specified
ev_42edeba9bba2125ac4fd523dc61fb645c8a2a9432c95eb1defefc94a993eae04,,Port Macquarie Library,"32 Grant St
Port Macquarie NSW 2444
Australia",Non-networked,4,AC,AC,-31.4337922,152.9153328,Port Macquarie-Hastings Council,2444,Destination Charging R1,False,,type_only,Non-networked,Non-networked,False,ev_20251216.csv,False,False,False,2444,matches_existing,2444,PCODE,False,existing_retained,AC,not_specified
ev_5a54e86c9a1f190b59db070431c431c6a7fca7d9662c7ab27918c1cd3680fe5c,,Fairway Views Motor Inn,"32/34 Barooga Rd
Tocumwal NSW 2714
Australia",Non-networked,2,AC,AC,-35.8200381,145.579125,Berrigan Shire Council,2714,Destination Charging R2,False,,type_only,Non-networked,Non-networked,False,ev_20251216.csv,False,False,False,2714,matches_existing,2714,PCODE,False,existing_retained,AC,not_specified
ev_be5f1aace4d2c526d226bced8649add598ab684a3b4ffd31e0728d441327b43c,,,"33 High View Rd
Pretty Beach NSW 2257
Australia",Non-networked,2,AC,AC,-33.5287205,151.3436003,Central Coast Council,2257,Destination Charging R2,False,,type_only,Non-networked,Non-networked,False,ev_20251216.csv,False,False,False,2257,matches_existing,2257,PCODE,False,existing_retained,AC,not_specified
ev_7dea8c28e3e2cf7b825d120af7338c7e36f4d9b8b2b916787519cec86ee9fd60,,Federation Motel,"330 Honour Ave
Corowa NSW 2646
Australia",Non-networked,2,AC,AC,-35.98758,146.3983364,Federation Council,2646,Destination Charging R2,False,,type_only,Non-networked,Non-networked,False,ev_20251216.csv,False,False,False,2646,matches_existing,2646,PCODE,False,existing_retained,AC,not_specified
ev_19cb2a0974cbb7d8e5d3b7228f433adeec2cf3762a29b0741e4f1f76e14655fa,,Cotswold Gardens,"34 Marsh St
Armidale NSW 2350
Australia",Non-networked,2,AC,AC,-30.506123,151.6716565,Armidale Regional Council,2350,Destination Charging R2,False,,type_only,Non-networked,Non-networked,False,ev_20251216.csv,False,False,False,2350,matches_existing,2350,PCODE,False,existing_retained,AC,not_specified
ev_aaf7d18ab38ca3132f60642ade90415ab76370da852838b89fc0a3711057cc45,,Allegiance Wines,"3446 Jingellic Rd
Mannus NSW 2653
Australia",Non-networked,2,AC,AC,-35.8039174,147.9341871,Snowy Valleys Council,2653,Destination Charging R2,False,,type_only,Non-networked,Non-networked,False,ev_20251216.csv,False,False,False,2653,matches_existing,2653,PCODE,False,existing_retained,AC,not_specified
ev_28ceff83ac3f7fd35b435e5976d42ce3a5f708f18e989e60edefb6b9968aa727,,Adelaide Hotel,"36-38 Vulcan St
Moruya NSW 2537
Australia",Non-networked,2,AC,AC,-35.9086099,150.0815862,Eurobodalla Shire Council,2537,Destination Charging R1,False,,type_only,Non-networked,Non-networked,False,ev_20251216.csv,False,False,False,2537,matches_existing,2537,PCODE,False,existing_retained,AC,not_specified
ev_2e733f4c5636f328284f0638f1ba8339653c96274926dbeab7e3c85e5d7ecb8f,,,"37 West St
Gundagai NSW 2722
Australia",Non-networked,4,AC,AC,-35.0613136,148.1019369,Cootamundra-gundagai Regional Council,2722,Destination Charging R2,False,,type_only,Non-networked,Non-networked,False,ev_20251216.csv,False,False,False,2722,matches_existing,2722,PCODE,False,existing_retained,AC,not_specified
ev_2393d3f22cb85289ed5a3b429e70ea77f4dabdaaaaae3e631432bf713a5a9d81,,,"38 Long Brush Rd
Jerrara NSW 2533
Australia",Non-networked,3,AC,AC,-34.6730792,150.8213478,The Council Of The Municipality Of Kiama,2533,Destination Charging R2,False,,type_only,Non-networked,Non-networked,False,ev_20251216.csv,False,False,False,2533,matches_existing,2533,PCODE,False,existing_retained,AC,not_specified
ev_2ed7c9cc95a766bd41189b915c00eb9eb6670d2fc43873ba84f4cdc3908ec6e3,,Melaleuca Cottage and Retreat,"381 Pinnacle Rd
Orange NSW 2800
Australia",Non-networked,2,AC,AC,-33.2992857,149.0751795,Orange City Council,2800,Destination Charging R2,False,,type_only,Non-networked,Non-networked,False,ev_20251216.csv,False,False,False,2800,matches_existing,2800,PCODE,False,existing_retained,AC,not_specified
ev_d0f93e221e973a58c7e64da6aa1d5a8b5a96f367096a4bb8f04fa93418c572ba,,Oyster Catcher Huskisson,"4 Jervis St
Huskisson NSW 2540
Australia",Non-networked,1,AC,AC,-35.0476474,150.6716324,Shoalhaven City Council,2540,Destination Charging R2,False,,type_only,Non-networked,Non-networked,False,ev_20251216.csv,False,False,False,2540,matches_existing,2540,PCODE,False,existing_retained,AC,not_specified
ev_da189003b7871a2a10ee2427de9f26f252fb0308314201935d1a9ab0139f4b1e,,CRU Lake Mac Camp and Conference Centre,"40 Yarrawonga Park Rd
Balcolyn NSW 2264
Australia",Non-networked,4,AC,AC,-33.0961344,151.5456087,Lake Macquarie City Council,2264,Destination Charging R2,False,,type_only,Non-networked,Non-networked,False,ev_20251216.csv,False,False,False,2264,matches_existing,2264,PCODE,False,existing_retained,AC,not_specified
ev_c396c1d7c49f2abb554fba4f3d363397919ed39d6c24e75a4340f25fae955dd1,,Scone Equine Hospital,"406 Bunnan Rd
Scone NSW 2337
Australia",Non-networked,4,AC,AC,-32.0336355,150.8336413,Upper Hunter Shire Council,2337,Destination Charging R2,False,,type_only,Non-networked,Non-networked,False,ev_20251216.csv,False,False,False,2337,matches_existing,2337,PCODE,False,existing_retained,AC,not_specified
ev_eb0105fac12e746968929521adc47efe193fe0ef57648835e4e2d7c83d3d90f2,,Bellingen Farmstay,"417 Martells Rd
Brierfield NSW 2454
Australia",Non-networked,1,AC,AC,-30.5154968,152.9191183,Bellingen Shire Council,2454,Destination Charging R2,False,,type_only,Non-networked,Non-networked,False,ev_20251216.csv,False,False,False,2454,matches_existing,2454,PCODE,False,existing_retained,AC,not_specified
ev_277212a55fede8204598e86589802d1e27f1fac3ba6fcb425defee3f05e605fd,,Cedar Lodge Cabins,"42 Great Western Hwy
Mount Victoria NSW 2786
Australia",Non-networked,2,AC,AC,-33.585202,150.2478544,Blue Mountains City Council,2786,Destination Charging R2,False,,type_only,Non-networked,Non-networked,False,ev_20251216.csv,False,False,False,2786,matches_existing,2786,PCODE,False,existing_retained,AC,not_specified
ev_955ed3493f1a2fff6118a8080bf454266292dc0ea00c4f2ace33f33b75d8b237,,Clock Tower Motor Inn,"47 Dalgarno St
Coonabarabran NSW 2357
Australia",Non-networked,1,AC,AC,-31.2730884,149.2777807,Warrumbungle Shire Council,2357,Destination Charging R2,False,,type_only,Non-networked,Non-networked,False,ev_20251216.csv,False,False,False,2357,matches_existing,2357,PCODE,False,existing_retained,AC,not_specified
ev_555c9d97e6ac171757c35db84a5d4ec266771c580a269edf7e686989ac9debb7,,Golf View Motel,"49 Paradise Beach Rd
Sanctuary Point NSW 2540
Australia",Non-networked,1,AC,AC,-35.1033393,150.6279103,Shoalhaven City Council,2540,Destination Charging R2,False,,type_only,Non-networked,Non-networked,False,ev_20251216.csv,False,False,False,2540,matches_existing,2540,PCODE,False,existing_retained,AC,not_specified
ev_9eea119ad00e19fa8b74dc24d983a8e38428e4eb920db429f2a1c485c891cca6,,Snowbound,"5 Crackenback Dr
Thredbo NSW 2625
Australia",Non-networked,2,AC,AC,-36.5063281,148.2986728,Snowy Monaro Regional Council,2625,Destination Charging R1,False,,type_only,Non-networked,Non-networked,False,ev_20251216.csv,False,False,False,2625,matches_existing,2625,PCODE,False,existing_retained,AC,not_specified
ev_f0993d078902f8be299944c61df099bddaa69bb9f44901b7b6615379a3a5ceef,,Valley View,"5 Somerville St
Wentworth Falls NSW 2782
Australia",Non-networked,1,AC,AC,-33.7235158,150.3695563,Blue Mountains City Council,2782,Destination Charging R2,False,,type_only,Non-networked,Non-networked,False,ev_20251216.csv,False,False,False,2782,matches_existing,2782,PCODE,False,existing_retained,AC,not_specified
ev_080c9a257a9e458f456cbfdcc314470d38ff2d42ed6b89ff3a0ebe3099898bc0,,Wombat Crossing Vineyard,"530 Hermitage Rd
Pokolbin NSW 2320
Australia",Non-networked,1,AC,AC,-32.6963407,151.2560085,Singleton Council,2320,Destination Charging R2,False,,type_only,Non-networked,Non-networked,False,ev_20251216.csv,False,False,False,2320,matches_existing,2320,PCODE,False,existing_retained,AC,not_specified
ev_f349527aa13834cea8f483304ee5b6d1703e6126f29bebe604109da3e6f7982c,,Glenella Heritage House,"56 Govetts Leap Rd
Blackheath NSW 2785
Australia",Non-networked,1,AC,AC,-33.6361604,150.2872142,Blue Mountains City Council,2785,Destination Charging R2,False,,type_only,Non-networked,Non-networked,False,ev_20251216.csv,False,False,False,2785,matches_existing,2785,PCODE,False,existing_retained,AC,not_specified
ev_e529c0a6f0718ada3c8dbb0be9db30480e2b4de72d92100960fd7e6e2e270fa6,,Rip Curl North Wollongong,"57-61 Flinders St, Wollongong NSW 2500",Non-networked,4,AC,AC,-34.4198217,150.8929,Wollongong City Council,2500,Existing Destination Chargers,False,,type_only,Non-networked,Non-networked,False,ev_20251216.csv,False,False,False,2500,matches_existing,2500,PCODE,False,existing_retained,AC,not_specified
ev_d008fab59a75ae4b1f80498fcd34f59f60787c6b533890e3628fe7c74cbcaafe,,Cedars Mount View,"60 Mitchells Rd
Mount View NSW 2325
Australia",Non-networked,4,AC,AC,-32.8501413,151.2561489,Cessnock City Council,2325,Destination Charging R2,False,,type_only,Non-networked,Non-networked,False,ev_20251216.csv,False,False,False,2325,matches_existing,2325,PCODE,False,existing_retained,AC,not_specified
ev_580581bf55aa27c615f5c6748a6fd9a01a19484f489901530e8cfb708f9949ac,,The Barn,"610 Waverley Rd
Gundy NSW 2337
Australia",Non-networked,1,AC,AC,-31.9453826,151.0492051,Upper Hunter Shire Council,2337,Destination Charging R2,False,,type_only,Non-networked,Non-networked,False,ev_20251216.csv,False,False,False,2337,matches_existing,2337,PCODE,False,existing_retained,AC,not_specified
ev_8e94800d20753c96cfb45d459adad9a04a1d0d9c78d28cb6dbf736ebd97f25e6,,The Albury Regent Motel,"666 Dean St
Albury NSW 2640
Australia",Non-networked,2,AC,AC,-36.0798354,146.9113978,Albury City Council,2640,Destination Charging R2,False,,type_only,Non-networked,Non-networked,False,ev_20251216.csv,False,False,False,2640,matches_existing,2640,PCODE,False,existing_retained,AC,not_specified
ev_71e77dbab5b1244d5c5134d5b159595ed067b3ffdbff4f175ea9953801162147,,Tumut Farrington Motel,"71-73 Capper St
Tumut NSW 2720
Australia",Non-networked,2,AC,AC,-35.3017613,148.2194634,Snowy Valleys Council,2720,Destination Charging R2,False,,type_only,Non-networked,Non-networked,False,ev_20251216.csv,False,False,False,2720,matches_existing,2720,PCODE,False,existing_retained,AC,not_specified
ev_70e6331b06ab7ab5685d4560ac62a2a07a5bfbb6c0728a8411da6a43bc6a7309,,de Russie Boutique Hotel Orange,"72 Hill St
Orange NSW 2800
Australia",Non-networked,4,AC,AC,-33.2818232,149.0944686,Orange City Council,2800,Destination Charging R2,False,,type_only,Non-networked,Non-networked,False,ev_20251216.csv,False,False,False,2800,matches_existing,2800,PCODE,False,existing_retained,AC,not_specified
ev_8bc6ace570b80ef63f3b6b866fed12229fe07f7bc6ca5f953515705a68d67e80,,Serenity Diamond Beach,"75 Sundew Ave
Diamond Beach NSW 2430
Australia",Non-networked,4,AC,AC,-32.0313214,152.542672,Mid-Coast Council,2430,Destination Charging R2,False,,type_only,Non-networked,Non-networked,False,ev_20251216.csv,False,False,False,2430,matches_existing,2430,PCODE,False,existing_retained,AC,not_specified
ev_4bce2dba450283447efe9526fb2c671f4d88da310a1abc823e9751930e746fdb,,Lake Macquarie Motor Inn,"798 Pacific Hwy
Marks Point NSW 2280
Australia",Non-networked,2,AC,AC,-33.0586722,151.6517336,Lake Macquarie City Council,2280,Destination Charging R1,False,,type_only,Non-networked,Non-networked,False,ev_20251216.csv,False,False,False,2280,matches_existing,2280,PCODE,False,existing_retained,AC,not_specified
ev_3512072572a45048c1be6b91f6aa6d176a6c2052d00e9748d64f30c5b8113bab,,Cobb Inlander Motel,"83 Lachlan St
Hay NSW 2711
Australia",Non-networked,4,AC,AC,-34.5108372,144.8442236,Hay Shire Council,2711,Destination Charging R2,False,,type_only,Non-networked,Non-networked,False,ev_20251216.csv,False,False,False,2711,matches_existing,2711,PCODE,False,existing_retained,AC,not_specified
ev_ac2ea188fa59a8140b1cb3cebc56e878c6410282c38db7dbed95a9d4f7221b4d,,Common People Brewing Co,"9 Dudgeons Ln
Bangalow NSW 2479
Australia",Non-networked,2,AC,AC,-28.6979431,153.5089376,Byron Shire Council,2479,Destination Charging R2,False,,type_only,Non-networked,Non-networked,False,ev_20251216.csv,False,False,False,2479,matches_existing,2479,PCODE,False,existing_retained,AC,not_specified
ev_7be1d013226526fe0f76232cda61ebeee2e21bafffe18f03eb8eed662fa666eb,,The Old Convent Guesthouse,"9 John St
Largs NSW 2320
Australia",Non-networked,1,AC,AC,-32.7008228,151.604682,Maitland City Council,2320,Destination Charging R2,False,,type_only,Non-networked,Non-networked,False,ev_20251216.csv,False,False,False,2320,matches_existing,2320,PCODE,False,existing_retained,AC,not_specified
ev_d281060509b0c0da32e64eecd6d0ceca550834e30c5c43754757892efb03d812,,The Midge Tallong,"90 Caoura Rd
Tallong NSW 2579
Australia",Non-networked,2,AC,AC,-34.7188347,150.0854365,Goulburn Mulwaree Council,2579,Destination Charging R2,False,,type_only,Non-networked,Non-networked,False,ev_20251216.csv,False,False,False,2579,matches_existing,2579,PCODE,False,existing_retained,AC,not_specified
ev_07da62ed16840ca635d782956917cf2a9cb37ccdaed7b496a043a1fc5e4f176f,,Greenacres Motel,"91 Federation Ave
Corowa NSW 2646
Australia",Non-networked,2,AC,AC,-36.0057314,146.3790351,Federation Council,2646,Destination Charging R2,False,,type_only,Non-networked,Non-networked,False,ev_20251216.csv,False,False,False,2646,matches_existing,2646,PCODE,False,existing_retained,AC,not_specified
ev_82183a6aedc766da7980139ecd912a9158cc7cc80e12f0c268d1d5c9cefc665d,,Lyrebird's Nest Campground,"91 Koolilabah Ln
Penrose NSW 2579
Australia",Non-networked,1,AC,AC,-34.6782742,150.2188143,Wingecarribee Shire Council,2579,Destination Charging R2,False,,type_only,Non-networked,Non-networked,False,ev_20251216.csv,False,False,False,2579,matches_existing,2579,PCODE,False,existing_retained,AC,not_specified
ev_3580c01304f1a38863ee6c2016c3e7cb51caf684b145fea2fe5f32531638bc93,,Hunter Moon Country House,"919 Milbrodale Rd
Broke NSW 2330
Australia",Non-networked,1,AC,AC,-32.7456553,151.0655131,Singleton Council,2330,Destination Charging R2,False,,type_only,Non-networked,Non-networked,False,ev_20251216.csv,False,False,False,2330,matches_existing,2330,PCODE,False,existing_retained,AC,not_specified
ev_5dfe2d6cb8e4c5415a4d017636c2d2fbc8d81fa5cbd11f96bc0c5e60e33ed4d1,,Reflections Bonny Hills - Holiday Park,"920 Ocean Dr
Bonny Hills NSW 2445
Australia",Non-networked,4,AC,AC,-31.5918683,152.8406094,Port Macquarie-Hastings Council,2445,Destination Charging R2,False,,type_only,Non-networked,Non-networked,False,ev_20251216.csv,False,True,True,2445,matches_existing,2445,PCODE,False,existing_retained,AC,not_specified
ev_528728e55ba73c003a8d7073aff12e0528ec73e336ee8d2f2e94f5571446e731,,Mercure Orange,"94 Byng St
Orange NSW 2800
Australia",Non-networked,2,AC,AC,-33.2815546,149.0974677,Orange City Council,2800,Destination Charging R2,False,,type_only,Non-networked,Non-networked,False,ev_20251216.csv,False,False,False,2800,matches_existing,2800,PCODE,False,existing_retained,AC,not_specified
ev_3f51fb8ee11d62c744f05a8c0117cde88540fd00d8d89fb7a837fd109ed1b81d,,Reflections Eden,"Aslings Beach Rd
Eden NSW 2551
Australia",Non-networked,4,AC,AC,-37.0563346,149.9121501,Bega Valley Shire Council,2551,Destination Charging R2,False,,type_only,Non-networked,Non-networked,False,ev_20251216.csv,False,False,False,2551,matches_existing,2551,PCODE,False,existing_retained,AC,not_specified
ev_502de69de93831f48b26d11e8d19b3fb9437ba2c00b29942f9e922bd9493354c,,Mollymook Motel,"Cnr Princes Hwy & Golf Ave
Mollymook NSW 2539
Australia",Non-networked,1,AC,AC,-35.3435245,150.4733591,Shoalhaven City Council,2539,Destination Charging R2,False,,type_only,Non-networked,Non-networked,False,ev_20251216.csv,False,False,False,2539,matches_existing,2539,PCODE,False,existing_retained,AC,not_specified
ev_e3b0ffc6f485532bfd61f540252b057f0be93c3fac5da544edf421300d390181,,Reflections Lennox Head,"Cnr Ross Street & Pacific Parade
LENNOX HEAD NSW 2478
Australia",Non-networked,2,AC,AC,-28.7865684,153.5933939,Ballina Shire Council,2478,Destination Charging R2,False,,type_only,Non-networked,Non-networked,False,ev_20251216.csv,False,False,False,2478,matches_existing,2478,PCODE,False,existing_retained,AC,not_specified
ev_f29688e47d6f92d6c178fc5aa2f5ff19b2d0e6b52b89321fcc908c8d036fb2fb,,Oberon Military Museum,"Dudley St
Oberon NSW 2787
Australia",Non-networked,4,AC,AC,-33.7063026,149.8629355,Oberon Council,2787,Destination Charging R1,False,,type_only,Non-networked,Non-networked,False,ev_20251216.csv,False,False,False,2787,matches_existing,2787,PCODE,False,existing_retained,AC,not_specified
ev_d8558f35d645d5d88bc5318fe3c98fa94cf9f1233c4a9d7b83d838407e4259c5,,,"Lockhart Rd
Tooleybuc NSW 2736
Australia",Non-networked,2,AC,AC,-34.9966694,143.3321113,Murray River Council,2736,Destination Charging R1,False,,type_only,Non-networked,Non-networked,False,ev_20251216.csv,False,False,False,2736,matches_existing,2736,PCODE,False,existing_retained,AC,not_specified
ev_f8dad4fe6d112f58022960b3afeff0bb6e34f90990ac82b203cb2b5aa09377a3,,,"Opal Blvd
Korora NSW 2450
Australia",Non-networked,2,AC,AC,-30.2504419,153.1378036,Coffs Harbour City Council,2450,Destination Charging R2,False,,type_only,Non-networked,Non-networked,False,ev_20251216.csv,False,False,False,2450,matches_existing,2450,PCODE,False,existing_retained,AC,not_specified
ev_c6d338c750246afce94d183cb1ae6a7549c1278322b445ccd581de0418ceecab,,,"Riverside Cres
Brunswick Heads NSW 2483
Australia",Non-networked,4,AC,AC,-28.5341264,153.537687,Byron Shire Council,2483,Destination Charging R2,False,,type_only,Non-networked,Non-networked,False,ev_20251216.csv,False,False,False,2483,matches_existing,2483,PCODE,False,existing_retained,AC,not_specified
ev_555dd511fe87162f99f1bf0d23cb55adef026d4199375e9f16a7b5213582828e,,,"Robertson St
Mudgee NSW 2850
Australia",Non-networked,1,AC,AC,-32.6115731,149.5911061,Mid-Western Regional Council,2850,Destination Charging R2,False,,type_only,Non-networked,Non-networked,False,ev_20251216.csv,False,False,False,2850,matches_existing,2850,PCODE,False,existing_retained,AC,not_specified
ev_8d60047c61157ffcf181969afbbd8bf2671f90356f53aef6e39e00830e831b17,,,"Stockton St
Nelson Bay NSW 2315
Australia",Non-networked,2,AC,AC,-32.7259601,152.1387343,Port Stephens Council,2315,Destination Charging R1,False,,type_only,Non-networked,Non-networked,False,ev_20251216.csv,False,False,False,2315,matches_existing,2315,PCODE,False,existing_retained,AC,not_specified
ev_94b871ca6f6446b55179c4d92c3752098c193d0b4d7f09de96f54d6c48b25f4b,,Kurrara Guest House,"17 Coomonderry St
Katoomba NSW 2780
Australia",Non-networked,2,AC,AC,-33.7214354,150.3137986,Blue Mountains City Council,2780,Destination Charging R2,False,,type_only,Non-networked,Non-networked,False,ev_20251216.csv,False,False,False,2780,matches_existing,2780,PCODE,False,existing_retained,AC,not_specified
ev_2f1a9b0a04edeb825e43ec41aba58835053738ca794e6560d4746b4294baeb6e,,,"17 Holmwood St
Newtown NSW 2042
Australia",PLUS ES,1,AC,7 kW,-33.9039672,151.1790426,Inner West Council,2042,Kerbside Charging R1,False,7.0,single_kw,PLUS ES,PLUS ES,False,ev_20251216.csv,False,False,False,2042,matches_existing,2042,PCODE,False,existing_retained,AC,not_specified
ev_8e7c330fa133e83c84db6fac920f33b0cc1408a92c2b26d41859903700c67c02,,Tathra Beach House Apartments,"17 John Taylor Cres
Tathra NSW 2550
Australia",Exploren,2,AC,AC,-36.7261746,149.9783922,Bega Valley Shire Council,2550,Destination Charging R1,False,,type_only,Exploren,Exploren,False,ev_20251216.csv,False,False,False,2550,matches_existing,2550,PCODE,False,existing_retained,AC,not_specified
ev_15c64d07e80cd5f93718400b4dd5feb1c1a30e63b0e726d0c85ecfa77221a5f7,,,"17 Joseph St, Lilyfield, NSW, 2040, Australia",PLUS ES,1,AC,22 kW,-33.8715493,151.1652084,Inner West Council,2040,Kerbside Charging R1,False,22.0,single_kw,PLUS ES,PLUS ES,False,ev_20251216.csv,False,False,False,2040,matches_existing,2040,PCODE,False,existing_retained,AC,not_specified
ev_9732988cbd57ec02d7dd13c8b0330fb4e5484cab2d78ff1b5249dce448649316,,,"17 Nicholson St
Wollstonecraft NSW 2065
Australia",ChargePost,4,AC,22 kW,-33.8272691,151.1993398,North Sydney Council,2065,Kerbside Charging R1,False,22.0,single_kw,ChargePost,ChargePost,False,ev_20251216.csv,False,False,False,2065,matches_existing,2065,PCODE,False,existing_retained,AC,not_specified
ev_c4b4ca58225ddcd46e35040709329bc05c542e99980553e986179f4f7bbc8889,,,"1-7 Waratah Ave
Randwick NSW 2031
Australia",PLUS ES,1,AC,7 kW,-33.9139926,151.2376253,Randwick City Council,2031,Kerbside Charging R1,False,7.0,single_kw,PLUS ES,PLUS ES,False,ev_20251216.csv,False,False,False,2031,matches_existing,2031,PCODE,False,existing_retained,AC,not_specified
ev_4be497847839700f9013bd25abdd1bda3888dcd4185d192bb91e5dd9e13921d1,,Thrive Medical,"170 Crystal St
Broken Hill NSW 2880
Australia",Smart Charge,4,AC,AC,-31.9610108,141.4629768,Broken Hill City Council,2880,Destination Charging R1,False,,type_only,Smart Charge,Smart Charge,False,ev_20251216.csv,False,False,False,2880,matches_existing,2880,PCODE,False,existing_retained,AC,not_specified
ev_ac0caeb2f1d93c0274d56be8a1230daab6328e17b504ab53372d026a8a74a419,,,"170 Hawthorne Pde
Haberfield NSW 2045
Australia",EVX,2,AC,22 kW,-33.8797322,151.1448571,Inner West Council,2045,Kerbside Charging R1,False,22.0,single_kw,EVX,EVX,False,ev_20251216.csv,False,False,False,2045,matches_existing,2045,PCODE,False,existing_retained,AC,not_specified
ev_d11cbbe29355c3181a2544ece1abef615b35e39b20dd49267fc56bc5f01eac0b,,,"173 Canterbury Road, Bankstown NSW 2200",Tesla,6,DC,175 kW,-33.9336017,151.0299345,Canterbury Bankstown Council,2200,Fast Charging R1,False,175.0,single_kw,Tesla,Tesla,False,ev_20251216.csv,False,False,False,2200,matches_existing,2200,PCODE,False,existing_retained,DC,not_specified
ev_e19663fd5c0d357b7da56d6a3be2ad9d41d9db6d4cef99e979b0dd964a0ec4c8,,Adelong Motel,"174 Maitland St
Narrabri NSW 2390
Australia",Exploren,2,AC,AC,-30.3225261,149.7819955,Narrabri Shire Council,2390,Destination Charging R2,False,,type_only,Exploren,Exploren,False,ev_20251216.csv,False,False,False,2390,matches_existing,2390,PCODE,False,existing_retained,AC,not_specified
ev_706d3d91ab81aa9a8a45452a826c4cba322e28ea90e6965ecac19f54f1123da7,,Hillston Township - Library Carpark,"175 High St
Hillston NSW 2675
Australia",Exploren,2,AC,AC,-33.4850755,145.5314465,Carrathool Shire Council,2675,Destination Charging R2,False,,type_only,Exploren,Exploren,False,ev_20251216.csv,False,False,False,2675,matches_existing,2675,PCODE,False,existing_retained,AC,not_specified
ev_420e0caf9cb4beac0b03f77a38544e9aa90e843ade63b7208e85c8d115012e46,,,"176 Beach St
Coogee NSW 2034
Australia",PLUS ES,1,AC,22 kW,-33.9248082,151.2569915,Randwick City Council,2034,Kerbside Charging R1,False,22.0,single_kw,PLUS ES,PLUS ES,False,ev_20251216.csv,False,False,False,2034,matches_existing,2034,PCODE,False,existing_retained,AC,not_specified
ev_fa51ec414c14236c17dcd9c0b02c0e018041a1cb9df0e3c4e5bfbb163329a619,,,"176 Darling St
Balmain NSW 2041
Australia",PLUS ES,1,AC,22 kW,-33.8583876,151.1870534,Inner West Council,2041,Kerbside Charging R1,False,22.0,single_kw,PLUS ES,PLUS ES,False,ev_20251216.csv,False,False,False,2041,matches_existing,2041,PCODE,False,existing_retained,AC,not_specified
ev_89439a87b3b40257de70ad7a8e921215b3ae56d573f2ee2cb8727bc4a59cc6b8,,,"176 Mons Ave
Maroubra NSW 2035
Australia",EVX,2,AC,22 kW,-33.9471114,151.2549725,Randwick City Council,2035,Kerbside Charging R1,False,22.0,single_kw,EVX,EVX,False,ev_20251216.csv,False,False,False,2035,matches_existing,2035,PCODE,False,existing_retained,AC,not_specified
ev_70ed395832263aa6d646366f4cc8952ce6752ef8d7d236d46524f17cc91acc30,,Albion Park Bowling CLub,"178 Tongarra Rd
Albion Park NSW 2527
Australia",Exploren,4,AC,AC,-34.5703804,150.7686991,Shellharbour City Council,2527,Destination Charging R2,False,,type_only,Exploren,Exploren,False,ev_20251216.csv,False,False,False,2527,matches_existing,2527,PCODE,False,existing_retained,AC,not_specified
ev_4d94def334238826a726a8ee6331ad731632f96b7396bfac1fbb0759d53b57b9,,,"178A Campbell Pde
Bondi Beach NSW 2026
Australia",Chargefox,4,AC,22 kW,-33.8897368,151.2748812,Waverley Council,2026,Kerbside Charging R1,False,22.0,single_kw,Chargefox,Chargefox,False,ev_20251216.csv,False,False,False,2026,matches_existing,2026,PCODE,False,existing_retained,AC,not_specified
ev_7b03347284c6e5c087c8c0f158055eafc561f074b0e62c72bdcef9d6102cec56,,Gillards Road,"179 Gillards Rd
Pokolbin NSW 2320
Australia",Exploren,1,AC,AC,-32.7640555,151.2915994,Cessnock City Council,2320,Destination Charging R2,False,,type_only,Exploren,Exploren,False,ev_20251216.csv,False,False,False,2320,matches_existing,2320,PCODE,False,existing_retained,AC,not_specified
ev_67cde3032dedb562f1606a716901d65ed8414b334fd9f8fd1cd97f841d054d92,,,"179-183 Hume St, Goulburn NSW 2580",Tesla,20,DC,175 kW,-34.7720602,149.6923766,Goulburn Mulwaree Council,2580,Fast Charging R1,False,175.0,single_kw,Tesla,Tesla,False,ev_20251216.csv,False,False,False,2580,matches_existing,2580,PCODE,False,existing_retained,DC,not_specified
ev_a5790ac962554ba5ba357d5c59ae4c6e5277e6193bb1826f7ace00cd0576838b,,,"18 Bishop St
Newport NSW 2106
Australia",EVX,2,AC,22 kW,-33.6571978,151.3152738,Northern Beaches Council,2106,Kerbside Charging R1,False,22.0,single_kw,EVX,EVX,False,ev_20251216.csv,False,False,False,2106,matches_existing,2106,PCODE,False,existing_retained,AC,not_specified
ev_65478fcbd7e7c305960762430853cd7a1786d8f3ea7d69989a35c5d7117f9300,,,"18 Council St
Bondi Junction NSW 2022
Australia",EVX,2,AC,22 kW,-33.8940211,151.2553116,Waverley Council,2022,Kerbside Charging R1,False,22.0,single_kw,EVX,EVX,False,ev_20251216.csv,False,False,False,2022,matches_existing,2022,PCODE,False,existing_retained,AC,not_specified
ev_b8d7ee2f1dde764270d0fcd5512ac2631b157a27fa4374e9af79eb4001f8d20f,,Sydney Ski Club,"18 Diggings Ter
Thredbo NSW 2625
Australia",EVUp,2,AC,AC,-36.5070831,148.3012364,Snowy Monaro Regional Council,2625,Destination Charging R1,False,,type_only,EVUp,EVUp,False,ev_20251216.csv,False,False,False,2625,matches_existing,2625,PCODE,False,existing_retained,AC,not_specified
ev_407c570091c11b0ace4904d5617ee88f2718d7988493d539b03366dd7d0187ad,,Echo Point Discovery Motel,"18 Echo Point Rd
Katoomba NSW 2780
Australia",Everty,2,AC,AC,-33.7295072,150.3119694,Blue Mountains City Council,2780,Destination Charging R2,False,,type_only,Everty,Everty,False,ev_20251216.csv,False,False,False,2780,matches_existing,2780,PCODE,False,existing_retained,AC,not_specified
ev_b12faffb5808a71f872aae1824cb000b27846ae819c05190f1864610661ac38c,,,"18 Holbeche Rd
Arndell Park NSW 2148
Australia",EVX,2,AC,22 kW,-33.7882888,150.8773463,Blacktown City Council,2148,Kerbside Charging R1,False,22.0,single_kw,EVX,EVX,False,ev_20251216.csv,False,False,False,2148,matches_existing,2148,PCODE,False,existing_retained,AC,not_specified
ev_64c49313fccaf2a97af0339cc1aa0a483e5b387dcaebd6d79564b55d3d6722de,,Pelican Motor Inn,"18 Merimbula Dr
Merimbula NSW 2548
Australia",EVUp,3,AC,AC,-36.8881841,149.9085104,Bega Valley Shire Council,2548,Destination Charging R1,False,,type_only,EVUp,EVUp,False,ev_20251216.csv,False,False,False,2548,matches_existing,2548,PCODE,False,existing_retained,AC,not_specified
ev_520b56f53a198172351abd84b60f53cb43296622448f021ae73c8fe7ef539384,,,"18 Morwick St
Strathfield NSW 2135
Australia",EVX,2,AC,22 kW,-33.8753105,151.096069,Burwood Council,2135,Kerbside Charging R1,False,22.0,single_kw,EVX,EVX,False,ev_20251216.csv,False,False,False,2135,matches_existing,2135,PCODE,False,existing_retained,AC,not_specified
ev_a41fb0bc18bf047801ab49ad229e79dd14d6ac2e9079115ff0edaa340c46e94c,,,"180 Darling St
Balmain NSW 2041
Australia",PLUS ES,1,AC,7 kW,-33.8584276,151.186886,Inner West Council,2041,Kerbside Charging R1,False,7.0,single_kw,PLUS ES,PLUS ES,False,ev_20251216.csv,True,False,True,2041,matches_existing,2041,PCODE,False,existing_retained,AC,not_specified
ev_63c2df7edff9e33021820abe001b8be3e702d1421d717d2562db3bd035893d8b,,Lake Conjola Bowling and Recreation Club,"180 Lake Conjola Entrance Rd
Lake Conjola NSW 2539
Australia",360 EV Charge,1,AC,AC,-35.2702399,150.4777283,Shoalhaven City Council,2539,Destination Charging R2,False,,type_only,360 EV Charge,360 EV Charge,False,ev_20251216.csv,False,False,False,2539,matches_existing,2539,PCODE,False,existing_retained,AC,not_specified
ev_df3de5b08279c973255aa598d40d9d9dd26939bc282c293a22fe999ea886f60d,,Blue Mountain Highway Motel,"181 Great Western Hwy
Katoomba NSW 2780
Australia",360 EV Charge,4,AC,AC,-33.7064272,150.3185388,Blue Mountains City Council,2780,Destination Charging R2,False,,type_only,360 EV Charge,360 EV Charge,False,ev_20251216.csv,False,False,False,2780,matches_existing,2780,PCODE,False,existing_retained,AC,not_specified
ev_48b284438a08427f7babd416d85eb506d7e78df5e4e9b79ea11c41c27357c62a,,,"182 Evans St
Rozelle NSW 2039
Australia",PLUS ES,1,AC,22 kW,-33.8665466,151.1706697,Inner West Council,2039,Kerbside Charging R1,False,22.0,single_kw,PLUS ES,PLUS ES,False,ev_20251216.csv,False,False,False,2039,matches_existing,2039,PCODE,False,existing_retained,AC,not_specified
ev_c1c25d4074fae3d83e2fdd695231af2e1a15c25454749aff87121bcd4eecb6c1,,Wagga Wagga City Council,"183 Tarcutta St
Wagga Wagga NSW 2650
Australia",Smart Charge,2,AC,AC,-35.1094747,147.3734165,Wagga Wagga City Council,2650,Destination Charging R1,False,,type_only,Smart Charge,Smart Charge,False,ev_20251216.csv,False,False,False,2650,matches_existing,2650,PCODE,False,existing_retained,AC,not_specified
ev_9f8594b93d2e578da097b24c51abb250efd9ccb280dfa606cb13b8004a532287,,Parkes International Motel,"18-32 Peak Hill Rd
Parkes NSW 2870
Australia",Exploren,2,AC,AC,-33.1236022,148.1743095,Parkes Shire Council,2870,Destination Charging R2,False,,type_only,Exploren,Exploren,False,ev_20251216.csv,False,False,False,2870,matches_existing,2870,PCODE,False,existing_retained,AC,not_specified
ev_2e20ec1bc7a93e94cefd3aa7a21d8a8a2ccd299c5889b3c3c8d31fc2eb4830ae,,Tyrrell's Vineyards,"1838 Broke Rd
Pokolbin NSW 2320
Australia",Exploren,4,AC,AC,-32.7691856,151.2737075,Cessnock City Council,2320,Destination Charging R1,False,,type_only,Exploren,Exploren,False,ev_20251216.csv,False,False,False,2320,matches_existing,2320,PCODE,False,existing_retained,AC,not_specified
ev_c8860b67d43d9aa4c5847fe7419609888d6f5f7837e4eb98a0f654f38ab7b6c4,,,"185 Carrington Rd
Coogee NSW 2034
Commonwealth of Australia",PLUS ES,1,AC,22 kW,-33.9149982,151.249421,Randwick City Council,2034,Kerbside Charging R1,False,22.0,single_kw,PLUS ES,PLUS ES,False,ev_20251216.csv,False,False,False,2034,matches_existing,2034,PCODE,False,existing_retained,AC,not_specified
ev_0e5ec1c19c82a3b4e647ea8d8f4cdeed0ebc8c05303a6a62ce113439596dde0a,,Howlong Golf Resort,"186 Golf Club Dr
Howlong NSW 2643
Australia",Charge Hub,2,AC,AC,-35.9852945,146.6442838,Federation Council,2643,Destination Charging R2,False,,type_only,Charge Hub,Charge Hub,True,ev_20251216.csv,False,False,False,2643,matches_existing,2643,PCODE,False,existing_retained,AC,not_specified
ev_c288a94c5ebfbdc1228d7492a0e5331b86b2ade53724cff94f1ddf0b45435b07,,,"188 Beattie St
Rozelle NSW 2039
Australia",EVX,2,AC,22 kW,-33.8606635,151.1726946,Inner West Council,2039,Kerbside Charging R1,False,22.0,single_kw,EVX,EVX,False,ev_20251216.csv,False,False,False,2039,matches_existing,2039,PCODE,False,existing_retained,AC,not_specified
ev_90138642a7ae550d190f161fd4f92b6f4c3023c8fd5cf1d72d812cd2079ec190,,,188 Fernleigh Rd Glenfield Park NSW 2650 Australia,Tesla,6,DC,175 kW,-35.1317745,147.3398455,Wagga Wagga City Council,2650,Fast Charging R1,False,175.0,single_kw,Tesla,Tesla,False,ev_20251216.csv,False,False,False,2650,matches_existing,2650,PCODE,False,existing_retained,DC,not_specified
ev_b716f1d533ab6114f6c1471461f11203fb9c4eab1f9db5044aa27da461098f11,,Kyogle Council,"19 Bloore St
Kyogle NSW 2474
Australia",Exploren,2,AC,AC,-28.6215127,153.0027948,Kyogle Council,2474,Destination Charging R1,False,,type_only,Exploren,Exploren,False,ev_20251216.csv,False,False,False,2474,matches_existing,2474,PCODE,False,existing_retained,AC,not_specified
ev_564871e752bfadf7175fb046eef3c80cc13e11b81d7b0846071d332b541c07a5,,,"19 Queen St
Randwick NSW 2031
Australia",PLUS ES,1,AC,22 kW,-33.9186594,151.2472035,Randwick City Council,2031,Kerbside Charging R1,False,22.0,single_kw,PLUS ES,PLUS ES,False,ev_20251216.csv,False,False,False,2031,matches_existing,2031,PCODE,False,existing_retained,AC,not_specified
ev_50007c732088305890c9698534b5a71707b9d195ffcdfcadfd14b6676ec19fdc,,,"19 Roseby St, Sydney, 2047",Chargefox,4,AC,22 kW,-33.85578483,151.1612082,"Canada Bay Council, City of",2047,Existing Destination Chargers,False,22.0,single_kw,Chargefox,Chargefox,False,ev_20251216.csv,False,False,False,,no_address_candidate,2047,PCODE,False,existing_retained,AC,not_specified
ev_7e38c439c58e2916b4e5f97fae95029ccd0ba023088c98b29db3b94d01cce284,,,"19 Spring St, Forbes, 2871",Exploren,2,AC,22 kW,-33.3841502,148.009987,Forbes Shire Council,2871,Existing Destination Chargers,False,22.0,single_kw,Exploren,Exploren,False,ev_20251216.csv,False,False,False,,no_address_candidate,2871,PCODE,False,existing_retained,AC,not_specified
ev_89d05bba189a2578548e2054dd821bcbab9eaadf60d5a8336051a6794908191f,,Victoria and Albert Guest House,"19 Station St
Wentworth Falls NSW 2782
Australia",EVNet,3,AC,AC,-33.7095481,150.3756991,Blue Mountains City Council,2782,Destination Charging R2,False,,type_only,EVNet,EVNet,False,ev_20251216.csv,False,False,False,2782,matches_existing,2782,PCODE,False,existing_retained,AC,not_specified
ev_bfa73104aa53c1b8eb9a140b4de201748070354fc1ef686b7f38ba723a6a6625,,Skylodge,"1-9 Tom Moon Ave
Temora NSW 2666
Australia",Elanga,4,AC,AC,-34.4273715,147.5152355,Temora Shire Council,2666,Destination Charging R2,False,,type_only,Elanga,Elanga,False,ev_20251216.csv,False,False,False,2666,matches_existing,2666,PCODE,False,existing_retained,AC,not_specified
ev_601639fc2f24c52da396a354a5f17bd59278a20a5cb79ca76875618177a6da8d,,Dungog Visitor Information Centre,"191 Dowling St
Dungog NSW 2420
Australia",Exploren,4,AC,AC,-32.402119,151.7578478,Dungog Shire Council,2420,Destination Charging R2,False,,type_only,Exploren,Exploren,False,ev_20251216.csv,False,False,False,2420,matches_existing,2420,PCODE,False,existing_retained,AC,not_specified
ev_03028bdcef9adcf4db0dbd191d379f22fa56cb0f5c1bcec5e8dfbe0439e399cb,,Best Western Plus All Settlers,"191 Goonoo Goonoo Rd
South Tamworth NSW 2340
Australia",360 EV Charge,2,AC,AC,-31.1067279,150.9220984,Tamworth Regional Council,2340,Destination Charging R2,False,,type_only,360 EV Charge,360 EV Charge,False,ev_20251216.csv,False,False,False,2340,matches_existing,2340,PCODE,False,existing_retained,AC,not_specified
ev_7ad311c89c4a41295844e587a418db3307cda47c70dad6cd3347f81386673377,,Quirindi Library,"193 George St
Quirindi NSW 2343
Australia",Exploren,2,AC,AC,-31.5073257,150.6804784,Liverpool Plains Shire Council,2343,Destination Charging R2,False,,type_only,Exploren,Exploren,False,ev_20251216.csv,False,False,False,2343,matches_existing,2343,PCODE,False,existing_retained,AC,not_specified
ev_ac3d07288c9b316d1dbb2cbbfc9d2c40f55ddf5f9f23330f75410c069b856f73,,,"1A Gloucester Ave
Burwood NSW 2134
Australia",EVX,2,AC,22 kW,-33.8748726,151.1016286,Burwood Council,2134,Kerbside Charging R1,False,22.0,single_kw,EVX,EVX,False,ev_20251216.csv,False,False,False,2134,matches_existing,2134,PCODE,False,existing_retained,AC,not_specified
ev_c07e41bf41cf8cfbb3de665e4cc6dfe73e929fb13a21f46a0457b25241e4daf1,,,"1R Marine Pde
Maroubra NSW 2035
Australia",Chargefox,2,AC,22 kW,-33.9512131,151.2555437,Randwick City Council,2035,Kerbside Charging R1,False,22.0,single_kw,Chargefox,Chargefox,False,ev_20251216.csv,False,False,False,2035,matches_existing,2035,PCODE,False,existing_retained,AC,not_specified
ev_7ab113df4d7ef65c52a4aed89c9f0357ad9d89e423ce1336ef187952c42c6f38,,,"2 Alice St
Newtown NSW 2042
Australia",PLUS ES,1,AC,22 kW,-33.903175,151.1791034,Inner West Council,2042,Kerbside Charging R1,False,22.0,single_kw,PLUS ES,PLUS ES,False,ev_20251216.csv,False,False,False,2042,matches_existing,2042,PCODE,False,existing_retained,AC,not_specified
ev_080a1fafa4755ff6133b1a5a6209300d1fcfcc21b2a5faa95da432020c23dd14,,,"2 Allman Ave
Summer Hill NSW 2130
Australia",PLUS ES,1,AC,22 kW,-33.891353,151.1334901,Inner West Council,2130,Kerbside Charging R1,False,22.0,single_kw,PLUS ES,PLUS ES,False,ev_20251216.csv,False,False,False,2130,matches_existing,2130,PCODE,False,existing_retained,AC,not_specified
ev_607e5e3d5e2097a41abb9cce528793e3531e2345e948c6dee192e641e4aa94d9,,Tathra Beachfront Holiday Park,"2 Andy Poole Dr
Tathra NSW 2550
Australia",Exploren,4,AC,AC,-36.7226547,149.9784393,Bega Valley Shire Council,2550,Destination Charging R2,False,,type_only,Exploren,Exploren,False,ev_20251216.csv,False,False,False,2550,matches_existing,2550,PCODE,False,existing_retained,AC,not_specified
ev_6218c5aaf368476a5a689c220482383e7bc47aa9298f4d9523f9df2f0bfa3f34,,Yalawanyi Gunya,"2 Biripi Way
Taree South NSW 2430
Australia",Exploren,4,AC,AC,-31.9340892,152.4653805,Mid-Coast Council,2430,Destination Charging R2,False,,type_only,Exploren,Exploren,False,ev_20251216.csv,False,False,False,2430,matches_existing,2430,PCODE,False,existing_retained,AC,not_specified
ev_ff4b0e8d3b4698c60740b27519e6318b257354098b008556ab2c85f97aeaa4df,,Eden Motel,"2 Blue Marlin Ct
Eden NSW 2551
Australia",Elanga,2,AC,AC,-37.0509798,149.901281,Bega Valley Shire Council,2551,Destination Charging R1,False,,type_only,Elanga,Elanga,False,ev_20251216.csv,False,False,False,2551,matches_existing,2551,PCODE,False,existing_retained,AC,not_specified
ev_32eea40b92b6daf3cee6d859aae5baefc051f55389f0014f6809a2935195d73d,,The Pavilion Kiama,"2 Bong Bong St
Kiama NSW 2533
Australia",Exploren,4,AC,AC,-34.6748189,150.8570701,"Kiama, The Council of the Municipality of",2533,Destination Charging R2,False,,type_only,Exploren,Exploren,False,ev_20251216.csv,False,False,False,2533,matches_existing,2533,PCODE,False,existing_retained,AC,not_specified
ev_f482947f98fc9fc40e8a631319d2437db34b7c99303489d10e71dc5c041c45a9,,,2 Bridge Rd Griffith NSW 2680 Australia,Tesla,6,DC,175 kW,-34.2922641,146.0507015,Griffith City Council,2680,Fast Charging R1,False,175.0,single_kw,Tesla,Tesla,False,ev_20251216.csv,False,False,False,2680,matches_existing,2680,PCODE,False,existing_retained,DC,not_specified
ev_82240f6f315d07847e4d2da7a31e9cd4adadfe23beb4566e328870b049e1ba6b,,,"2 Cavendish St
Enmore NSW 2042
Australia",EVX,2,AC,22 kW,-33.8988126,151.1708415,Inner West Council,2042,Kerbside Charging R1,False,22.0,single_kw,EVX,EVX,False,ev_20251216.csv,False,False,False,2042,matches_existing,2042,PCODE,False,existing_retained,AC,not_specified
ev_f8789d363605bdfbf5a5173e80f85a405c3b327dc351e71f9328af94ea1dadb2,,Parkes Shire Council Public Parking,"2 Cecile St
Parkes NSW 2870
Australia",Exploren,4,AC,AC,-33.1381751,148.1730853,Parkes Shire Council,2870,Destination Charging R2,False,,type_only,Exploren,Exploren,False,ev_20251216.csv,False,False,False,2870,matches_existing,2870,PCODE,False,existing_retained,AC,not_specified
ev_75b225d94a7f455b2eaced27bae05b65b79712adb8fa7dcf0b3edff69b9d9b4f,,,"2 Coast Hospital Rd
Little Bay NSW 2036
Australia",Evie Networks,2,DC,75 kW,-33.9808158,151.2498636,Randwick City Council,2036,Kerbside Charging R1,False,75.0,single_kw,Evie Networks,Evie,False,ev_20251216.csv,False,False,False,2036,matches_existing,2036,PCODE,False,existing_retained,DC,not_specified
ev_31db43d79cb9da8c78df6375c63d9b013836eb148e3c08daba7724519a54af76,,Cunningham Park,"2 Copeton Dam Rd
Bingara NSW 2404
Australia",Exploren,2,AC,AC,-29.8644746,150.5771204,Gwydir Shire Council,2404,Destination Charging R2,False,,type_only,Exploren,Exploren,False,ev_20251216.csv,False,False,False,2404,matches_existing,2404,PCODE,False,existing_retained,AC,not_specified
ev_0c3750e69260750376fa48a6a16587edaf20edd3c510673a851fac48639d5780,,,"2 Davids Rd, Haberfield NSW 2045",EVE Australia,2,AC,22 kW,-33.884617,151.1366103,Inner West Council,2045,Kerbside Charging R1,False,22.0,single_kw,EVE Australia,EVE Australia,False,ev_20251216.csv,False,False,False,2045,matches_existing,2045,PCODE,False,existing_retained,AC,not_specified
ev_6894f3ece978c9fe2148214200928bd9873bb762d7c43fe015f25b0576c97585,,,"2 Diamond Bay Rd
Vaucluse NSW 2030
Australia",PLUS ES,1,AC,22 kW,-33.861029,151.2788078,Waverley Council,2030,Kerbside Charging R1,False,22.0,single_kw,PLUS ES,PLUS ES,False,ev_20251216.csv,False,False,False,2030,matches_existing,2030,PCODE,False,existing_retained,AC,not_specified
ev_194fa9d97badcff79e241e9e900c98db1d84d54aee419ad871ce1bb54d26c1e7,,,"2 George St
Marrickville NSW 2204
Australia",PLUS ES,1,AC,7 kW,-33.9046392,151.1482931,Inner West Council,2204,Kerbside Charging R1,False,7.0,single_kw,PLUS ES,PLUS ES,False,ev_20251216.csv,False,False,False,2204,matches_existing,2204,PCODE,False,existing_retained,AC,not_specified
ev_5e8db66d5d4ce426ce913bb5cadc3c26b62cfe3e62baeda04add0bc295e52337,,,"2 Greycliffe Ave, Vaucluse, NSW, 2030",Chargefox,2,AC,22 kW,-33.8530998,151.2699421,Woollahra Municipal Council,2030,Kerbside Charging R1,False,22.0,single_kw,Chargefox,Chargefox,False,ev_20251216.csv,False,False,False,2030,matches_existing,2030,PCODE,False,existing_retained,AC,not_specified
ev_a7d2c2f7ba01739d7792da549e0288bf22dc57a02b9683c0e48f72260a1c4f82,,,"2 Hollywood Ave
Bondi Junction NSW 2022
Australia",PLUS ES,1,AC,7 kW,-33.8943632,151.2517721,Waverley Council,2022,Kerbside Charging R1,False,7.0,single_kw,PLUS ES,PLUS ES,False,ev_20251216.csv,False,False,False,2022,matches_existing,2022,PCODE,False,existing_retained,AC,not_specified
ev_d32de14a97c7e19a030aa0b8113ab9f1126523f262ed894f4d34102985094793,,,"2 Kelrose Ln
North Sydney NSW 2060
Australia",ChargePost,4,AC,22 kW,-33.8338656,151.2063879,North Sydney Council,2060,Kerbside Charging R1,False,22.0,single_kw,ChargePost,ChargePost,False,ev_20251216.csv,False,False,False,2060,matches_existing,2060,PCODE,False,existing_retained,AC,not_specified
ev_4f029f5071c7fcafbe2e9821af5cf4eaeeca9307eaddedb1f9547c333a9de017,,,"2 King St
Balmain NSW 2041
Australia",EVX,2,AC,22 kW,-33.855604,151.1760354,Inner West Council,2041,Kerbside Charging R1,False,22.0,single_kw,EVX,EVX,False,ev_20251216.csv,False,False,False,2041,matches_existing,2041,PCODE,False,existing_retained,AC,not_specified
ev_2636e1dd86015c1e4c5c8da8823711fec834eae8402d1f1669b32048dfa32198,,,"2 King St
Bondi NSW 2026
Australia",PLUS ES,1,AC,22 kW,-33.8943781,151.2610931,Waverley Council,2026,Kerbside Charging R1,False,22.0,single_kw,PLUS ES,PLUS ES,False,ev_20251216.csv,False,False,False,2026,matches_existing,2026,PCODE,False,existing_retained,AC,not_specified
ev_5732419d679ff81f30b4614e8d914311594b5386e2bca265d6e6505043c065b2,,,"2 Marion St
Leichhardt NSW 2040
Australia",EVX,2,AC,22 kW,-33.8840043,151.1564944,Inner West Council,2040,Kerbside Charging R1,False,22.0,single_kw,EVX,EVX,False,ev_20251216.csv,False,False,False,2040,matches_existing,2040,PCODE,False,existing_retained,AC,not_specified
ev_29991551cd803e8b39987e5e064bcb8462e52c44495acf1632e05733ba305643,,The Sebel Kiama,"2 Minnamurra St
Kiama NSW 2533
Australia",Exploren,2,AC,AC,-34.6683431,150.8549502,"Kiama, The Council of the Municipality of",2533,Destination Charging R2,False,,type_only,Exploren,Exploren,False,ev_20251216.csv,False,False,False,2533,matches_existing,2533,PCODE,False,existing_retained,AC,not_specified
ev_c1f1ec246d6e8d5edd8df2e7c3579ca98eeba01dc50d229c1e33474805b2c8db,,,2 Moonee Beach Rd Moonee Beach NSW 2450 Australia,Tesla,15,DC,175 kW,-30.204973,153.1501028,Coffs Harbour City Council,2450,Fast Charging R1,False,175.0,single_kw,Tesla,Tesla,False,ev_20251216.csv,False,False,False,2450,matches_existing,2450,PCODE,False,existing_retained,DC,not_specified
ev_9241c04afd4b1bf1e0d44d106f38beb600def47698759e3afcb653c83c95c1cf,,,"2 Moyes St
Marrickville NSW 2204
Australia",PLUS ES,1,AC,7 kW,-33.9143495,151.1485806,Inner West Council,2204,Kerbside Charging R1,False,7.0,single_kw,PLUS ES,PLUS ES,False,ev_20251216.csv,False,False,False,2204,matches_existing,2204,PCODE,False,existing_retained,AC,not_specified
ev_b63d98054836514c9f601247b87d9f9561ab86446b376364582c104c7dff8d2e,,,"2 Quarry St
Paddington NSW 2021
Australia",PLUS ES,1,AC,22 kW,-33.8833596,151.2371782,Woollahra Municipal Council,2021,Kerbside Charging R1,False,22.0,single_kw,PLUS ES,PLUS ES,False,ev_20251216.csv,False,False,False,2021,matches_existing,2021,PCODE,False,existing_retained,AC,not_specified
ev_7dcd708a0ab90bde588437308e0486f240f6a5cc34aa2e63c62a289dd5a9717a,,The Surf Yamba,"2 Queen St
Yamba NSW 2464
Australia",Chargefox,2,AC,AC,-29.4371653,153.3657135,Clarence Valley Council,2464,Destination Charging R2,False,,type_only,Chargefox,Chargefox,False,ev_20251216.csv,False,False,False,2464,matches_existing,2464,PCODE,False,existing_retained,AC,not_specified
ev_744544cd5774ebe284f5eeaaef9ca3c2ddbe51c9ad4da428c8b666baed56b5fd,,,"2 Rickard Ave
Bondi Beach NSW 2026
Australia",Chargefox,2,AC,22 kW,-33.8896656,151.2669765,Waverley Council,2026,Kerbside Charging R1,False,22.0,single_kw,Chargefox,Chargefox,False,ev_20251216.csv,False,False,False,2026,matches_existing,2026,PCODE,False,existing_retained,AC,not_specified
ev_3fd010a9cfb3d042792436bc95fde2000c9f79ed1ccd7f93475c180e6830c47f,,Merimbula Beach Holiday Resort,"2 Short Point Rd
Merimbula NSW 2548
Australia",Exploren,4,AC,AC,-36.8866743,149.9303711,Bega Valley Shire Council,2548,Destination Charging R2,False,,type_only,Exploren,Exploren,False,ev_20251216.csv,False,False,False,2548,matches_existing,2548,PCODE,False,existing_retained,AC,not_specified
ev_d09eb17b21f5e34ce7bb988980e64f5984a3e29ec84c1f20bd7395c192e15f6c,,The Levee Central Maitland,"2 St Andrews St
Maitland NSW 2320
Australia",Exploren,2,AC,AC,-32.7300617,151.5535938,Maitland City Council,2320,Destination Charging R2,False,,type_only,Exploren,Exploren,False,ev_20251216.csv,False,False,False,2320,matches_existing,2320,PCODE,False,existing_retained,AC,not_specified
ev_e7670a38f2f74c9c5dd66d6cfbc52d97c228b3f17347b634af0173ef9b3a8660,,,"2 Tebbutt St
Leichhardt NSW 2040
Australia",EVX,2,AC,22 kW,-33.8895146,151.1465824,Inner West Council,2040,Kerbside Charging R1,False,22.0,single_kw,EVX,EVX,False,ev_20251216.csv,False,False,False,2040,matches_existing,2040,PCODE,False,existing_retained,AC,not_specified
ev_7594f38f764d614fdd9777a51410b1d66c9b07f3f116ecaa24519f05070f85be,,Bridgeview Motel,"2 The Corso
Gorokan NSW 2263
Australia",Exploren,2,AC,AC,-33.2597527,151.516506,Central Coast Council,2263,Destination Charging R2,False,,type_only,Exploren,Exploren,False,ev_20251216.csv,False,False,False,2263,matches_existing,2263,PCODE,False,existing_retained,AC,not_specified
ev_9fe9a866be71eefd92ee2f63dc459c06c24c6d29820eaa086d69ba85a17a605e,,Wallsend Diggers Car Park,"2 Tyrrell St
Wallsend NSW 2287
Australia",Exploren,4,AC,AC,-32.9013775,151.671176,Newcastle City Council,2287,Destination Charging R2,False,,type_only,Exploren,Exploren,False,ev_20251216.csv,False,False,False,2287,matches_existing,2287,PCODE,False,existing_retained,AC,not_specified
ev_dd736476d1cbdd1777024d5b7de34d0749b76752efd170dc7c23d537747f7e0a,,Scenic World,"2 Violet St
Katoomba NSW 2780
Australia",Exploren,4,AC,AC,-33.7293731,150.3004285,Blue Mountains City Council,2780,Destination Charging R2,False,,type_only,Exploren,Exploren,False,ev_20251216.csv,False,False,False,2780,matches_existing,2780,PCODE,False,existing_retained,AC,not_specified
ev_492bc24d9447f3d6193dba360c83150654f6a315ef48f6299dbf9321446b8959,,,"2 Wauhope Cres
South Coogee NSW 2034
Australia",PLUS ES,1,AC,22 kW,-33.9293135,151.2506444,Randwick City Council,2034,Kerbside Charging R1,False,22.0,single_kw,PLUS ES,PLUS ES,False,ev_20251216.csv,False,False,False,2034,matches_existing,2034,PCODE,False,existing_retained,AC,not_specified
ev_121187557eca127abf25ae9369147c3e52fe5a8eccf21515603b513f8c0481b9,,Twin Towns Services Club,"2 Wharf St
Tweed Heads NSW 2485
Australia",Chargefox,4,AC,AC,-28.1685927,153.5440989,Tweed Shire Council,2485,Destination Charging R1,False,,type_only,Chargefox,Chargefox,False,ev_20251216.csv,False,False,False,2485,matches_existing,2485,PCODE,False,existing_retained,AC,not_specified
ev_c5678808e4f2f6504b1137cfdade3f0e9f2450f9a9db35eb63390bdf5d32cead,,,"20 Arthur St
Marrickville NSW 2204
Australia",EVE Australia,2,AC,22 kW,-33.9128493,151.1514703,Inner West Council,2204,Kerbside Charging R1,False,22.0,single_kw,EVE Australia,EVE Australia,False,ev_20251216.csv,False,False,False,2204,matches_existing,2204,PCODE,False,existing_retained,AC,not_specified
ev_7cbc3576bcc34cee9eebd1b9ffa4bbb44f14beb0698d33a11732af0eb5d99b4a,,,"20 Federation Rd
Camperdown NSW 2050
Australia",PLUS ES,1,AC,22 kW,-33.8931227,151.1793112,Inner West Council,2050,Kerbside Charging R1,False,22.0,single_kw,PLUS ES,PLUS ES,False,ev_20251216.csv,False,False,False,2050,matches_existing,2050,PCODE,False,existing_retained,AC,not_specified
ev_00689badfe85a7253b688b2b1a92ed68d323ec641f9e73ddc5fc75342dac6a4f,,,"20 Johnston St
Balmain East NSW 2041
Australia",PLUS ES,1,AC,7 kW,-33.8592247,151.1940443,Inner West Council,2041,Kerbside Charging R1,False,7.0,single_kw,PLUS ES,PLUS ES,False,ev_20251216.csv,False,False,False,2041,matches_existing,2041,PCODE,False,existing_retained,AC,not_specified
ev_94c9efc9400f34fb69e8d48da8f871274179151bc0c1eb5b9ea31bf7dd3df8e0,,Windale Hub,"20 Lake St
Windale NSW 2306
Australia",Everty,2,AC,AC,-32.9933682,151.6816129,Lake Macquarie City Council,2306,Destination Charging R2,False,,type_only,Everty,Everty,False,ev_20251216.csv,False,False,False,2306,matches_existing,2306,PCODE,False,existing_retained,AC,not_specified
ev_fb2874b24bb489b572028d2879600652a83214c5f92e16003fa6837af458704b,,Wandana Brewing Co.,"20 Manns Rd
Mullumbimby NSW 2482
Australia",Noodoe,2,AC,AC,-28.5541173,153.5149182,Byron Shire Council,2482,Destination Charging R2,False,,type_only,Noodoe,Noodoe,False,ev_20251216.csv,False,False,False,2482,matches_existing,2482,PCODE,False,existing_retained,AC,not_specified
ev_984b55772a0aae076d3677a0e0e46d0fa9dfc3f062fd672b48c5c17d1ae25c30,,Ingenia Holiday Parks - Lake Macquarie,"20 Monterey Ave
Mannering Park NSW 2259
Australia",Exploren,4,AC,AC,-33.1504884,151.5397684,Central Coast Council,2259,Destination Charging R2,False,,type_only,Exploren,Exploren,False,ev_20251216.csv,False,False,False,2259,matches_existing,2259,PCODE,False,existing_retained,AC,not_specified
ev_494590ff0b66b06afe4779575aedbbacc198fe3df997314b6d49959a08d994c6,,Ourimbah RSL Club Carpark,"20 Pacific Hwy
Ourimbah NSW 2258
Australia",Noodoe,2,AC,AC,-33.3540425,151.3696467,Central Coast Council,2258,Destination Charging R2,False,,type_only,Noodoe,Noodoe,False,ev_20251216.csv,False,False,False,2258,matches_existing,2258,PCODE,False,existing_retained,AC,not_specified
ev_95b3256d354b3ee7891d320e19a352ed80d8d8cd358fdbef54a789a6a1d047f2,,Wollongong Surf Leisure Resort,"201 Pioneer Rd
Fairy Meadow NSW 2519
Australia",Exploren,2,AC,AC,-34.3895823,150.9063737,Wollongong City Council,2519,Destination Charging R2,False,,type_only,Exploren,Exploren,False,ev_20251216.csv,False,False,False,2519,matches_existing,2519,PCODE,False,existing_retained,AC,not_specified
ev_b8a2a2b42ca27ee28ab18f237e465be90c89a83295abb36c99502900a8c86de4,,,"202 Parramatta Rd, Sydney, 2131",Chargefox,1,AC,22 kW,-33.88104509,151.1318068,Inner West Council,2131,Existing Destination Chargers,False,22.0,single_kw,Chargefox,Chargefox,False,ev_20251216.csv,False,False,False,,no_address_candidate,2131,PCODE,False,existing_retained,AC,not_specified
ev_258f0cf25e6b3a26935fd6c9e0886bc199d3dc846cf282aca637fea8af218ebd,,Corrigans Cove Resort,"204 Beach Rd
Batehaven NSW 2536
Australia",Exploren,1,AC,AC,-35.7296697,150.1960774,Eurobodalla Shire Council,2536,Destination Charging R1,False,,type_only,Exploren,Exploren,False,ev_20251216.csv,False,False,False,2536,matches_existing,2536,PCODE,False,existing_retained,AC,not_specified
ev_a8c153e8b75354e2999533a19636119656c19c23f1647570089bd2f395130638,,Printhie Wines,"208 Nancarrow Ln
Nashdale NSW 2800
Australia",Chargefox,1,AC,AC,-33.3131943,149.0088591,Cabonne Council,2800,Destination Charging R2,False,,type_only,Chargefox,Chargefox,False,ev_20251216.csv,False,False,False,2800,matches_existing,2800,PCODE,False,existing_retained,AC,not_specified
ev_012e76a22aa05363db4bba0b78f64ced1ba771934b946d67d52499473d5cf4bb,,Alloggio Hotel Thornton,"21 Poynton Pl
Thornton NSW 2322
Australia",Chargefox,2,AC,AC,-32.7944967,151.6373582,Maitland City Council,2322,Destination Charging R1,False,,type_only,Chargefox,Chargefox,False,ev_20251216.csv,False,False,False,2322,matches_existing,2322,PCODE,False,existing_retained,AC,not_specified
ev_4e59ac35b76ce59d9c19dc56fcd702f20ec626e808359281d2141090871d509c,,Bay and Bush,"21 Pritchard Ave
Woollamia NSW 2540
Australia",Exploren,2,AC,AC,-35.0197844,150.6391028,Shoalhaven City Council,2540,Destination Charging R2,False,,type_only,Exploren,Exploren,False,ev_20251216.csv,False,False,False,2540,matches_existing,2540,PCODE,False,existing_retained,AC,not_specified
ev_2e9980436e83d536728cdac345e0748b72ddab4ad9f831f6259b0196b829bd21,,,"21 Russell St
Lilyfield NSW 2040
Australia",EVE Australia,2,AC,22 kW,-33.875569,151.1632871,Inner West Council,2040,Kerbside Charging R1,False,22.0,single_kw,EVE Australia,EVE Australia,False,ev_20251216.csv,False,False,False,2040,matches_existing,2040,PCODE,False,existing_retained,AC,not_specified
ev_27ab872c5864cd494aec5cbb20fdc1e2bade179258352e8686818667c313ebd6,,,"21-23 Corunna Rd
Stanmore NSW 2048
Australia",PLUS ES,1,AC,7 kW,-33.8888432,151.1710335,Inner West Council,2048,Kerbside Charging R1,False,7.0,single_kw,PLUS ES,PLUS ES,False,ev_20251216.csv,False,False,False,2048,matches_existing,2048,PCODE,False,existing_retained,AC,not_specified
ev_5566e8c142b2888caa3e8f6d46472046f0a12008770207abcaaa4c93b9070b61,,Boathouse Resort,"21-23 Marine Dr
Tea Gardens NSW 2324
Australia",EVNet,4,AC,AC,-32.6623688,152.1565928,Mid-Coast Council,2324,Destination Charging R2,False,,type_only,EVNet,EVNet,False,ev_20251216.csv,False,False,False,2324,matches_existing,2324,PCODE,False,existing_retained,AC,not_specified
ev_4e070318c1e9ac74aadd3643acc94a068064d6ca6bd1cb4802de32e0622c9e1d,,Katoomba Town Centre Motel,"214 Katoomba St
Katoomba NSW 2780
Australia",Everty,2,AC,AC,-33.7174048,150.3112,Blue Mountains City Council,2780,Destination Charging R2,False,,type_only,Everty,Everty,False,ev_20251216.csv,False,False,False,2780,matches_existing,2780,PCODE,False,existing_retained,AC,not_specified
ev_dc8801c9b81443b71a7599c86bea5afa5e0c9605b5e2675dc158abafd3442351,,,"218 Katoomba St, Katoomba NSW 2780, Australia",Zeus Renewables,4,DC,175 kW,-33.7177016,150.3112897,Blue Mountains City Council,2780,Fast Charging R1,False,175.0,single_kw,Zeus Renewables,Zeus Renewables,False,ev_20251216.csv,False,False,False,2780,matches_existing,2780,PCODE,False,existing_retained,DC,not_specified
ev_d441bacd33134a84906ebcab3ce8944b09ccbd2a06b0db5c505576b51080cef6,,,"218 Norton St
Leichhardt NSW 2040
Australia",EVX,2,AC,22 kW,-33.8794575,151.1562844,Inner West Council,2040,Kerbside Charging R1,False,22.0,single_kw,EVX,EVX,False,ev_20251216.csv,False,False,False,2040,matches_existing,2040,PCODE,False,existing_retained,AC,not_specified
ev_f67eccecd061addd75e4f8837481e20c6e6757bde94a74628c856ffcd0800d94,,Orange Aquatic Centre,"21A Hill St
Orange NSW 2800
Australia",EVSE,1,AC,AC,-33.288714,149.0916869,Orange City Council,2800,Destination Charging R2,False,,type_only,EVSE,EVSE,False,ev_20251216.csv,False,False,False,2800,matches_existing,2800,PCODE,False,existing_retained,AC,not_specified
ev_929f457dd4225ef87f2618153bd9371213cec32aff967b0b16b41539ac320203,,,"22 Bellevue Ave
Greenwich NSW 2065
Australia",PLUS ES,1,AC,22 kW,-33.824901,151.1872285,Lane Cove Municipal Council,2065,Kerbside Charging R1,False,22.0,single_kw,PLUS ES,PLUS ES,False,ev_20251216.csv,False,False,False,2065,matches_existing,2065,PCODE,False,existing_retained,AC,not_specified
ev_9ca013d7441f31d36897d4407d3acb13f9d0944d571b5449092103bfa67b43ef,,,"22 Church St
Burwood NSW 2134
Australia",EVX,2,AC,22 kW,-33.8819,151.1045,Burwood Council,2134,Kerbside Charging R1,False,22.0,single_kw,EVX,EVX,False,ev_20251216.csv,False,False,False,2134,matches_existing,2134,PCODE,False,existing_retained,AC,not_specified
ev_7cd80b12deff803ad2acfe32c0490d1bdb7c34ac3191203a839cd48a15ca1c14,,The Wallangulla Motel,"22 Morilla St
Lightning Ridge NSW 2834
Australia",Exploren,4,AC,AC,-29.4292374,147.9768149,Walgett Shire Council,2834,Destination Charging R2,False,,type_only,Exploren,Exploren,False,ev_20251216.csv,False,False,False,2834,matches_existing,2834,PCODE,False,existing_retained,AC,not_specified
ev_006fdafa8c5a30342066ae691ceb6d913ca83368cc9b9d35d397599b3eb13cf2,,,"22 Stafford St
Paddington NSW 2021
Australia",PLUS ES,1,AC,22 kW,-33.8835761,151.2289348,Woollahra Municipal Council,2021,Kerbside Charging R1,False,22.0,single_kw,PLUS ES,PLUS ES,False,ev_20251216.csv,False,False,False,2021,matches_existing,2021,PCODE,False,existing_retained,AC,not_specified
ev_7c17bd5b10e875de19bbab438c7751262767f2fd05ab6c1708fc8bb6c1296729,,,"22 Ward St
North Sydney NSW 2060
Australia",ChargePost,2,AC,7 kW,-33.836149,151.2085307,North Sydney Council,2060,Kerbside Charging R1,False,7.0,single_kw,ChargePost,ChargePost,False,ev_20251216.csv,False,False,False,2060,matches_existing,2060,PCODE,False,existing_retained,AC,not_specified
ev_c1284d606e05708ba7c79daccd91f018c0778a15091805dbd9908e71d77d1e9f,,Milton Ulladulla Ex Services Club,"222 Princes Hwy
Ulladulla NSW 2539
Australia",Exploren,4,AC,AC,-35.3684214,150.4706082,Shoalhaven City Council,2539,Destination Charging R2,False,,type_only,Exploren,Exploren,False,ev_20251216.csv,False,False,False,2539,matches_existing,2539,PCODE,False,existing_retained,AC,not_specified
ev_c0f50b49ab79e828c0432a4dbb536886a40818c1c393673938cf62a0dbc8989b,,Stockmans Motel Tamworth,"2-24 Spains Ln
Kingswood NSW 2340
Australia",EVSE,4,AC,AC,-31.1647707,150.9181072,Tamworth Regional Council,2340,Destination Charging R2,False,,type_only,EVSE,EVSE,False,ev_20251216.csv,False,False,False,2340,matches_existing,2340,PCODE,False,existing_retained,AC,not_specified
ev_0fb6baefc6f5eb48bb35c43a48de5b6676b6e2a51978f098943671b4795d9732,,,"225 Darley Rd
Randwick NSW 2031
Australia",PLUS ES,1,AC,22 kW,-33.9037012,151.2489288,Randwick City Council,2031,Kerbside Charging R1,False,22.0,single_kw,PLUS ES,PLUS ES,False,ev_20251216.csv,False,False,False,2031,matches_existing,2031,PCODE,False,existing_retained,AC,not_specified
ev_c0fe40dd625cfef59ba091d733f9e43946ac320ebf912245947e62a36ed34958,,,"228 Moore Park Rd
Paddington NSW 2021
Australia",EVX,2,AC,22 kW,-33.8872176,151.2246061,"Sydney, Council of the City of",2021,Kerbside Charging R1,False,22.0,single_kw,EVX,EVX,False,ev_20251216.csv,False,False,False,2021,matches_existing,2021,PCODE,False,existing_retained,AC,not_specified
ev_d33aed2a7a428c414b37f163d24f6fb8b3225190600d99d9a038188e3aabffc4,,,"229 Denison St
Queens Park NSW 2022
Australia",PLUS ES,1,AC,22 kW,-33.8981091,151.2434798,Waverley Council,2022,Kerbside Charging R1,False,22.0,single_kw,PLUS ES,PLUS ES,False,ev_20251216.csv,False,False,False,2022,matches_existing,2022,PCODE,False,existing_retained,AC,not_specified
ev_44bbfb8af813a73d9249d14c2711ae1deba07a3512a4db20d0609d026a726e08,,,"23 See St
Kingsford NSW 2032
Australia",PLUS ES,1,AC,22 kW,-33.9223723,151.2248584,Randwick City Council,2032,Kerbside Charging R1,False,22.0,single_kw,PLUS ES,PLUS ES,False,ev_20251216.csv,False,False,False,2032,matches_existing,2032,PCODE,False,existing_retained,AC,not_specified
ev_1d3cf68c14391499f0dd8546fb71d6dd055355dd7b3c4409e14c7ce186dc9b57,,,"23 Terrace Rd
Dulwich Hill NSW 2203
Australia",PLUS ES,1,AC,22 kW,-33.9065216,151.1381499,Inner West Council,2203,Kerbside Charging R1,False,22.0,single_kw,PLUS ES,PLUS ES,False,ev_20251216.csv,False,False,False,2203,matches_existing,2203,PCODE,False,existing_retained,AC,not_specified
ev_19febeabd9e0a32d9e5513dab096d03335f6afe13e84d0de1e0610fcc9b41475,,,"231 Darling St
Dubbo NSW 2830
Australia",Non-networked,1,AC,AC,-32.2525729,148.6049234,Dubbo Regional Council,2830,Destination Charging R1,False,,type_only,Non-networked,Non-networked,False,ev_20251216.csv,False,False,False,2830,matches_existing,2830,PCODE,False,existing_retained,AC,not_specified
ev_10435c046b83cdba3b7c1845adcf068f6d457f1948b30b74c36baa8994e8c916,,,"234 Miller St
North Sydney NSW 2060
Australia",Evie Networks,4,DC,75 kW,-33.833276,151.2071934,North Sydney Council,2060,Kerbside Charging R1,False,75.0,single_kw,Evie Networks,Evie,False,ev_20251216.csv,False,False,False,2060,matches_existing,2060,PCODE,False,existing_retained,DC,not_specified
ev_d118b710dcb98980e420b7fc2ce44c3a54c1200dd76b24c89b305aa8a93f0ce3,,,"24 Annandale St
Annandale NSW 2038
Australia",PLUS ES,1,AC,22 kW,-33.8864798,151.1664936,Inner West Council,2038,Kerbside Charging R1,False,22.0,single_kw,PLUS ES,PLUS ES,False,ev_20251216.csv,False,False,False,2038,matches_existing,2038,PCODE,False,existing_retained,AC,not_specified
ev_d82e9775b80e090aac6b13fea9e1ab32129f378c78ec58a4c758429a976f696a,,Ingenia Holiday Park - Bonny Hills,"24 Beach St
Bonny Hills NSW 2445
Australia",Exploren,2,AC,AC,-31.585403,152.8366221,Port Macquarie-Hastings Council,2445,Destination Charging R1,False,,type_only,Exploren,Exploren,False,ev_20251216.csv,False,False,False,2445,matches_existing,2445,PCODE,False,existing_retained,AC,not_specified
ev_b5c756294f04ccbb892e3a72edf25c9b49a7511534d066e64f51886ed3828e81,,Evans Beach House,"24 Cedar St
Evans Head NSW 2473
Australia",Everty,1,AC,AC,-29.1190995,153.4284049,Richmond Valley Council,2473,Destination Charging R2,False,,type_only,Everty,Everty,False,ev_20251216.csv,False,False,False,2473,matches_existing,2473,PCODE,False,existing_retained,AC,not_specified
ev_8df0e47218188a2746eae8487dc1b464f828be47ff37db2ef525515e2e379c70,,,"24 Fourth Ave
Seven Hills NSW 2147
Australia",EVX,2,AC,22 kW,-33.7774788,150.9411657,Blacktown City Council,2147,Kerbside Charging R1,False,22.0,single_kw,EVX,EVX,False,ev_20251216.csv,False,False,False,2147,matches_existing,2147,PCODE,False,existing_retained,AC,not_specified
ev_42cc94293e839c97693aa8baab92f5b7d5bf151c958bc0f78c5654b276a91e21,,Budgewoi Bungelow,"24 Kewalo Ave
Budgewoi NSW 2262
Australia",Smart Charge,1,AC,AC,-33.2328723,151.5553734,Central Coast Council,2262,Destination Charging R2,False,,type_only,Smart Charge,Smart Charge,False,ev_20251216.csv,False,False,False,2262,matches_existing,2262,PCODE,False,existing_retained,AC,not_specified
ev_7b5a444dc9118f66ca94b2fcd08ba4ec50b9b67c60ac97599cd26ce7ca511e51,,Mandarin Motel Macksville,"24 Princess St
Macksville NSW 2447
Australia",Non-networked,1,AC,AC,-30.708612,152.918765,Nambucca Valley Council,2447,Destination Charging R2,False,,type_only,Non-networked,Non-networked,False,ev_20251216.csv,False,False,False,2447,matches_existing,2447,PCODE,False,existing_retained,AC,not_specified
ev_baaa9388507c0bbd3eec1821f96c1ab42236c9ea4b416eb4f9bf1572e8bb7103,,Twin Towns Services Club,"2-4 Stuart St
Tweed Heads NSW 2485
Australia",Chargefox,2,AC,AC,-28.1687351,153.5429923,Tweed Shire Council,2485,Destination Charging R1,False,,type_only,Chargefox,Chargefox,False,ev_20251216.csv,False,False,False,2485,matches_existing,2485,PCODE,False,existing_retained,AC,not_specified
ev_fdeb9a6a30085f48f8770279505bdea57277beb693edb2bedeea07b11eacba3a,,Hungerford Hill,"2450 Broke Rd
Pokolbin NSW 2320
Australia",EVNet,4,AC,AC,-32.7777849,151.3361371,Cessnock City Council,2320,Destination Charging R2,False,,type_only,EVNet,EVNet,False,ev_20251216.csv,False,False,False,2320,matches_existing,2320,PCODE,False,existing_retained,AC,not_specified
ev_52fec7ef38adf8caab47ac48a29b0f266c806b0c603383234d5d2f5a95b84029,,Town Square Motel,"246 Anson St
Orange NSW 2800
Australia",EVNet,1,AC,AC,-33.2808147,149.0995133,Orange City Council,2800,Destination Charging R2,False,,type_only,EVNet,EVNet,False,ev_20251216.csv,False,False,False,2800,matches_existing,2800,PCODE,False,existing_retained,AC,not_specified
ev_b7de7b463980c6ccd9c716378a53e6488cf3ea1fb3cf08295436990a955986ac,,Powerhouse Hotel Tamworth by Rydges,"248 Armidale Rd
East Tamworth NSW 2340
Australia",Everty,4,AC,AC,-31.0984655,150.9407339,Tamworth Regional Council,2340,Destination Charging R2,False,,type_only,Everty,Everty,False,ev_20251216.csv,False,False,False,2340,matches_existing,2340,PCODE,False,existing_retained,AC,not_specified
ev_e62dffd26febc47b3368ce5452ecefac25e6ed550ef275dff4e760a071300b75,,Clancy's Cottage- Talbingo,"25 Bowman St
Talbingo NSW 2720
Australia",Noodoe,1,AC,AC,-35.5818285,148.3057031,Snowy Valleys Council,2720,Destination Charging R2,False,,type_only,Noodoe,Noodoe,False,ev_20251216.csv,False,False,False,2720,matches_existing,2720,PCODE,False,existing_retained,AC,not_specified
ev_5acaaf6e2bb8333e96d8861b95fdeedaed7fecb3c44e8635352e8d018833419b,,Mingara Recreation Club,"25 Buller St
Port Macquarie NSW 2444
Australia",Exploren,4,AC,AC,-31.430177,152.9017453,Port Macquarie-Hastings Council,2444,Destination Charging R1,False,,type_only,Exploren,Exploren,False,ev_20251216.csv,False,False,False,2444,matches_existing,2444,PCODE,False,existing_retained,AC,not_specified
ev_ac92d24e87fe78611ed2fc89414435f71c2028b98b1a02d504e10b30dcdaeefd,,,25 Danks St Waterloo NSW 2017,Tesla,8,DC,175 kW,-33.898174,151.2117721,"Sydney, Council of the City of",2017,Fast Charging R1,False,175.0,single_kw,Tesla,Tesla,False,ev_20251216.csv,False,False,False,2017,matches_existing,2017,PCODE,False,existing_retained,DC,not_specified
ev_585c497f85b4e9b76a5cb6fac6f8e5da7264d5ae62491b2baa0c3c514d2f5a0e,,Heritage Motor Inn Corowa,"25 Edward St
Corowa NSW 2646
Australia",Non-networked,4,AC,AC,-36.0018911,146.386422,Federation Council,2646,Destination Charging R2,False,,type_only,Non-networked,Non-networked,False,ev_20251216.csv,False,False,False,2646,matches_existing,2646,PCODE,False,existing_retained,AC,not_specified
ev_ba2b55394789620ad6e0db31800cd3c32c16e1edd6aea22d54e686fe4d2ad03c,,,"25 Llandaff St
Bondi Junction NSW 2022
Australia",PLUS ES,1,AC,22 kW,-33.8936088,151.2523594,Waverley Council,2022,Kerbside Charging R1,False,22.0,single_kw,PLUS ES,PLUS ES,False,ev_20251216.csv,False,False,False,2022,matches_existing,2022,PCODE,False,existing_retained,AC,not_specified
ev_8def0b62fa3f812358f4c9f5e5d2173d5aa4947e8b16ec812c922471efacdbe0,,Bonn Abbey,"25 Nelson St
Broke NSW 2330
Australia",Exploren,2,AC,AC,-32.7454569,151.1056388,Singleton Council,2330,Destination Charging R2,False,,type_only,Exploren,Exploren,False,ev_20251216.csv,False,False,False,2330,matches_existing,2330,PCODE,False,existing_retained,AC,not_specified
ev_5ba7766df74df15bc8b285a1f5fe3fcd62d2f4099c174794a5b4f56ee0ce9d5e,,Ingenia Holiday Parks - Old Bar Beach,"25 Old Bar Rd
Old Bar NSW 2430
Australia",Exploren,4,AC,AC,-31.9692637,152.5883759,Mid-Coast Council,2430,Destination Charging R2,False,,type_only,Exploren,Exploren,False,ev_20251216.csv,False,False,False,2430,matches_existing,2430,PCODE,False,existing_retained,AC,not_specified
ev_d80cc29ff8a0854f7b645c7ea53498b2ee1bd89f2231e266000b059a113577e6,,Gillieston Heights Community Hub,"25 Redwood Dr
Gillieston Heights NSW 2321
Australia",Exploren,2,AC,AC,-32.7643133,151.5311119,Maitland City Council,2321,Destination Charging R2,False,,type_only,Exploren,Exploren,False,ev_20251216.csv,False,False,False,2321,matches_existing,2321,PCODE,False,existing_retained,AC,not_specified
ev_00fefe6adcafba00841c54c4c1c280987e554120bdee5e85a1dfdc0bc684a030,,,"25 Rockleigh Rd
Exeter NSW 2579
Australia",Chargefox,2,AC,AC,-34.6115839,150.3263907,Wingecarribee Shire Council,2579,Destination Charging R1,False,,type_only,Chargefox,Chargefox,False,ev_20251216.csv,False,False,False,2579,matches_existing,2579,PCODE,False,existing_retained,AC,not_specified
ev_553318b771e6f90505aed7462ed6152cd6911d8efc4b4094d8adaef1c42594e3,,NRMA Parks and Resorts,"250 Sydney Rd
Kelso NSW 2795
Australia",Chargefox,2,AC,AC,-33.4185526,149.6272544,Bathurst Regional Council,2795,Destination Charging R1,False,,type_only,Chargefox,Chargefox,False,ev_20251216.csv,False,False,False,2795,matches_existing,2795,PCODE,False,existing_retained,AC,not_specified
ev_4de9500e65c4a93720eff3b33fe5a3d831ee025c58759cdd19cb19b4f57da9e7,,The Fitz Cafe & Bar,"251 Princes Hwy
Bulli NSW 2516
Australia",Charge Hub,2,AC,AC,-34.334447,150.913523,Wollongong City Council,2516,Destination Charging R2,False,,type_only,Charge Hub,Charge Hub,True,ev_20251216.csv,False,False,False,2516,matches_existing,2516,PCODE,False,existing_retained,AC,not_specified
ev_980adecdbefd94dab11e2730e1dbeaba503d74b4fd56e1b62cf426b39f46ea32,,Club Maitland City,"258 New England Hwy
Rutherford NSW 2320
Australia",EVNet,1,AC,AC,-32.7188977,151.5275371,Maitland City Council,2320,Destination Charging R1,False,,type_only,EVNet,EVNet,False,ev_20251216.csv,False,False,False,2320,matches_existing,2320,PCODE,False,existing_retained,AC,not_specified
ev_3605a56f5beec72a9f8c7ba11587e9249050bf3abce3af3e8efe931068e914eb,,Gosford RSL Club,"26 Central Coast Hwy
West Gosford NSW 2250
Australia",Exploren,4,AC,AC,-33.428325,151.3221146,Central Coast Council,2250,Destination Charging R2,False,,type_only,Exploren,Exploren,False,ev_20251216.csv,False,False,False,2250,matches_existing,2250,PCODE,False,existing_retained,AC,not_specified
ev_40cd391f381f8b4b2f40e1dd2d2c276de643d201acd307abb83c9ce036f963e6,,,"26 Manion Ave
Rose Bay NSW 2029
Australia",Chargefox,2,AC,7 kW,-33.8758207,151.2631938,Woollahra Municipal Council,2029,Kerbside Charging R1,False,7.0,single_kw,Chargefox,Chargefox,False,ev_20251216.csv,False,False,False,2029,matches_existing,2029,PCODE,False,existing_retained,AC,not_specified
ev_8c56cc19ea1f0d73f022c48f44dfd5e594cee4afc447e02378a5456856f86dfb,,,"26 Nelson St
Annandale NSW 2038
Australia",PLUS ES,1,AC,22 kW,-33.886212,151.1713996,Inner West Council,2038,Kerbside Charging R1,False,22.0,single_kw,PLUS ES,PLUS ES,False,ev_20251216.csv,False,False,False,2038,matches_existing,2038,PCODE,False,existing_retained,AC,not_specified
ev_052fc7f58d9f6f0d00ab0fde7c2ce6fb94d5bba394a10e371202d5e6f75e7efd,,,"26 Terry St
Balmain NSW 2041
Australia",EVX,2,AC,22 kW,-33.857791,151.1713403,Inner West Council,2041,Kerbside Charging R1,False,22.0,single_kw,EVX,EVX,False,ev_20251216.csv,False,False,False,2041,matches_existing,2041,PCODE,False,existing_retained,AC,not_specified
ev_9bbfe5dc40b88c35b25684fcd8e04efa27cafa104dd51836f34ec7758d3eecc2,,,"260 Victoria Avenue, Chatswood, NSW 2067",Tesla,8,DC,175 kW,-33.7949453,151.188291,Willoughby City Council,2067,Fast Charging R1,False,175.0,single_kw,Tesla,Tesla,False,ev_20251216.csv,True,False,True,2067,matches_existing,2067,PCODE,False,existing_retained,DC,not_specified
ev_d736abd8de74ec7773243b0257f46cdf95f63948cce88052a0cce8675c95ec11,,,"261 Clovelly Rd
Clovelly NSW 2031
Australia",PLUS ES,1,AC,22 kW,-33.9115788,151.2564223,Randwick City Council,2031,Kerbside Charging R1,False,22.0,single_kw,PLUS ES,PLUS ES,False,ev_20251216.csv,False,False,False,2031,matches_existing,2031,PCODE,False,existing_retained,AC,not_specified
ev_16f8b1871f839b1a63e1edccc490d8069986c81cbfdd11e45024c341ab719933,,Maitland Town Hall,"263 High St
Maitland NSW 2320
Australia",Exploren,2,AC,AC,-32.7376522,151.5604535,Maitland City Council,2320,Destination Charging R2,False,,type_only,Exploren,Exploren,False,ev_20251216.csv,False,False,False,2320,matches_existing,2320,PCODE,False,existing_retained,AC,not_specified
ev_4eb8ad8b6d8c4f9d40f1f2b4f352544dccfeb701d90900896467cfd196e4f6d8,,RedGround Truffle Hunting Lodge,"264 Titania Rd
Oberon NSW 2787
Australia",CasaCharge,1,AC,AC,-33.7443531,149.9004522,Oberon Council,2787,Destination Charging R2,False,,type_only,CasaCharge,CasaCharge,False,ev_20251216.csv,False,False,False,2787,matches_existing,2787,PCODE,False,existing_retained,AC,not_specified
ev_8961e0ab5b19ad3b97e11d1b28fa0be0566cc7a3df1f0f305900306303e3670e,,,"266 Johnston St
Annandale NSW 2038
Australia",PLUS ES,1,AC,22 kW,-33.8749694,151.1732067,Inner West Council,2038,Kerbside Charging R1,False,22.0,single_kw,PLUS ES,PLUS ES,False,ev_20251216.csv,False,False,False,2038,matches_existing,2038,PCODE,False,existing_retained,AC,not_specified
ev_5401977ac140a3de0b6c7daf331878e9cd1ee6d63c7642b44dd0ded780a3ae43,,,"267 Maroubra Rd
Maroubra NSW 2035
Australia",PLUS ES,1,AC,7 kW,-33.9424313,151.2427991,Randwick City Council,2035,Kerbside Charging R1,False,7.0,single_kw,PLUS ES,PLUS ES,False,ev_20251216.csv,False,False,False,2035,matches_existing,2035,PCODE,False,existing_retained,AC,not_specified
ev_1ef3735e9acbed8a5ed9cfad7dfadab63d663d3a5795cdc6f5111aaf78d86431,,,"27 Bennett St
Bondi NSW 2026
Australia",PLUS ES,1,AC,7 kW,-33.8953838,151.2600613,Waverley Council,2026,Kerbside Charging R1,False,7.0,single_kw,PLUS ES,PLUS ES,False,ev_20251216.csv,False,False,False,2026,matches_existing,2026,PCODE,False,existing_retained,AC,not_specified
ev_4e26117bfff1a8470923d9e4a80c4863a444b3340dfa5972c021c6453b3bb527,,,"27 Campbell Pde
Manly Vale NSW 2093
Australia",EVX,2,AC,22 kW,-33.7814631,151.2707417,Northern Beaches Council,2093,Kerbside Charging R1,False,22.0,single_kw,EVX,EVX,False,ev_20251216.csv,False,False,False,2093,matches_existing,2093,PCODE,False,existing_retained,AC,not_specified
ev_f5112ea151c84c76f527ed0b58d131dca6c6486b05f0c8863d26937e218c4fc6,,,"270 Johnston St
Annandale NSW 2038
Australia",PLUS ES,1,AC,22 kW,-33.874576,151.1734268,Inner West Council,2038,Kerbside Charging R1,False,22.0,single_kw,PLUS ES,PLUS ES,False,ev_20251216.csv,False,False,False,2038,matches_existing,2038,PCODE,False,existing_retained,AC,not_specified
ev_b3623854bfdb20da36b58dcc7344d809d0ccb2b30e01aca63cb323e25b35a104,,,"272 Johnston St
Annandale NSW 2038
Australia",PLUS ES,1,AC,22 kW,-33.8743184,151.1733625,Inner West Council,2038,Kerbside Charging R1,False,22.0,single_kw,PLUS ES,PLUS ES,False,ev_20251216.csv,False,False,False,2038,matches_existing,2038,PCODE,False,existing_retained,AC,not_specified
ev_316f3ed250da51aa1378af6ca57233afaa5a7c1173651cc951186ec4e8b5fac5,,,"276 Birrell St
Bondi NSW 2026
Australia",PLUS ES,1,AC,7 kW,-33.8970528,151.2607049,Waverley Council,2026,Kerbside Charging R1,False,7.0,single_kw,PLUS ES,PLUS ES,False,ev_20251216.csv,False,False,False,2026,matches_existing,2026,PCODE,False,existing_retained,AC,not_specified
ev_bd87941f76271612784e7a9e0521ad0f1a0743e33db9ead63b93727469c0ec05,,Club Maitland City,"279 New England Hwy
Rutherford NSW 2320
Australia",EVNet,2,AC,AC,-32.7172344,151.5254651,Maitland City Council,2320,Destination Charging R1,False,,type_only,EVNet,EVNet,False,ev_20251216.csv,False,False,False,2320,matches_existing,2320,PCODE,False,existing_retained,AC,not_specified
ev_7e8a047c47a6bb45091a9b5e7b4c34fb24b95f998e251cef5ab0b0ddb42ee624,,RIKARD Wines,"279 Old Canobolas Rd
Nashdale NSW 2800
Australia",Exploren,2,AC,AC,-33.3169464,148.9858426,Cabonne Council,2800,Destination Charging R2,False,,type_only,Exploren,Exploren,False,ev_20251216.csv,False,False,False,2800,matches_existing,2800,PCODE,False,existing_retained,AC,not_specified
ev_13b27a6e276e5aa5d6a6085916ba428bf6dea493c88a0a07322356029b7da069,,,"28 Kenneth St
Tamarama NSW 2026
Australia",Chargefox,2,AC,22 kW,-33.898383,151.274253,Waverley Council,2026,Kerbside Charging R1,False,22.0,single_kw,Chargefox,Chargefox,False,ev_20251216.csv,False,False,False,2026,matches_existing,2026,PCODE,False,existing_retained,AC,not_specified
ev_0519c902ed6e0e9e4c05b57d613e8bc69e85d0b35c6e9f51f44c48127f7fce70,,,"2-8 Turramurra Ave
Turramurra NSW 2074
Australia",Evie Networks,4,DC,75 kW,-33.732342,151.1304142,Ku-ring-gai Council,2074,Kerbside Charging R1,False,75.0,single_kw,Evie Networks,Evie,False,ev_20251216.csv,False,False,False,2074,matches_existing,2074,PCODE,False,existing_retained,DC,not_specified
ev_c029d52fb2b138be68bbd9e564299f87e78b8a4d383ac785cc78ad2bb416cd16,,,"284 Old South Head Rd
Watsons Bay NSW 2030
Australia",EVX,2,AC,22 kW,-33.8467366,151.2836756,Woollahra Municipal Council,2030,Kerbside Charging R1,False,22.0,single_kw,EVX,EVX,False,ev_20251216.csv,False,False,False,2030,matches_existing,2030,PCODE,False,existing_retained,AC,not_specified
ev_731c264debecca624c8dccdb20ab2cf2991271cb94f194d1a87e5652f50ecda0,,,"287 Ramsay St
Haberfield NSW 2045
Australia",PLUS ES,1,AC,22 kW,-33.8735025,151.1336508,Inner West Council,2045,Kerbside Charging R1,False,22.0,single_kw,PLUS ES,PLUS ES,False,ev_20251216.csv,False,False,False,2045,matches_existing,2045,PCODE,False,existing_retained,AC,not_specified
ev_8c3270ef971011c8edf4f98f18c53f684d3f793aae99ca5dcdb0c4be21003de8,,Five Mile Hotel,"289 Armidale Rd
South Grafton NSW 2460
Australia",Non-networked,4,AC,AC,-29.734395,152.9400538,Clarence Valley Council,2460,Destination Charging R2,False,,type_only,Non-networked,Non-networked,False,ev_20251216.csv,False,False,False,2460,matches_existing,2460,PCODE,False,existing_retained,AC,not_specified
ev_b4fb5aed628054ee5fc1eb39877b70b5719cb3b8310409bd2ff3a9d1c7b12dab,,Moruya Golf Club,"28A Evans St
Moruya NSW 2537
Australia",Non-networked,2,AC,AC,-35.9140608,150.0752376,Eurobodalla Shire Council,2537,Destination Charging R1,False,,type_only,Non-networked,Non-networked,False,ev_20251216.csv,False,False,False,2537,matches_existing,2537,PCODE,False,existing_retained,AC,not_specified
ev_d40e991d0e668b90efbc82f65d02bc0e06ddc661f97890694fa709675d4b702c,,,"29 Carrington Road
Waverley NSW 2024
Australia",EVX,2,AC,22 kW,-33.8986388,151.2530464,Waverley Council,2024,Kerbside Charging R1,False,22.0,single_kw,EVX,EVX,False,ev_20251216.csv,False,False,False,2024,matches_existing,2024,PCODE,False,existing_retained,AC,not_specified
ev_334edbd8ecf18bc410d78a73c22d24669457d60e5e481b3507508f1769664798,,,"29 Day St
Leichhardt NSW 2040
Australia",PLUS ES,1,AC,7 kW,-33.8844318,151.1550948,Inner West Council,2040,Kerbside Charging R1,False,7.0,single_kw,PLUS ES,PLUS ES,False,ev_20251216.csv,False,False,False,2040,matches_existing,2040,PCODE,False,existing_retained,AC,not_specified
ev_2431c310b41f38cb3cc9c5fcd504017a84ff903a0f29a3864823a3ac91a02272,,,"29 Perry St, Euston NSW 2737, Australia",NRMA,4,DC,175 kW,-34.5765963,142.7428195,Balranald Shire Council,2737,Fast Charging R1,False,175.0,single_kw,NRMA,NRMA,False,ev_20251216.csv,False,False,False,2737,matches_existing,2737,PCODE,False,existing_retained,DC,not_specified
ev_f8e7d2aaede6b3e2ab56e140efd200e241d2428d27267ec290480fd6477cb635,,Sapphire Valley Caravan Park,"29 Sapphire Coast Dr
Merimbula NSW 2548
Australia",EVUp,6,AC,AC,-36.8842524,149.9045325,Bega Valley Shire Council,2548,Destination Charging R1,False,,type_only,EVUp,EVUp,False,ev_20251216.csv,False,False,False,2548,matches_existing,2548,PCODE,False,existing_retained,AC,not_specified
ev_26dcb8e79d8435baf85ef26bdf50c73ba17723b881f82d8f15dc09515e3b7d7b,,Kyogle Council,"29 Woodenbong Rd
Bonalbo NSW 2469
Australia",Exploren,2,AC,AC,-28.7386099,152.6283683,Kyogle Council,2469,Destination Charging R1,False,,type_only,Exploren,Exploren,False,ev_20251216.csv,False,False,False,2469,matches_existing,2469,PCODE,False,existing_retained,AC,not_specified
ev_9bc6e0504dbe5474bd6a93fce3bc73ddaff7d6b4dae3addf3a1781f491973a9b,,291 on King,"291 King St
Newcastle NSW 2300
Australia",Charge Hub,4,AC,AC,-32.9288327,151.7679962,Newcastle City Council,2300,Destination Charging R2,False,,type_only,Charge Hub,Charge Hub,True,ev_20251216.csv,False,False,False,2300,matches_existing,2300,PCODE,False,existing_retained,AC,not_specified
ev_03d06dce30e7ce0846fd4fb6477aa1cc9ad46e04752a37f3823a14a3b14a767e,,Hanging Tree Wines,"294 O'Connors Rd
Pokolbin NSW 2320
Australia",Chargefox,2,AC,AC,-32.808154,151.3179387,Cessnock City Council,2320,Destination Charging R1,False,,type_only,Chargefox,Chargefox,False,ev_20251216.csv,False,False,False,2320,matches_existing,2320,PCODE,False,existing_retained,AC,not_specified
ev_5b26b6419bf44851a49a9b317dee05dffeaad2aa6dd1ad1e0a5e1a8ca5aa024a,,,"2A Central St
Naremburn NSW 2065
Australia",EVX,2,AC,22 kW,-33.8160598,151.2013094,Willoughby City Council,2065,Kerbside Charging R1,False,22.0,single_kw,EVX,EVX,False,ev_20251216.csv,False,False,False,2065,matches_existing,2065,PCODE,False,existing_retained,AC,not_specified
ev_01ecfc04803f6d79e197d46a8bcf58de43b1f3b4c2b1cd28567e8511f1d40627,,,"2A Frances St
Randwick NSW 2031
Australia",PLUS ES,1,AC,22 kW,-33.9102062,151.2368764,Randwick City Council,2031,Kerbside Charging R1,False,22.0,single_kw,PLUS ES,PLUS ES,False,ev_20251216.csv,False,False,False,2031,matches_existing,2031,PCODE,False,existing_retained,AC,not_specified
ev_bf0fe9614bb5735ea3ffafa7569f3898d4eab84ea0529d3cca996cf5b5312ecb,,,"2A Liverpool St
Rose Bay NSW 2029
Australia",PLUS ES,1,AC,22 kW,-33.8750114,151.2730705,Waverley Council,2029,Kerbside Charging R1,False,22.0,single_kw,PLUS ES,PLUS ES,False,ev_20251216.csv,False,False,False,2029,matches_existing,2029,PCODE,False,existing_retained,AC,not_specified
ev_3fcb4abe7aa058207572aa0e43a8c15472e9da82bfe36752dbb1ce7890afe0c3,,Redhead Beach Carpark,"2B Beach Rd
Redhead NSW 2290
Australia",Everty,2,AC,AC,-33.0141162,151.7168291,Lake Macquarie City Council,2290,Destination Charging R2,False,,type_only,Everty,Everty,False,ev_20251216.csv,False,False,False,2290,matches_existing,2290,PCODE,False,existing_retained,AC,not_specified
ev_3902465d05a50cc1c8fbf24f9bf8773975854db79dbf20d6096e510a49632e46,,Club Lithgow,"2C Lithgow St
Lithgow NSW 2790
Australia",EVSE,4,AC,AC,-33.4853431,150.1520203,"Lithgow Council, City of",2790,Destination Charging R2,False,,type_only,EVSE,EVSE,False,ev_20251216.csv,False,False,False,2790,matches_existing,2790,PCODE,False,existing_retained,AC,not_specified
ev_9f65229816dbd0bcbab34f6cd6afaa6bce257aff92ade13e648dbf53e75a7140,,The Entrance Leagues Club,"3 Bay Village Rd
Bateau Bay NSW 2261
Australia",Exploren,4,AC,AC,-33.3773813,151.4733724,Central Coast Council,2261,Destination Charging R1,False,,type_only,Exploren,Exploren,False,ev_20251216.csv,False,False,False,2261,matches_existing,2261,PCODE,False,existing_retained,AC,not_specified
ev_3b3f86039db3193c9271e995cb4c0a2db0ede6a8ea2cb98fc4a976d3d7906371,,,"3 Botany St
Bondi Junction NSW 2022
Australia",PLUS ES,1,AC,22 kW,-33.8933419,151.2539399,Waverley Council,2022,Kerbside Charging R1,False,22.0,single_kw,PLUS ES,PLUS ES,False,ev_20251216.csv,False,False,False,2022,matches_existing,2022,PCODE,False,existing_retained,AC,not_specified
ev_8b656bc8802ca191ff2ddd0556f41a05cac88acb1f7b989587791c692380acd1,,,"3 Carlton St
Kensington NSW 2033
Australia",PLUS ES,1,AC,7 kW,-33.9056579,151.2256581,Randwick City Council,2033,Kerbside Charging R1,False,7.0,single_kw,PLUS ES,PLUS ES,False,ev_20251216.csv,False,False,False,2033,matches_existing,2033,PCODE,False,existing_retained,AC,not_specified
ev_f028ab0002f613397d80808ab5cf5a1acbeaa4ea9d229ab13da2380bea6ba8a9,,,"3 Gladstone St
Newtown NSW 2042
Australia",PLUS ES,1,AC,22 kW,-33.8975353,151.1750044,Inner West Council,2042,Kerbside Charging R1,False,22.0,single_kw,PLUS ES,PLUS ES,False,ev_20251216.csv,False,False,False,2042,matches_existing,2042,PCODE,False,existing_retained,AC,not_specified
ev_c2f4e86d0dc89f495b93f85afd7074805b584f6a0ea06fce3cc4d42789af58cf,,,"3 Wardell Rd
Lewisham NSW 2049
Australia",PLUS ES,1,AC,7 kW,-33.8973542,151.1490328,Inner West Council,2049,Kerbside Charging R1,False,7.0,single_kw,PLUS ES,PLUS ES,False,ev_20251216.csv,False,False,False,2049,matches_existing,2049,PCODE,False,existing_retained,AC,not_specified
ev_3ae4e0b8af8ac852ece8b4e6f755d72f2ff2ef96290e00042d12f6d86383e284,,,"3 Weston St
Balmain East NSW 2041
Australia",EVX,2,AC,22 kW,-33.8573832,151.1953325,Inner West Council,2041,Kerbside Charging R1,False,22.0,single_kw,EVX,EVX,False,ev_20251216.csv,False,False,False,2041,matches_existing,2041,PCODE,False,existing_retained,AC,not_specified
ev_55de58a3c3aff018e89147702051d11a8b823b682010122c9bb7c55553174b75,,,"3 William St
Randwick NSW 2031
Australia",PLUS ES,1,AC,7 kW,-33.9072495,151.2348588,Randwick City Council,2031,Kerbside Charging R1,False,7.0,single_kw,PLUS ES,PLUS ES,False,ev_20251216.csv,False,False,False,2031,matches_existing,2031,PCODE,False,existing_retained,AC,not_specified
ev_f23f2052c310347d51a6e43c243cbf480a322ee0e599a557dbf19909cb4fde99,,Muswellbrook Accommodation,"3/47 Scott St
Muswellbrook NSW 2333
Australia",Smart Charge,1,AC,AC,-32.2579664,150.8853927,Muswellbrook Shire Council,2333,Destination Charging R2,False,,type_only,Smart Charge,Smart Charge,False,ev_20251216.csv,False,False,False,2333,matches_existing,2333,PCODE,False,existing_retained,AC,not_specified
ev_c336ac926d38e63a7ffd0f3facc0fff9bada2fee9d0f62cce42a5ac8efbe5648,,Corowa RSL Club,"30 Betterment Pde
Corowa NSW 2646
Australia",Elanga,4,AC,AC,-35.9952414,146.3860076,Federation Council,2646,Destination Charging R1,False,,type_only,Elanga,Elanga,False,ev_20251216.csv,False,False,False,2646,matches_existing,2646,PCODE,False,existing_retained,AC,not_specified
ev_2be7e8c3ea9ee1b8df16a53aef68f0b4a4a51ef4be68568d3b6974cdb6b0b657,,Lake Macquarie Council,"30 Gommera St
Blacksmiths NSW 2281
Australia",Everty,3,AC,AC,-33.08079,151.6520571,Lake Macquarie City Council,2281,Destination Charging R1,False,,type_only,Everty,Everty,False,ev_20251216.csv,False,False,False,2281,matches_existing,2281,PCODE,False,existing_retained,AC,not_specified
ev_2cb33c8f3de02d5de643ffab5fa75ab8a826c02f3f279b140bafe11e23900d90,,,"30 Hill St
Marrickville NSW 2204
Australia",EVE Australia,4,AC,22 kW,-33.917825,151.1456355,Inner West Council,2204,Kerbside Charging R1,False,22.0,single_kw,EVE Australia,EVE Australia,False,ev_20251216.csv,False,False,False,2204,matches_existing,2204,PCODE,False,existing_retained,AC,not_specified
ev_e977724d9e9ff4febf08cf28fc8e8dc951e96310602ef5f67abc25ea11ed8427,,,"30 Little St
Lane Cove NSW 2066
Australia",PLUS ES,1,AC,7 kW,-33.8156081,151.1716817,Lane Cove Municipal Council,2066,Kerbside Charging R1,False,7.0,single_kw,PLUS ES,PLUS ES,False,ev_20251216.csv,False,False,False,2066,matches_existing,2066,PCODE,False,existing_retained,AC,not_specified
ev_697938dd98fb46592541d452d352455431c084f16811f1f2d836370c8aae532d,,,"30 Military Road
North Bondi NSW 2026
Australia",EVX,2,AC,22 kW,-33.8857701,151.2842064,Waverley Council,2026,Kerbside Charging R1,False,22.0,single_kw,EVX,EVX,False,ev_20251216.csv,False,False,False,2026,matches_existing,2026,PCODE,False,existing_retained,AC,not_specified
ev_febe86ae4dbcc69d7e28f3f325544606b9ab4bca8c7961e8e0d0725c1149a92a,,,"30 The Esplanade
Narrabeen NSW 2101
Australia",EVX,2,AC,22 kW,-33.7195338,151.2888594,Northern Beaches Council,2101,Kerbside Charging R1,False,22.0,single_kw,EVX,EVX,False,ev_20251216.csv,False,False,False,2101,matches_existing,2101,PCODE,False,existing_retained,AC,not_specified
ev_126e724a74b15813ec92f38596eed18f69873d6df037f3bf135a405761810ea3,,Orange Botanic Gardens,"300 Hill St
Orange NSW 2800
Australia",Exploren,4,AC,AC,-33.2562881,149.0975511,Orange City Council,2800,Destination Charging R2,False,,type_only,Exploren,Exploren,False,ev_20251216.csv,False,False,False,2800,matches_existing,2800,PCODE,False,existing_retained,AC,not_specified
ev_14caa02fdc81bd8b156bcf1e00ed86f7e5aa8bec2881d07166bc5c487a709225,,Ingenia Holiday Park - Ulladulla,"300 Kings Point Dr
Ulladulla NSW 2539
Australia",Exploren,4,AC,AC,-35.3729386,150.4636728,Shoalhaven City Council,2539,Destination Charging R2,False,,type_only,Exploren,Exploren,False,ev_20251216.csv,False,False,False,2539,matches_existing,2539,PCODE,False,existing_retained,AC,not_specified
ev_2eacfa97cf7ead5e6ba08792b901e9d3148d8f0a4d81393a781bbc66670afb14,,Antikvorem,"3020 Old Hume Hwy
Berrima NSW 2577
Australia",Elanga,8,AC,AC,-34.4656894,150.3623985,Wingecarribee Shire Council,2577,Destination Charging R1,False,,type_only,Elanga,Elanga,False,ev_20251216.csv,False,False,False,2577,matches_existing,2577,PCODE,False,existing_retained,AC,not_specified
ev_cda1c3ecb1e64758b6e290746ee9758de894b53a4d78f94a88d8386391cb4b62,,,"31 Boronia St
Kensington NSW 2033
Australia",PLUS ES,1,AC,7 kW,-33.9062996,151.2231535,Randwick City Council,2033,Kerbside Charging R1,False,7.0,single_kw,PLUS ES,PLUS ES,False,ev_20251216.csv,False,False,False,2033,matches_existing,2033,PCODE,False,existing_retained,AC,not_specified
ev_7842c3315672ba2b0cf5ab94eab543f9a339666bf14b20ebd9b90df73eda1735,,,"31 Cobra St
Dubbo NSW 2830
Australia",Exploren,2,AC,AC,-32.2538679,148.602311,Dubbo Regional Council,2830,Destination Charging R1,False,,type_only,Exploren,Exploren,False,ev_20251216.csv,False,False,False,2830,matches_existing,2830,PCODE,False,existing_retained,AC,not_specified
ev_0f40ab118f25fb9bba3f4d9ed09b9c7f7898c547ab759f96b714c445164796ee,,The Mudgee Homestead Guesthouse,"31 Coorumbene Rd
Buckaroo NSW 2850
Australia",EVUp,2,AC,AC,-32.5575824,149.6503239,Mid-Western Regional Council,2850,Destination Charging R1,False,,type_only,EVUp,EVUp,False,ev_20251216.csv,False,False,False,2850,matches_existing,2850,PCODE,False,existing_retained,AC,not_specified
ev_8b06a8a895b9ba4dd2addb4dfbe2328fcd993a6f30e1fc1ebf30938a0d4b7789,,,"31 Diamond Bay Rd
Vaucluse NSW 2030
Australia",PLUS ES,1,AC,7 kW,-33.8618419,151.2807593,Waverley Council,2030,Kerbside Charging R1,False,7.0,single_kw,PLUS ES,PLUS ES,False,ev_20251216.csv,False,False,False,2030,matches_existing,2030,PCODE,False,existing_retained,AC,not_specified
ev_7f852323858063998930baca9109d7133a5da557a567c0cfec2c16456b25d7cb,,,"31 Duxford St
Paddington NSW 2021
Australia",PLUS ES,1,AC,22 kW,-33.8832219,151.2290743,Woollahra Municipal Council,2021,Kerbside Charging R1,False,22.0,single_kw,PLUS ES,PLUS ES,False,ev_20251216.csv,False,False,False,2021,matches_existing,2021,PCODE,False,existing_retained,AC,not_specified
ev_12fbace4db30d6b4fcd47a1e525002874ab0072ce46ea9b20e2565869799670a,,,"31 Mallett St
Camperdown NSW 2050
Australia",PLUS ES,1,AC,7 kW,-33.887359,151.1765863,"Sydney, Council of the City of",2050,Kerbside Charging R1,False,7.0,single_kw,PLUS ES,PLUS ES,False,ev_20251216.csv,False,False,False,2050,matches_existing,2050,PCODE,False,existing_retained,AC,not_specified
ev_80b43615dc09cd2c57df9a73dfad05cac69fdf2ab6f62d7e155fd6b850487414,,,"31 Moate St
Georgetown NSW 2298
Australia",Chargefox,2,DC,60 kW,-32.90876,151.7296847,Newcastle City Council,2298,Kerbside Charging R1,False,60.0,single_kw,Chargefox,Chargefox,False,ev_20251216.csv,False,False,False,2298,matches_existing,2298,PCODE,False,existing_retained,DC,not_specified
ev_a3809d8a67e33230e037faa3f9ccfee6b2672b799e8e56e5d2740c9b33757ddb,,Strikes,"31 Strikes Ln
Eurunderee NSW 2850
Australia",Noodoe,3,AC,AC,-32.5220206,149.6135511,Mid-Western Regional Council,2850,Destination Charging R2,False,,type_only,Noodoe,Noodoe,False,ev_20251216.csv,False,False,False,2850,matches_existing,2850,PCODE,False,existing_retained,AC,not_specified
ev_c2488e7bacb7b26e6f071905419eee7b45eeeca5b7662793e50a4ef72000bbbc,,CH Boutique Apartments The Ringers Road,"31 The Ringers Rd
Hillvue NSW 2340
Australia",Noodoe,2,AC,AC,-31.1277097,150.9203955,Tamworth Regional Council,2340,Destination Charging R2,False,,type_only,Noodoe,Noodoe,False,ev_20251216.csv,False,False,False,2340,matches_existing,2340,PCODE,False,existing_retained,AC,not_specified
ev_3b8793b14bfd088dac268e8c0fd8359356cd5c27e83f4fc16774fcd0e64f4a70,,,"32 Belmore St
Enmore NSW 2042
Australia",PLUS ES,1,AC,7 kW,-33.8983449,151.1724925,Inner West Council,2042,Kerbside Charging R1,False,7.0,single_kw,PLUS ES,PLUS ES,False,ev_20251216.csv,False,False,False,2042,matches_existing,2042,PCODE,False,existing_retained,AC,not_specified
ev_c3e286e80816a0e63cca651e431c813744ee6f6e71ba408db7a5d6586659a19c,,,"32 Liverpool St
Rose Bay NSW 2029
Australia",PLUS ES,1,AC,7 kW,-33.875252,151.2749572,Waverley Council,2029,Kerbside Charging R1,False,7.0,single_kw,PLUS ES,PLUS ES,False,ev_20251216.csv,False,False,False,2029,matches_existing,2029,PCODE,False,existing_retained,AC,not_specified
ev_027b829d99fddf02b2d1c3a374dfa40a5b82901cd75e56d28ff17e093813ac82,,,"32 Riverstone Pde
Riverstone NSW 2765
Australia",EVX,2,AC,22 kW,-33.6779251,150.8606246,Blacktown City Council,2765,Kerbside Charging R1,False,22.0,single_kw,EVX,EVX,False,ev_20251216.csv,False,False,False,2765,matches_existing,2765,PCODE,False,existing_retained,AC,not_specified
ev_805238d1a7590bf195e80be4875c222b619729fd2fd93264ad5d06515b34fca9,,,"322 Bourke St
Surry Hills NSW 2010
Australia",EVX,2,AC,22 kW,-33.8820009,151.2166446,"Sydney, Council of the City of",2010,Kerbside Charging R1,False,22.0,single_kw,EVX,EVX,False,ev_20251216.csv,False,False,False,2010,matches_existing,2010,PCODE,False,existing_retained,AC,not_specified
ev_0589601f840feadda6187d1a5625fd64e622b75ff1f3f7594fdf8e4984a9053a,,,"326 Birrell St
Bondi NSW 2026
Australia",PLUS ES,1,AC,7 kW,-33.8975861,151.264592,Waverley Council,2026,Kerbside Charging R1,False,7.0,single_kw,PLUS ES,PLUS ES,False,ev_20251216.csv,False,False,False,2026,matches_existing,2026,PCODE,False,existing_retained,AC,not_specified
ev_7ad0d95a0cbaa67a728b6f9d2856a80369fb1cff88dffacae0a4fb5f5ea949b2,,Narara Ecovillage,"33 Gugandi Rd
Narara NSW 2250
Australia",EVSE,3,AC,AC,-33.3931163,151.3286306,Central Coast Council,2250,Destination Charging R2,False,,type_only,EVSE,EVSE,False,ev_20251216.csv,True,False,True,2250,matches_existing,2250,PCODE,False,existing_retained,AC,not_specified
ev_f581f77026313d810281e1cd070f105468395900690b49b7a6515ccc40e0d3b8,,The Bay Hotel,"330 Fishery Point Rd
Bonnells Bay NSW 2264
Australia",EVSE,2,AC,AC,-33.1110339,151.5322174,Lake Macquarie City Council,2264,Destination Charging R2,False,,type_only,EVSE,EVSE,False,ev_20251216.csv,False,False,False,2264,matches_existing,2264,PCODE,False,existing_retained,AC,not_specified
ev_95c52bf25c5fb202eddf33a45d1e058a3e3fa6078f05eecb3db68eb0a1be0d05,,Nimbo Fork Lodge,"330 Nimbo Rd
Killimicat NSW 2720
Australia",Everty,2,AC,AC,-35.190695,148.20606,Snowy Valleys Council,2720,Destination Charging R2,False,,type_only,Everty,Everty,False,ev_20251216.csv,False,False,False,2720,matches_existing,2720,PCODE,False,existing_retained,AC,not_specified
ev_79590405527c5d6827b34902b93fb729271a20835a21f37ec35c0bb4fa466d12,,Four Cats Coffee,"33-35 Warne St
Wellington NSW 2820
Australia",Chargefox,4,AC,AC,-32.5515142,148.9421831,Dubbo Regional Council,2820,Destination Charging R2,False,,type_only,Chargefox,Chargefox,False,ev_20251216.csv,False,False,False,2820,matches_existing,2820,PCODE,False,existing_retained,AC,not_specified
ev_3a7ef93c94ddc5939d7bb2af6c660ef79936233b61d4ab7330f4ee8ea7609eec,,,"34 Chandos St
Ashfield NSW 2131
Australia",PLUS ES,1,AC,7 kW,-33.883434,151.128646,Inner West Council,2131,Kerbside Charging R1,False,7.0,single_kw,PLUS ES,PLUS ES,False,ev_20251216.csv,False,False,False,2131,matches_existing,2131,PCODE,False,existing_retained,AC,not_specified
ev_47479cb5dfe81c20dc96f27da5f4f5c37a0a34d13cb559c5dd6671b14785e588,,,"34 Myra Rd
Dulwich Hill NSW 2203
Australia",EVE Australia,2,AC,22 kW,-33.9079415,151.1356726,Inner West Council,2203,Kerbside Charging R1,False,22.0,single_kw,EVE Australia,EVE Australia,False,ev_20251216.csv,False,False,False,2203,matches_existing,2203,PCODE,False,existing_retained,AC,not_specified
ev_6f68886f46ff29b50c1de0ad830fae55675dc3ec295092817d2a2c59c6432d5e,,,"34 Spencer St
Rose Bay NSW 2029
Australia",PLUS ES,1,AC,22 kW,-33.8697722,151.2747449,Woollahra Municipal Council,2029,Kerbside Charging R1,False,22.0,single_kw,PLUS ES,PLUS ES,False,ev_20251216.csv,False,False,False,2029,matches_existing,2029,PCODE,False,existing_retained,AC,not_specified
ev_7e9a05bb37e8c5a057527d91e3ccaba9f747af6b2844f63449a540a7a196ab92,,,"34C Taylor St
Annandale NSW 2038
Australia",EVX,2,AC,22 kW,-33.8833648,151.1742876,Inner West Council,2038,Kerbside Charging R1,False,22.0,single_kw,EVX,EVX,False,ev_20251216.csv,False,False,False,2038,matches_existing,2038,PCODE,False,existing_retained,AC,not_specified
ev_34fa4f7db23cb6386a932867673060d5e7ef63f9eea51e2c47edd0e9958ab84e,,,"35 Diamond Bay Rd
Vaucluse NSW 2030
Australia",PLUS ES,1,AC,7 kW,-33.8613437,151.2805579,Waverley Council,2030,Kerbside Charging R1,False,7.0,single_kw,PLUS ES,PLUS ES,False,ev_20251216.csv,False,False,False,2030,matches_existing,2030,PCODE,False,existing_retained,AC,not_specified
ev_77e8667b62dcb72ce73dbe2e46d32b0d30ce0474173a75995f79c526b60c8570,,,"35 Fitzroy St
Marrickville NSW 2204
Australia",EVX,2,AC,22 kW,-33.9096267,151.1658699,Inner West Council,2204,Kerbside Charging R1,False,22.0,single_kw,EVX,EVX,False,ev_20251216.csv,False,False,False,2204,matches_existing,2204,PCODE,False,existing_retained,AC,not_specified
ev_0d6795012fdf04d22a69bdff7559231f4c9682cf30f5815349502536ffad0e5c,,,"35 Gould Ave
Lewisham NSW 2049
Australia",PLUS ES,1,AC,22 kW,-33.8995583,151.1471696,Inner West Council,2049,Kerbside Charging R1,False,22.0,single_kw,PLUS ES,PLUS ES,False,ev_20251216.csv,False,False,False,2049,matches_existing,2049,PCODE,False,existing_retained,AC,not_specified
ev_dd8379be4c4c873c330f915d9504b4299568a4b0177e6f923bf59515271f1b94,,,"35 Holmwood St
Newtown NSW 2042
Australia",PLUS ES,1,AC,22 kW,-33.9040698,151.178539,Inner West Council,2042,Kerbside Charging R1,False,22.0,single_kw,PLUS ES,PLUS ES,False,ev_20251216.csv,False,False,False,2042,matches_existing,2042,PCODE,False,existing_retained,AC,not_specified
ev_7bcb819cfe479377b514c30c34be8b806cce17478bc18022e50c8c8f33ed4f60,,Bendalong (Manchester Lane Nashdale),"35 Manchester Ln
Nashdale NSW 2800
Australia",EVSE,1,AC,AC,-33.3036809,149.0392395,Cabonne Council,2800,Destination Charging R2,False,,type_only,EVSE,EVSE,False,ev_20251216.csv,False,False,False,2800,matches_existing,2800,PCODE,False,existing_retained,AC,not_specified
ev_07e8a2caa5661c33b3e480d2ed1826504351a94f41f0b4747989c9efded9c24a,,,"35 Metropolitan Rd
Enmore NSW 2042
Australia",PLUS ES,1,AC,22 kW,-33.9005438,151.1721734,Inner West Council,2042,Kerbside Charging R1,False,22.0,single_kw,PLUS ES,PLUS ES,False,ev_20251216.csv,False,False,False,2042,matches_existing,2042,PCODE,False,existing_retained,AC,not_specified
ev_65f5674d8e31af18443959a4e6aa625dc28c1e80994a99673050d4b516d77b62,,JETTY MOTEL THE ENTRANCE,"353 The Entrance Rd
Long Jetty NSW 2261
Australia",EVUp,3,AC,AC,-33.3542628,151.4872987,Central Coast Council,2261,Destination Charging R1,False,,type_only,EVUp,EVUp,False,ev_20251216.csv,False,False,False,2261,matches_existing,2261,PCODE,False,existing_retained,AC,not_specified
ev_851e0c852458e151e034dff16eea5d443178babb1b0b51d9a2ef96165aa022c5,,,"35-37 Ocean St
Bondi NSW 2026
Australia",Chargefox,2,AC,22 kW,-33.8922308,151.2623152,Waverley Council,2026,Kerbside Charging R1,False,22.0,single_kw,Chargefox,Chargefox,False,ev_20251216.csv,False,False,False,2026,matches_existing,2026,PCODE,False,existing_retained,AC,not_specified
ev_9d14b904182d293eb36d8fcc4e7f60a8fd4e9e5143411e4aaee54bdcdc9f82a9,,Gowing Bros,"35-61 Harbour Dr
Coffs Harbour NSW 2450
Australia",Smart Charge,2,AC,AC,-30.2970627,153.115799,Coffs Harbour City Council,2450,Destination Charging R1,False,,type_only,Smart Charge,Smart Charge,False,ev_20251216.csv,False,False,False,2450,matches_existing,2450,PCODE,False,existing_retained,AC,not_specified
ev_781acfc48a90e4aed762233f6678e51315e4599cb343e495f581509d39c7f9ac,,Tamburlaine Organic Wines,"358 McDonalds Rd
Pokolbin NSW 2320
Australia",EVNet,2,AC,AC,-32.7821954,151.29988,Cessnock City Council,2320,Destination Charging R2,False,,type_only,EVNet,EVNet,False,ev_20251216.csv,False,False,False,2320,matches_existing,2320,PCODE,False,existing_retained,AC,not_specified
ev_8dd72802b652a9e6e3f2a7ad3494387a30d47bacc5bb8ff93060a94f09f0cb4c,,,"36 Hopewell St
Paddington NSW 2021
Australia",EVX,2,AC,22 kW,-33.8823149,151.221981,Woollahra Municipal Council,2021,Kerbside Charging R1,False,22.0,single_kw,EVX,EVX,False,ev_20251216.csv,False,False,False,2021,matches_existing,2021,PCODE,False,existing_retained,AC,not_specified
ev_9915275ad54a6300c0de46239b3e60e96c7b089236964bf810cd3c98f0ec0c4a,,,"36 Napier St
Paddington NSW 2021
Australia",EVX,2,AC,22 kW,-33.8831409,151.2199952,"Sydney, Council of the City of",2021,Kerbside Charging R1,False,22.0,single_kw,EVX,EVX,False,ev_20251216.csv,False,False,False,2021,matches_existing,2021,PCODE,False,existing_retained,AC,not_specified
ev_ad472b75641feea74227e5528dacc789e39b8c805804fa3f2985a4eca244f70b,,Orange Waratah Sports Club,"36 Telopea Way
Orange NSW 2800
Australia",Exploren,2,AC,AC,-33.2492129,149.1016696,Orange City Council,2800,Destination Charging R1,False,,type_only,Exploren,Exploren,False,ev_20251216.csv,False,False,False,2800,matches_existing,2800,PCODE,False,existing_retained,AC,not_specified
ev_ac2d7f491a914322a309fb4caa7bc6957cc9fcd7e014305d4d6ee165126c97d5,,Rosevale,"361 Rankin St
Bathurst NSW 2795
Australia",Exploren,2,AC,AC,-33.4225787,149.5653976,Bathurst Regional Council,2795,Destination Charging R2,False,,type_only,Exploren,Exploren,False,ev_20251216.csv,False,False,False,2795,matches_existing,2795,PCODE,False,existing_retained,AC,not_specified
ev_64034804b67d965931b3e5eaa8e7716628e4c78b6484e4e9d4d43297ae4a0549,,,"363-367 Bronte Rd, Bronte, NSW, 2024, Australia",EVX,2,AC,22 kW,-33.9033078,151.2606162,Waverley Council,2024,Kerbside Charging R1,False,22.0,single_kw,EVX,EVX,False,ev_20251216.csv,False,False,False,2024,matches_existing,2024,PCODE,False,existing_retained,AC,not_specified
ev_e7b5b986ae9000a848f23ce6c110cebf8c1f7f3fa8d7f84977d49aced1182aff,,,"36R Dudley St
Randwick NSW 2031
Australia",EVX,2,AC,22 kW,-33.9234885,151.2490438,Randwick City Council,2031,Kerbside Charging R1,False,22.0,single_kw,EVX,EVX,False,ev_20251216.csv,False,False,False,2031,matches_existing,2031,PCODE,False,existing_retained,AC,not_specified
ev_96262e5ec25584236e5a2d94584d62ff8112d56bbb522077aa418e9efbabf59e,,Goulburn Health Hub,"37 Ross St
Goulburn NSW 2580
Australia",Non-networked,1,AC,AC,-34.7313527,149.7434487,Goulburn Mulwaree Council,2580,Destination Charging R2,False,,type_only,Non-networked,Non-networked,False,ev_20251216.csv,False,False,False,2580,matches_existing,2580,PCODE,False,existing_retained,AC,not_specified
ev_3953c525a75b720790cf7ef496d8b7863986d37a440ac0b7f606c4b12c3bc8ad,,,"374 Peel St, Tamworth NSW 2340, Australia",Evie Networks,4,DC,175 kW,-31.0900932,150.9304748,Tamworth Regional Council,2340,Fast Charging R1,False,175.0,single_kw,Evie Networks,Evie,False,ev_20251216.csv,False,False,False,2340,matches_existing,2340,PCODE,False,existing_retained,DC,not_specified
ev_b2d454d2cc3a26f84078197ed833a62b7d884bc96f5abb1a65bdb83b9a4f3f10,,Dunedoo Bowling Club Carpark,"39 Cobborah St
Dunedoo NSW 2844
Australia",Charge OS,2,AC,AC,-32.0184447,149.3965287,Warrumbungle Shire Council,2844,Destination Charging R2,False,,type_only,Charge OS,Charge OS,False,ev_20251216.csv,False,False,False,2844,matches_existing,2844,PCODE,False,existing_retained,AC,not_specified
ev_b4ef62a30ed53ed178eb296d9f3794f747b2456a6af22e130e8ff55a77da1ce7,,,"39 Dulwich St
Dulwich Hill NSW 2203
Australia",PLUS ES,1,AC,22 kW,-33.9030203,151.141805,Inner West Council,2203,Kerbside Charging R1,False,22.0,single_kw,PLUS ES,PLUS ES,False,ev_20251216.csv,False,False,False,2203,matches_existing,2203,PCODE,False,existing_retained,AC,not_specified
ev_8b38e15bdeef395f51ddb684dd34abd22212a1a8fa5c3a89d4dbc7058ff0575b,,,"39 Grove St
Birchgrove NSW 2041
Australia",EVX,2,AC,22 kW,-33.8515305,151.1817991,Inner West Council,2041,Kerbside Charging R1,False,22.0,single_kw,EVX,EVX,False,ev_20251216.csv,False,False,False,2041,matches_existing,2041,PCODE,False,existing_retained,AC,not_specified
ev_ade230dc52d30d78ebebe549f586a1f9c105ebd17bd8303324db451d1233ad33,,,"3-9 Spring St
Chatswood NSW 2067
Australia",EVX,2,AC,22 kW,-33.796827,151.185229,Willoughby City Council,2067,Kerbside Charging R1,False,22.0,single_kw,EVX,EVX,False,ev_20251216.csv,False,False,False,2067,matches_existing,2067,PCODE,False,existing_retained,AC,not_specified
ev_5c224fd7ec16ce9e17483d91b88f5c9d08155ee655a339f96d8b010c97dc8332,,,"392 Manns Road, West Gosford NSW 2250 Australia",Tesla,12,DC,175 kW,-33.4258966,151.3205356,Central Coast Council,2250,Fast Charging R1,False,175.0,single_kw,Tesla,Tesla,False,ev_20251216.csv,False,False,False,2250,matches_existing,2250,PCODE,False,existing_retained,DC,not_specified
ev_1062a8a2bfdfad7909323787f9e92ceb57959a02e2f040fd9b9bf7b5828fcabe,,,"396 Mowbray Rd
Lane Cove North NSW 2066
Australia",PLUS ES,1,AC,22 kW,-33.8065466,151.1757967,Lane Cove Municipal Council,2066,Kerbside Charging R1,False,22.0,single_kw,PLUS ES,PLUS ES,False,ev_20251216.csv,False,False,False,2066,matches_existing,2066,PCODE,False,existing_retained,AC,not_specified
ev_4807dc4e2145409c8ddbc6bc39107dd24f6d6c13bb12eaeed1b2252b6b0c9eda,,Centrepoint Motel Deniliquin,"399 Cressy St
Deniliquin NSW 2710
Australia",EVUp,3,AC,AC,-35.5265736,144.9616568,Edward River Council,2710,Destination Charging R1,False,,type_only,EVUp,EVUp,False,ev_20251216.csv,False,False,False,2710,matches_existing,2710,PCODE,False,existing_retained,AC,not_specified
ev_9c8aa74c6f03947510cecd13c6a0beec770f9dedd32289f95474e51d7b8ef0a1,,,"3A Cowell St
Gladesville NSW 2111
Australia",Evie Networks,2,DC,75 kW,-33.8329216,151.1276887,"Hunters Hill, The Council of the Municipality of",2111,Kerbside Charging R1,False,75.0,single_kw,Evie Networks,Evie,False,ev_20251216.csv,False,False,False,2111,matches_existing,2111,PCODE,False,existing_retained,DC,not_specified
ev_6b4306189c0ff3e70922e4f3d01f3fafed3ecc2b67b5f6ae129642431181551e,,,"3A Hunter St
Stockton NSW 2295
Australia",Chargefox,4,AC,7 kW,-32.9193026,151.783,Newcastle City Council,2295,Kerbside Charging R1,False,7.0,single_kw,Chargefox,Chargefox,False,ev_20251216.csv,False,False,False,2295,matches_existing,2295,PCODE,False,existing_retained,AC,not_specified
ev_fe8ef75ded5a26cb9d992262453b24a00ac04d5fa48ad3749e02106f98c06e36,,Batemans Bay Soldiers Club,"4 Beach Rd
Batemans Bay NSW 2536
Australia",Exploren,2,AC,AC,-35.7094784,150.1790805,Eurobodalla Shire Council,2536,Destination Charging R1,False,,type_only,Exploren,Exploren,False,ev_20251216.csv,False,False,False,2536,matches_existing,2536,PCODE,False,existing_retained,AC,not_specified
ev_00a8268de11cc10e66d6681dcb12dc4ab9d617ae8ca3a976b703f3a9a3663a77,,,"4 Defries Ave, Sydney, 2017",Chargefox,2,AC,22 kW,-33.90527032,151.2130891,"Sydney, Council of the City of",2017,Existing Destination Chargers,False,22.0,single_kw,Chargefox,Chargefox,False,ev_20251216.csv,False,False,False,,no_address_candidate,2017,PCODE,False,existing_retained,AC,not_specified
ev_70218d483236b917f31a53a2a928b7de78a326ac96f23cf4f42df960263c190a,,,"4 Guihen St
Annandale NSW 2038
Australia",PLUS ES,1,AC,22 kW,-33.8847854,151.1753541,Inner West Council,2038,Kerbside Charging R1,False,22.0,single_kw,PLUS ES,PLUS ES,False,ev_20251216.csv,False,False,False,2038,matches_existing,2038,PCODE,False,existing_retained,AC,not_specified
ev_636ae2d26253181dd0ec14459632fd908d7a1de799e852fe0adce620c6a6da4d,,Ingenia Holiday Park - Hunter Valley,"137 Mount View Rd
Cessnock NSW 2325
Australia",Exploren,2,AC,AC,-32.8314976,151.3381546,Cessnock City Council,2325,Destination Charging R1,False,,type_only,Exploren,Exploren,False,ev_20251216.csv,False,False,False,2325,matches_existing,2325,PCODE,False,existing_retained,AC,not_specified
ev_1cbdffa138a7aeea63db0c0bf130a35a5c5f775aaf8d54ce73fa3501236c23cf,,,"4 Stanley St
Queens Park NSW 2022
Australia",PLUS ES,1,AC,22 kW,-33.895942,151.2478041,Waverley Council,2022,Kerbside Charging R1,False,22.0,single_kw,PLUS ES,PLUS ES,False,ev_20251216.csv,False,False,False,2022,matches_existing,2022,PCODE,False,existing_retained,AC,not_specified
ev_591c293712cae5290c6fdb6bf0839c4e7f6be77bf9502ad730abe6ebe786d43d,,,"40 Albert Pde
Ashfield NSW 2131
Australia",EVE Australia,4,AC,22 kW,-33.8829391,151.1223655,Inner West Council,2131,Kerbside Charging R1,False,22.0,single_kw,EVE Australia,EVE Australia,False,ev_20251216.csv,False,False,False,2131,matches_existing,2131,PCODE,False,existing_retained,AC,not_specified
ev_750c9273c02d28f93c9c04962be320534364284087e6c7872797f0fafad8ecf3,,,"40 Malakoff St
Marrickville NSW 2204
Australia",EVE Australia,2,AC,22 kW,-33.9079019,151.1568005,Inner West Council,2204,Kerbside Charging R1,False,22.0,single_kw,EVE Australia,EVE Australia,False,ev_20251216.csv,False,False,False,2204,matches_existing,2204,PCODE,False,existing_retained,AC,not_specified
ev_68a7773fd8d461e1746c8e3d43163e441b85044928838aef942d9e7b8ae856b5,,,"402 Mowbray Rd
Lane Cove North NSW 2066
Australia",PLUS ES,1,AC,7 kW,-33.8067172,151.1750156,Lane Cove Municipal Council,2066,Kerbside Charging R1,False,7.0,single_kw,PLUS ES,PLUS ES,False,ev_20251216.csv,False,False,False,2066,matches_existing,2066,PCODE,False,existing_retained,AC,not_specified
ev_711be7a27a1ce48871a4d8f476ed60af65767d998d871967d05946bded4e1501,,Harvest Lodge Motel,"404 Conadilly St
Gunnedah NSW 2380
Australia",EVSE,1,AC,AC,-30.9836392,150.2640469,Gunnedah Shire Council,2380,Destination Charging R2,False,,type_only,EVSE,EVSE,False,ev_20251216.csv,False,False,False,2380,matches_existing,2380,PCODE,False,existing_retained,AC,not_specified
ev_c7b010c82ac83d6d285929b4f3b284edb2e0a90802a07392018f8dba2b722d15,,Village Fair Maitland Plaza,"405 High St
Maitland NSW 2320
Australia",Exploren,4,AC,AC,-32.733865,151.5561263,Maitland City Council,2320,Destination Charging R1,False,,type_only,Exploren,Exploren,False,ev_20251216.csv,False,False,False,2320,matches_existing,2320,PCODE,False,existing_retained,AC,not_specified
ev_568949a121c7d88298018a258dd3b29fe0451af7f690f08b731587eafdfe29c3,,,"407 New Canterbury Rd
Dulwich Hill NSW 2203
Australia",EVE Australia,2,AC,22 kW,-33.9024959,151.1438409,Inner West Council,2203,Kerbside Charging R1,False,22.0,single_kw,EVE Australia,EVE Australia,False,ev_20251216.csv,False,False,False,2203,matches_existing,2203,PCODE,False,existing_retained,AC,not_specified
ev_2ee7a9d8e994f51209d5089cf8ecc70be1fd5f63e126f2696d4b8ad52b0c71d4,,The Lane Retreat,"409 Palmers Ln
Pokolbin NSW 2320
Australia",Chargefox,2,AC,AC,-32.7539269,151.298235,Cessnock City Council,2320,Destination Charging R2,False,,type_only,Chargefox,Chargefox,False,ev_20251216.csv,False,False,False,2320,matches_existing,2320,PCODE,False,existing_retained,AC,not_specified
ev_21fec17b68d21223504e4f4a500c36bcba6582921ac00f3dbb327125eeb27187,,,"41 Owen St
Huskisson NSW 2540
Australia",Everty,2,AC,AC,-35.0383366,150.6692483,Shoalhaven City Council,2540,Destination Charging R2,False,,type_only,Everty,Everty,False,ev_20251216.csv,False,False,False,2540,matches_existing,2540,PCODE,False,existing_retained,AC,not_specified
ev_f44215dd9f6885b23b09ccb66858a6ef0a7215ff646d2a3883c95977bb7b2cc1,,,"41 St Marks Rd
Randwick NSW 2031
Australia",PLUS ES,1,AC,7 kW,-33.9104758,151.2471189,Randwick City Council,2031,Kerbside Charging R1,False,7.0,single_kw,PLUS ES,PLUS ES,False,ev_20251216.csv,False,False,False,2031,matches_existing,2031,PCODE,False,existing_retained,AC,not_specified
ev_7f7e7c28af9ae6f26b502869650dc1cf950278dbefdd6093f2684d3e15de213b,,Siesta Unit Trust,"416 Wagga Rd
Lavington NSW 2641
Australia",Chargefox,4,AC,AC,-36.0458866,146.9437845,Albury City Council,2641,Destination Charging R1,False,,type_only,Chargefox,Chargefox,False,ev_20251216.csv,False,False,False,2641,matches_existing,2641,PCODE,False,existing_retained,AC,not_specified
ev_fc01e90919299ce5e620f9bc1aab198b5d8be04ca4c37accbfbeca57ca56001e,,,"42 Carrington Pde
Curl Curl NSW 2096
Australia",EVX,2,AC,22 kW,-33.773966,151.2918253,Northern Beaches Council,2096,Kerbside Charging R1,False,22.0,single_kw,EVX,EVX,False,ev_20251216.csv,False,False,False,2096,matches_existing,2096,PCODE,False,existing_retained,AC,not_specified
ev_00badf4660866ef72c569298db72a7f6c6d3ce7bae7df19b1d3f8c297bc70746,,Gowing Bros,"42 Horton St
Port Macquarie NSW 2444
Australia",Smart Charge,2,AC,AC,-31.429928,152.909968,Port Macquarie-Hastings Council,2444,Destination Charging R1,False,,type_only,Smart Charge,Smart Charge,False,ev_20251216.csv,False,False,False,2444,matches_existing,2444,PCODE,False,existing_retained,AC,not_specified
ev_3208c92b60fe08dfdeb037e03bd4672464efdbb16ad18de096184686cb743c00,,Cellar Door,"42 Lake Canobolas Rd
Nashdale NSW 2800
Australia",Non-networked,2,AC,AC,-33.2990773,149.0193866,Cabonne Council,2800,Destination Charging R2,False,,type_only,Non-networked,Non-networked,False,ev_20251216.csv,False,False,False,2800,matches_existing,2800,PCODE,False,existing_retained,AC,not_specified
ev_954f81beb00e8c7b4d6fb6bc3f01a8b0ec2a441202d66ffacf66c97e9fa72199,,,"42 New Beach Rd, Darling Point, NSW, 2027",Chargefox,2,AC,7 kW,-33.8733988,151.2352733,Woollahra Municipal Council,2027,Kerbside Charging R1,False,7.0,single_kw,Chargefox,Chargefox,False,ev_20251216.csv,False,False,False,2027,matches_existing,2027,PCODE,False,existing_retained,AC,not_specified
ev_70c2a1ed13875718dceb4f8214f30d262da250cb3176f9f34fbe922107e9300c,,,"424 Hoxton Park Rd, Prestons, NSW, 2170",NRMA,4,DC,175 kW,-33.9304674,150.8750193,Liverpool City Council,2170,Fast Charging R1,False,175.0,single_kw,NRMA,NRMA,False,ev_20251216.csv,False,False,False,2170,matches_existing,2170,PCODE,False,existing_retained,DC,not_specified
ev_8ba760b700b2365114b0bad33988ab355cc73ac4049367e410fdfd537677c24f,,Cabins in the Clouds,"424 Moonabung Rd
Vacy NSW 2421
Australia",Chargefox,4,AC,AC,-32.5423289,151.5011005,Dungog Shire Council,2421,Destination Charging R2,False,,type_only,Chargefox,Chargefox,False,ev_20251216.csv,False,False,False,2421,matches_existing,2421,PCODE,False,existing_retained,AC,not_specified
ev_0790abd5f51a3d1cec5b49ba68a1881b23dda74724a60f12ea445ca3a5e97b93,,Ingenia Holiday Parks - One Mile Beach,"426 Gan Gan Rd
One Mile NSW 2316
Australia",Exploren,4,AC,AC,-32.7769383,152.1139955,Port Stephens Council,2316,Destination Charging R2,False,,type_only,Exploren,Exploren,False,ev_20251216.csv,False,False,False,2316,matches_existing,2316,PCODE,False,existing_retained,AC,not_specified
ev_dc178a8d5afff7f43be1bf0720eda363632ce48def2719e97dcb92125b800aed,,,"429 Old South Head Rd
Rose Bay NSW 2029
Australia",EVX,2,AC,22 kW,-33.8786168,151.2707053,Waverley Council,2029,Kerbside Charging R1,False,22.0,single_kw,EVX,EVX,False,ev_20251216.csv,False,False,False,2029,matches_existing,2029,PCODE,False,existing_retained,AC,not_specified
ev_7a43be439e153d77ca5c016612ed0746feccdbc4344a8f97cb5642a8f7cab1d5,,Wagga Wagga City Council,"43 Eastlake Dr
Lake Albert NSW 2650
Australia",Smart Charge,2,AC,AC,-35.1710992,147.3789989,Wagga Wagga City Council,2650,Destination Charging R1,False,,type_only,Smart Charge,Smart Charge,False,ev_20251216.csv,False,False,False,2650,matches_existing,2650,PCODE,False,existing_retained,AC,not_specified
ev_f2ac5c051caa86259ac57a89ad4596e53ce284073c85b0d631ef1b7b7ecfd2c5,,Emma's Cottage,"438 Wilderness Rd
Lovedale NSW 2325
Australia",Chargefox,1,AC,AC,-32.742285,151.3477018,Cessnock City Council,2325,Destination Charging R2,False,,type_only,Chargefox,Chargefox,False,ev_20251216.csv,False,False,False,2325,matches_existing,2325,PCODE,False,existing_retained,AC,not_specified
ev_b170e0a634060a76fd4de66cf55d2cafc2ab0628e426a57b085870f5799566f3,,,"44 Anderson St
Chatswood NSW 2067
Australia",EVX,2,AC,22 kW,-33.7935075,151.181598,Willoughby City Council,2067,Kerbside Charging R1,False,22.0,single_kw,EVX,EVX,False,ev_20251216.csv,False,False,False,2067,matches_existing,2067,PCODE,False,existing_retained,AC,not_specified
ev_4de07d3ddf450de600525ae095bc7a2dd71a5a6127a6ec8e57b6711ba6807a8f,,Ballina Beach Nature Resort,"440 SOUTH BALLINA BEACH ROAD
South Ballina NSW 2478
Australia",Non-networked,2,AC,AC,-28.8853915,153.5684392,Ballina Shire Council,2478,Destination Charging R2,False,,type_only,Non-networked,Non-networked,False,ev_20251216.csv,False,False,False,2478,matches_existing,2478,PCODE,False,existing_retained,AC,not_specified
ev_76aa63a0422585c1fa5c0eab11d5f22d5214009c64fcf9cba3f9a7289ba2dabb,,Eden Beachfront,"441 Princes Hwy
Eden NSW 2551
Australia",Exploren,4,AC,AC,-37.0770249,149.8753876,Bega Valley Shire Council,2551,Destination Charging R2,False,,type_only,Exploren,Exploren,False,ev_20251216.csv,False,False,False,2551,matches_existing,2551,PCODE,False,existing_retained,AC,not_specified
ev_31b91394a50e284bb26dc82aad32dec6eeb23588b449a33e16ed49a496445a73,,,"442-446 Edgecliff Rd
Edgecliff NSW 2027
Australia",PLUS ES,1,AC,7 kW,-33.8800002,151.2392159,Woollahra Municipal Council,2027,Kerbside Charging R1,False,7.0,single_kw,PLUS ES,PLUS ES,False,ev_20251216.csv,False,False,False,2027,matches_existing,2027,PCODE,False,existing_retained,AC,not_specified
ev_ce49ef1154ba6128a5664244ddf48434f977c5744c5429fa9c4f4120a2f3e5ee,,Talbingo Tourist Park,"45 Whitty St
Talbingo NSW 2720
Australia",Noodoe,2,AC,AC,-35.584137,148.2942372,Snowy Valleys Council,2720,Destination Charging R2,False,,type_only,Noodoe,Noodoe,False,ev_20251216.csv,False,False,False,2720,matches_existing,2720,PCODE,False,existing_retained,AC,not_specified
ev_98165d26b9d7fa736003afa61a78d098da8f2cbd40ba6c1445d941de891da32f,,Imperial Hotel,"458 High St
Maitland NSW 2320
Australia",Chargefox,2,AC,AC,-32.7310145,151.5535602,Maitland City Council,2320,Destination Charging R1,False,,type_only,Chargefox,Chargefox,False,ev_20251216.csv,False,False,False,2320,matches_existing,2320,PCODE,False,existing_retained,AC,not_specified
ev_173b9235ba64a2a18068e4df13210772ed0f0d1b1df83660009be9de9116425f,,Young Services Club,"46 Cloete St
Young NSW 2594
Australia",Chargefox,4,AC,AC,-34.314891,148.29643,Hilltops Council,2594,Destination Charging R2,False,,type_only,Chargefox,Chargefox,False,ev_20251216.csv,False,False,False,2594,matches_existing,2594,PCODE,False,existing_retained,AC,not_specified
ev_d6bc25692703b1aed39f25509b061089b199c7cb21eb9dfad9aea5539cceb6ed,,Ingenia Holiday Parks - Merry Beach,"46 Merry Beach Rd
Kioloa NSW 2539
Australia",Exploren,4,AC,AC,-35.5654089,150.3719759,Shoalhaven City Council,2539,Destination Charging R2,False,,type_only,Exploren,Exploren,False,ev_20251216.csv,False,False,False,2539,matches_existing,2539,PCODE,False,existing_retained,AC,not_specified
ev_8e498916e9f8def32feb1d71116900a5405b566799da660fb4a041644b354ca4,,,"46 Wynter St, Taree NSW 2430, Australia",Tesla,12,DC,175 kW,-31.9091185,152.4602815,Mid-Coast Council,2430,Fast Charging R1,False,175.0,single_kw,Tesla,Tesla,False,ev_20251216.csv,False,False,False,2430,matches_existing,2430,PCODE,False,existing_retained,DC,not_specified
ev_f6c99b7d087d99cbd1594176048e5610418544b61ee44548509daa422565490a,,,"47-49 Archer St
Chatswood NSW 2067
Australia",EVX,2,AC,22 kW,-33.7979339,151.1868143,Willoughby City Council,2067,Kerbside Charging R1,False,22.0,single_kw,EVX,EVX,False,ev_20251216.csv,False,False,False,2067,matches_existing,2067,PCODE,False,existing_retained,AC,not_specified
ev_f9a793b1e12d4d17c3a5c805694a7b581b85a53b6993c3344cd153a05147d6f7,,,"47-49A Cleary St
Hamilton NSW 2303
Australia",Chargefox,2,DC,60 kW,-32.9212044,151.7479743,Newcastle City Council,2303,Kerbside Charging R1,False,60.0,single_kw,Chargefox,Chargefox,False,ev_20251216.csv,False,False,False,2303,matches_existing,2303,PCODE,False,existing_retained,DC,not_specified
ev_ff8cec41c46b7ef8da0e37e9e7a97b0777e046ef21e551854f28480f8317d6ce,,,477 Coolac Rd Coolac NSW 2727 Australia,Tesla,12,DC,175 kW,-34.9244264,148.1654233,Cootamundra-gundagai Regional Council,2727,Fast Charging R1,False,175.0,single_kw,Tesla,Tesla,False,ev_20251216.csv,False,False,False,2727,matches_existing,2727,PCODE,False,existing_retained,DC,not_specified
ev_ce63491d57bbf7177ee9b8618b679119e6f02ac461f5a56eb43dce660fc7c535,,Federation of Community Sporting and Workers Clubs Limited,"48 Marine Dr
Fingal Bay NSW 2315
Australia",EVUp,1,AC,AC,-32.7424216,152.1692232,Port Stephens Council,2315,Destination Charging R1,False,,type_only,EVUp,EVUp,False,ev_20251216.csv,False,False,False,2315,matches_existing,2315,PCODE,False,existing_retained,AC,not_specified
ev_db1da76c908380e7469570376ac7da96d8cce1e92d460d723b7d315582832aba,,Oberon Visitor Information Centre,"48 Ross St
Oberon NSW 2787
Australia",CasaCharge,2,AC,AC,-33.7087529,149.8577918,Oberon Council,2787,Destination Charging R2,False,,type_only,CasaCharge,CasaCharge,False,ev_20251216.csv,False,False,False,2787,matches_existing,2787,PCODE,False,existing_retained,AC,not_specified
ev_22482099fbb5e7cb2bd5721188e15ff1565b350b75c65cb3bb42579ab09d3868,,,"481 Pacific Hwy, Wyoming NSW 2250, Australia",BP,6,DC,175 kW,-33.4082245,151.3511059,Central Coast Council,2250,Fast Charging R1,False,175.0,single_kw,BP,BP,False,ev_20251216.csv,False,False,False,2250,matches_existing,2250,PCODE,False,existing_retained,DC,not_specified
ev_53d7182aa75380d8ddb51202f699cd4078289061bd993c5dfea06a2e821a5b33,,Leisure Inn Pokolbin,"485 McDonalds Road
Pokolbin NSW 2320
Australia",Exploren,4,AC,AC,-32.7715135,151.3024314,Singleton Council,2320,Destination Charging R2,False,,type_only,Exploren,Exploren,False,ev_20251216.csv,False,False,False,2320,matches_existing,2320,PCODE,False,existing_retained,AC,not_specified
ev_80ae3700ef6befed1c739f04ef5d7128c5ee5fc7ec81d3edc514553a306167d0,,Talbingo Shopping Centre,"49 Lampe St
Talbingo NSW 2720
Australia",Chargefox,4,AC,AC,-35.5825247,148.2978515,Snowy Valleys Council,2720,Destination Charging R2,False,,type_only,Chargefox,Chargefox,False,ev_20251216.csv,False,False,False,2720,matches_existing,2720,PCODE,False,existing_retained,AC,not_specified
ev_464e9d941193ec0b2ec0e528b899979c89dca4b64eeee0df8921c64120c14182,,,"49 Llandaff St
Bondi Junction NSW 2022
Australia",PLUS ES,1,AC,22 kW,-33.8937667,151.2532909,Waverley Council,2022,Kerbside Charging R1,False,22.0,single_kw,PLUS ES,PLUS ES,False,ev_20251216.csv,False,False,False,2022,matches_existing,2022,PCODE,False,existing_retained,AC,not_specified
ev_00615fe761f350b1dd29013dfe8b83ad574abbf6be7781be2a48d3cd893ea732,,,"49A Bondi Rd
Bondi Junction NSW 2022
Australia",Chargefox,2,AC,22 kW,-33.8932917,151.256561,Waverley Council,2022,Kerbside Charging R1,False,22.0,single_kw,Chargefox,Chargefox,False,ev_20251216.csv,False,False,False,2022,matches_existing,2022,PCODE,False,existing_retained,AC,not_specified
ev_ca2a3ba5f58e7c2dd7b17954bd7bf627b59bf5da9e5037443132be5e8c8e0379,,Forster Visitor Information Centre,"4A Lake St
Forster NSW 2428
Australia",Exploren,4,AC,AC,-32.1830335,152.5147744,Mid-Coast Council,2428,Destination Charging R2,False,,type_only,Exploren,Exploren,False,ev_20251216.csv,False,False,False,2428,matches_existing,2428,PCODE,False,existing_retained,AC,not_specified
ev_3e08290ef95cae6d57381b8257c165dc923dd48a560e720ec6e0dc43231aee85,,,"5 Broughton Rd
Artarmon NSW 2064
Australia",EVX,2,AC,22 kW,-33.8093616,151.1826022,Willoughby City Council,2064,Kerbside Charging R1,False,22.0,single_kw,EVX,EVX,False,ev_20251216.csv,False,False,False,2064,matches_existing,2064,PCODE,False,existing_retained,AC,not_specified
ev_2f753179f11c01eeadc004ef4a59036f00aba9febf49a7d73ba8e73c7363f07a,,Bella Vista Motel,"5 Central Coast Hwy
Kariong NSW 2250
Australia",EVNet,3,AC,AC,-33.434931,151.2976021,Central Coast Council,2250,Destination Charging R1,False,,type_only,EVNet,EVNet,False,ev_20251216.csv,False,False,False,2250,matches_existing,2250,PCODE,False,existing_retained,AC,not_specified
ev_a09bfd6eb2e4aad490f1fa740ef167ce45fde0dfc45995b4e0351df0083289fa,,Cessnock Hospitality Group,"5 Darwin St
Cessnock NSW 2325
Australia",Everty,4,AC,AC,-32.8349119,151.3533302,Cessnock City Council,2325,Destination Charging R1,False,,type_only,Everty,Everty,False,ev_20251216.csv,False,False,False,2325,matches_existing,2325,PCODE,False,existing_retained,AC,not_specified
ev_433335234c6730bfa8784f3bf03c1f1a7ee9578f2af885bbe5400199800c4954,,,"5 Grove St
Dulwich Hill NSW 2203
Australia",PLUS ES,1,AC,7 kW,-33.901384,151.1397505,Inner West Council,2203,Kerbside Charging R1,False,7.0,single_kw,PLUS ES,PLUS ES,False,ev_20251216.csv,False,False,False,2203,matches_existing,2203,PCODE,False,existing_retained,AC,not_specified
ev_415f99cf32f3838401fce5bc5f2ab90f8d91ccfc82ed3bd90ec6d670fda1d651,,Club Charlestown,"5 Lincoln St
Charlestown NSW 2290
Australia",Exploren,4,AC,AC,-32.9670483,151.6925911,Lake Macquarie City Council,2290,Destination Charging R1,False,,type_only,Exploren,Exploren,False,ev_20251216.csv,False,False,False,2290,matches_existing,2290,PCODE,False,existing_retained,AC,not_specified
ev_7acfab01810f0124f985b7cf0526e7fa199d0ad49f8b3b28b2e6a5a79042bb47,,,"5 Pearson St
Balmain East NSW 2041
Australia",PLUS ES,1,AC,22 kW,-33.858114,151.195082,Inner West Council,2041,Kerbside Charging R1,False,22.0,single_kw,PLUS ES,PLUS ES,False,ev_20251216.csv,False,False,False,2041,matches_existing,2041,PCODE,False,existing_retained,AC,not_specified
ev_10b13d6d17378904182f57badd545842c9a87e1e43649669a2d68dc8d8d5e8a9,,,"5 Portland St
Dover Heights NSW 2030
Australia",Chargefox,2,AC,22 kW,-33.8688426,151.2799449,Waverley Council,2030,Kerbside Charging R1,False,22.0,single_kw,Chargefox,Chargefox,False,ev_20251216.csv,False,False,False,2030,matches_existing,2030,PCODE,False,existing_retained,AC,not_specified
ev_862c60892526d0ed24885d38507475b74dbcabe3f41eb63c04339aad5a492527,,,"5 Robey St
Maroubra NSW 2035
Australia",PLUS ES,1,AC,22 kW,-33.9423922,151.2379861,Randwick City Council,2035,Kerbside Charging R1,False,22.0,single_kw,PLUS ES,PLUS ES,False,ev_20251216.csv,False,False,False,2035,matches_existing,2035,PCODE,False,existing_retained,AC,not_specified
ev_42623375b921421604e16ff5464878f0ba02ca1867e593aca32135bd5fa80930,,,"50 Cascade St
Paddington NSW 2021
Australia",EVX,2,AC,22 kW,-33.8835108,151.2313866,Woollahra Municipal Council,2021,Kerbside Charging R1,False,22.0,single_kw,EVX,EVX,False,ev_20251216.csv,False,False,False,2021,matches_existing,2021,PCODE,False,existing_retained,AC,not_specified
ev_9fdc07edcffd2d420c06f94d3b2fcd04f5765b6fac6d9db694b6db78e1d081d8,,,"50 Chandos St
Ashfield NSW 2131
Australia",PLUS ES,1,AC,22 kW,-33.8828487,151.1301381,Inner West Council,2131,Kerbside Charging R1,False,22.0,single_kw,PLUS ES,PLUS ES,False,ev_20251216.csv,False,False,False,2131,matches_existing,2131,PCODE,False,existing_retained,AC,not_specified
ev_f36c5970b9cc9156ffa8fcf3d3752db4d4fbae830918a17cad1fbe4e34cdf5b3,,,"50 Cook St
Randwick NSW 2031
Australia",PLUS ES,1,AC,7 kW,-33.911692,151.2388648,Randwick City Council,2031,Kerbside Charging R1,False,7.0,single_kw,PLUS ES,PLUS ES,False,ev_20251216.csv,False,False,False,2031,matches_existing,2031,PCODE,False,existing_retained,AC,not_specified
ev_522b5af45f25b649e7de7bb3d891f8374ca67257692bdf4f02dc502ddb8c3211,,Wagga Wagga City Council,"50 Edward St
Wagga Wagga NSW 2650
Australia",Smart Charge,2,AC,AC,-35.1199091,147.3713272,Wagga Wagga City Council,2650,Destination Charging R1,False,,type_only,Smart Charge,Smart Charge,False,ev_20251216.csv,False,False,False,2650,matches_existing,2650,PCODE,False,existing_retained,AC,not_specified
ev_fbc429b9fe28b0b3d6468882cb8709c1bbaece7cb5228c1d422495c0f31adde3,,,"50 Nelson St
Annandale NSW 2038
Australia",PLUS ES,1,AC,22 kW,-33.8851809,151.1719428,Inner West Council,2038,Kerbside Charging R1,False,22.0,single_kw,PLUS ES,PLUS ES,False,ev_20251216.csv,False,False,False,2038,matches_existing,2038,PCODE,False,existing_retained,AC,not_specified
ev_bd5dcf220124296c5c6dca96b9227047d2c7ee1319063707ffb0014880b8b870,,,"50 O'Sullivan Rd
Rose Bay NSW 2029
Australia",Chargefox,2,AC,22 kW,-33.8790379,151.2631086,Woollahra Municipal Council,2029,Kerbside Charging R1,False,22.0,single_kw,Chargefox,Chargefox,False,ev_20251216.csv,False,False,False,2029,matches_existing,2029,PCODE,False,existing_retained,AC,not_specified
ev_c9d856bc24238917e246d6cf0879f04e08c7a362107de0b1b98438818e210dfa,,,"51 Albert St
Petersham NSW 2049
Australia",EVE Australia,2,AC,22 kW,-33.8970775,151.1579942,Inner West Council,2049,Kerbside Charging R1,False,22.0,single_kw,EVE Australia,EVE Australia,False,ev_20251216.csv,False,False,False,2049,matches_existing,2049,PCODE,False,existing_retained,AC,not_specified
ev_efee4ad02d8b22dfa5d0f3ebd4589c464a245c65310ef8354e87be1f0b5f8cd7,,"Bathurst Street, Condobolin","51 Bathurst St
Condobolin NSW 2877
Australia",Exploren,2,AC,AC,-33.0886001,147.1494866,Lachlan Shire Council,2877,Destination Charging R2,False,,type_only,Exploren,Exploren,False,ev_20251216.csv,False,False,False,2877,matches_existing,2877,PCODE,False,existing_retained,AC,not_specified
ev_7e06418090ecfbe8e60bb8775e6df78c6637fe1e19d6e12efd24d7b117b529a6,,West Wallsend Workers club,"51 Carrington St
West Wallsend NSW 2286
Australia",Smart Charge,4,AC,AC,-32.9023363,151.5824271,Lake Macquarie City Council,2286,Destination Charging R1,False,,type_only,Smart Charge,Smart Charge,False,ev_20251216.csv,False,False,False,2286,matches_existing,2286,PCODE,False,existing_retained,AC,not_specified
ev_8c130efc3840d2e48c4ebc30d607a2b83301214d8a26fbdbe629c92263b2bb94,,Select Inn Gosford,"512 Pacific Hwy
Wyoming NSW 2250
Australia",EVNet,2,AC,AC,-33.406527,151.350605,Central Coast Council,2250,Destination Charging R2,False,,type_only,EVNet,EVNet,False,ev_20251216.csv,False,False,False,2250,matches_existing,2250,PCODE,False,existing_retained,AC,not_specified
ev_60ee4225d37ce0affea8e9183e78dec1d5e2ce1777ac32ed0d713d792e7ae91a,,Happy Hallidays,"517 Blackhead Rd
Hallidays Point NSW 2430
Australia",Exploren,4,AC,AC,-32.0655014,152.5322484,Mid-Coast Council,2430,Destination Charging R2,False,,type_only,Exploren,Exploren,False,ev_20251216.csv,False,False,False,2430,matches_existing,2430,PCODE,False,existing_retained,AC,not_specified
ev_137559f71897d126270d53139a01b0bb16becf34f037cf55bc2235ad236f376b,,CH Boutique Hotel,"52 Brisbane St
Tamworth NSW 2340
Australia",Noodoe,4,AC,AC,-31.0894928,150.9297765,Tamworth Regional Council,2340,Destination Charging R2,False,,type_only,Noodoe,Noodoe,False,ev_20251216.csv,False,False,False,2340,matches_existing,2340,PCODE,False,existing_retained,AC,not_specified
ev_a7ba70c698d1efa0ff71277ffd970116e15c0b37ff20101adc1bf0780f205bb6,,,"52 Dudley St
Coogee NSW 2034
Australia",PLUS ES,1,AC,22 kW,-33.9243788,151.251526,Randwick City Council,2034,Kerbside Charging R1,False,22.0,single_kw,PLUS ES,PLUS ES,False,ev_20251216.csv,False,False,False,2034,matches_existing,2034,PCODE,False,existing_retained,AC,not_specified
ev_5a385298823bceb1790428468ae7f00a2e176bc5cfae273b893901339e3b6b34,,Uralla Bowlo,"52 Hill St
Uralla NSW 2358
Australia",EVSE,4,AC,AC,-30.6391603,151.4983676,Uralla Shire Council,2358,Destination Charging R2,False,,type_only,EVSE,EVSE,False,ev_20251216.csv,False,False,False,2358,matches_existing,2358,PCODE,False,existing_retained,AC,not_specified
ev_5d39147fa4088450c0caa08b2e4ceafeb968ebcb2648637b006470bb4f2677a9,,,"52 Spencer St
Rose Bay NSW 2029
Australia",PLUS ES,1,AC,22 kW,-33.8690157,151.2750076,Woollahra Municipal Council,2029,Kerbside Charging R1,False,22.0,single_kw,PLUS ES,PLUS ES,False,ev_20251216.csv,False,False,False,2029,matches_existing,2029,PCODE,False,existing_retained,AC,not_specified
ev_8b9650d619e54cc15fb46a6ce6b9969cff39273211309628421f7c02045502e3,,The Cottage Motor Inn,"523 Hume St
South Albury NSW 2640
Australia",Exploren,1,AC,AC,-36.085318,146.9158676,Albury City Council,2640,Destination Charging R1,False,,type_only,Exploren,Exploren,False,ev_20251216.csv,False,False,False,2640,matches_existing,2640,PCODE,False,existing_retained,AC,not_specified
ev_6a466eef1d26853c989032fbc95eadfc4024bb5076ddafffa6c408373944b758,,Mantra Albury Hotel,"524 Smollett St
Albury NSW 2640
Australia",Chargefox,4,AC,AC,-36.0826053,146.9167911,Albury City Council,2640,Destination Charging R2,False,,type_only,Chargefox,Chargefox,False,ev_20251216.csv,False,False,False,2640,matches_existing,2640,PCODE,False,existing_retained,AC,not_specified
ev_5617dfe863ea775e51d5c7a5221b06e94cbd1ea34ebe03363a74596510621d78,,Cobargo Co-operative Society,"52-54 Princes Hwy
Cobargo NSW 2550
Australia",Chargefox,2,AC,AC,-36.3867682,149.8876926,Bega Valley Shire Council,2550,Destination Charging R1,False,,type_only,Chargefox,Chargefox,False,ev_20251216.csv,False,False,False,2550,matches_existing,2550,PCODE,False,existing_retained,AC,not_specified
ev_6b31014e408f8b5ddc9872bb9db8d0546572074fe03855cf884ff66489230544,,,"526 Bronte Rd
Bronte NSW 2024
Australia",Chargefox,2,AC,22 kW,-33.906671,151.2692898,Waverley Council,2024,Kerbside Charging R1,False,22.0,single_kw,Chargefox,Chargefox,False,ev_20251216.csv,False,False,False,2024,matches_existing,2024,PCODE,False,existing_retained,AC,not_specified
ev_c305e5940a9e5188cd801625d3ddc320035d8fe28097a19dfaf4411987905907,,,"528 Illawarra Rd
Marrickville NSW 2204
Australia",EVE Australia,4,AC,22 kW,-33.9200876,151.1441132,Inner West Council,2204,Kerbside Charging R1,False,22.0,single_kw,EVE Australia,EVE Australia,False,ev_20251216.csv,False,False,False,2204,matches_existing,2204,PCODE,False,existing_retained,AC,not_specified
ev_fc2e22faa04ef15b3480c34ceeff8b71fefc7c5cb44eb649b3b3487b354147cb,,Cardiff Executive Apartments,"53 Macquarie Rd
Cardiff NSW 2285
Australia",Elanga,4,AC,AC,-32.9428392,151.6572805,Lake Macquarie City Council,2285,Destination Charging R1,False,,type_only,Elanga,Elanga,False,ev_20251216.csv,False,False,False,2285,matches_existing,2285,PCODE,False,existing_retained,AC,not_specified
ev_80b4ae71b5f3e13d32676409f5669a93dcf9295eca3058b55782253601186fb6,,Quest Griffith,"53 Railway St
Griffith NSW 2680
Australia",Noodoe,2,AC,AC,-34.2866312,146.0445254,Griffith City Council,2680,Destination Charging R2,False,,type_only,Noodoe,Noodoe,False,ev_20251216.csv,True,False,True,2680,matches_existing,2680,PCODE,False,existing_retained,AC,not_specified
ev_2fcf50e4e9aee01fe204f6dcf7c0af35bbb3360b2d8e7ec012d416cecd5f0cff,,Hamilton's Queanbeyan Motel,"53 Tharwa Rd
Queanbeyan West NSW 2620
Australia",Exploren,4,AC,AC,-35.3573389,149.2225196,Queanbeyan-Palerang Regional Council,2620,Destination Charging R1,False,,type_only,Exploren,Exploren,False,ev_20251216.csv,False,False,False,2620,matches_existing,2620,PCODE,False,existing_retained,AC,not_specified
ev_5166e99d0810ce4428622bbe266818763afd76fe6ab10bd2690508926736caa6,,Arcadia Wilderness Retreat,"530 Moonabung Rd
Vacy NSW 2421
Australia",Chargefox,1,AC,AC,-32.545318,151.50875,Dungog Shire Council,2421,Destination Charging R2,False,,type_only,Chargefox,Chargefox,False,ev_20251216.csv,False,False,False,2421,matches_existing,2421,PCODE,False,existing_retained,AC,not_specified
ev_ea678b75dc379210396976070fa8e5e2d16e514130bfda3ffd0452a278ccbef3,,Ingenia Holiday Parks - Byron Bay.,"5-37 Broken Head Rd
Byron Bay NSW 2481
Australia",Exploren,4,AC,AC,-28.6732766,153.6125859,Byron Shire Council,2481,Destination Charging R2,False,,type_only,Exploren,Exploren,False,ev_20251216.csv,False,False,False,2481,matches_existing,2481,PCODE,False,existing_retained,AC,not_specified
ev_c544f3ae9fc152c25d3f9e615cfd11d530be7ca8c9e9e5f68545cb425b6912c7,,,"54 Brown St
Bronte NSW 2024
Australia",EVX,2,AC,22 kW,-33.8992809,151.2589756,Waverley Council,2024,Kerbside Charging R1,False,22.0,single_kw,EVX,EVX,False,ev_20251216.csv,False,False,False,2024,matches_existing,2024,PCODE,False,existing_retained,AC,not_specified
ev_3bd67f56ea0a55dd870eaba1a69a26c1ae16267f70dd93f80066b1387d49dcb1,,,"55 Grafton St
Bondi Junction NSW 2022
Australia",Chargefox,2,AC,22 kW,-33.890588,151.2457069,Waverley Council,2022,Kerbside Charging R1,False,22.0,single_kw,Chargefox,Chargefox,False,ev_20251216.csv,False,False,False,2022,matches_existing,2022,PCODE,False,existing_retained,AC,not_specified
ev_19e04a20e8a58d58672767ca13fadb5a86c5f5e5b59b0bf0592e499ee895f62b,,,"55 Grove St
Birchgrove NSW 2041
Australia",PLUS ES,1,AC,22 kW,-33.8513438,151.1821944,Inner West Council,2041,Kerbside Charging R1,False,22.0,single_kw,PLUS ES,PLUS ES,False,ev_20251216.csv,False,False,False,2041,matches_existing,2041,PCODE,False,existing_retained,AC,not_specified
ev_b6f0548a3f2322087407d019755a1829b0fbbb9690451cdb921e68413c595411,,,"551 Darling St
Rozelle NSW 2039
Australia",EVX,2,AC,22 kW,-33.8591569,151.1716429,Inner West Council,2039,Kerbside Charging R1,False,22.0,single_kw,EVX,EVX,False,ev_20251216.csv,False,False,False,2039,matches_existing,2039,PCODE,False,existing_retained,AC,not_specified
ev_144b9053f2947af86529875f3778575c2a7ef86c8730229bf1d4850f16de1165,,Ingenia Holiday Park - Middle Rock,"554 Gan Gan Rd
One Mile NSW 2316
Australia",Exploren,1,AC,AC,-32.7667396,152.1153803,Port Stephens Council,2316,Destination Charging R1,False,,type_only,Exploren,Exploren,False,ev_20251216.csv,False,False,False,2316,matches_existing,2316,PCODE,False,existing_retained,AC,not_specified
ev_45db488567db9f4ee316aa07b7e525d44e6167ff579bce362bfefcd55966f817,,Golden Age,"56 Macquoid St
Queanbeyan East NSW 2620
Australia",EVSE,2,AC,AC,-35.35045,149.2417217,Queanbeyan-Palerang Regional Council,2620,Destination Charging R2,False,,type_only,EVSE,EVSE,False,ev_20251216.csv,False,False,False,2620,matches_existing,2620,PCODE,False,existing_retained,AC,not_specified
ev_0ec4b5df7a09278d9edc2a548f7277b110c36dce1e53830fa5b734ee25fbf0d5,,,"57 Mallett St
Camperdown NSW 2050
Australia",PLUS ES,1,AC,22 kW,-33.8906952,151.1778286,Inner West Council,2050,Kerbside Charging R1,False,22.0,single_kw,PLUS ES,PLUS ES,False,ev_20251216.csv,False,False,False,2050,matches_existing,2050,PCODE,False,existing_retained,AC,not_specified
ev_499fc54bb45471f594b259514ee97e2f889e4f8c2db0c43212aaee12f35ece5e,,Tallawudjah Dog,"57-59 Coramba St
Glenreagh NSW 2450
Australia",Exploren,1,AC,AC,-30.0510567,152.979123,Clarence Valley Council,2450,Destination Charging R1,False,,type_only,Exploren,Exploren,False,ev_20251216.csv,False,False,False,2450,matches_existing,2450,PCODE,False,existing_retained,AC,not_specified
ev_dc4d8d8f25be136c8bee203e4e9cbed860d4741a16519f130044993bd8e4cb7f,,,"58 Wharf Rd
Newcastle East NSW 2300
Australia",Chargefox,8,AC,7 kW,-32.9241397,151.7894274,Newcastle City Council,2300,Kerbside Charging R1,False,7.0,single_kw,Chargefox,Chargefox,False,ev_20251216.csv,False,False,False,2300,matches_existing,2300,PCODE,False,existing_retained,AC,not_specified
ev_261be1bbda0d1183fbff2e707fa2bd9233764fe3dbdc593a4fdbac7defc2c1a6,,,"59 Church St
Randwick NSW 2031
Australia",PLUS ES,1,AC,7 kW,-33.9119025,151.2383856,Randwick City Council,2031,Kerbside Charging R1,False,7.0,single_kw,PLUS ES,PLUS ES,False,ev_20251216.csv,False,False,False,2031,matches_existing,2031,PCODE,False,existing_retained,AC,not_specified
ev_7e54668f9f962f4ecfb64ced21b0d6012231215962c61ab4c88a7cd4fe555219,,THE CARRINGTON INN,"59 Ellendon St
Bungendore NSW 2621
Australia",Exploren,8,AC,AC,-35.2576671,149.4393896,Queanbeyan-Palerang Regional Council,2621,Destination Charging R1,False,,type_only,Exploren,Exploren,False,ev_20251216.csv,False,False,False,2621,matches_existing,2621,PCODE,False,existing_retained,AC,not_specified
ev_3971e6f5b9e560e90ba551fd10a52afb02327b069f42337a6db289bac1552c8c,,,"59 Holmwood St
Newtown NSW 2042
Australia",PLUS ES,1,AC,22 kW,-33.9043602,151.1777948,Inner West Council,2042,Kerbside Charging R1,False,22.0,single_kw,PLUS ES,PLUS ES,False,ev_20251216.csv,False,False,False,2042,matches_existing,2042,PCODE,False,existing_retained,AC,not_specified
ev_baa56139466420315841d75e2c9ca860d6d813685f860add84fba53f03a3da45,,,"59 Lennox St, Richmond, 2753",Counties Energy,2,AC,22 kW,-33.60129234,150.7534484,Hawkesbury City Council,2753,Existing Destination Chargers,False,22.0,single_kw,Counties Energy,Counties Energy,False,ev_20251216.csv,False,False,False,,no_address_candidate,2753,PCODE,False,existing_retained,AC,not_specified
ev_6e317c25b8c3359de7dd510fc59c4f86971173dc7126b95522c38a9a9be77bc0,,,"59 Metropolitan Rd
Enmore NSW 2042
Australia",PLUS ES,1,AC,22 kW,-33.9011767,151.1723823,Inner West Council,2042,Kerbside Charging R1,False,22.0,single_kw,PLUS ES,PLUS ES,False,ev_20251216.csv,False,False,False,2042,matches_existing,2042,PCODE,False,existing_retained,AC,not_specified
ev_c00e6c0a3eb8a714cb7eb87dc4b420e639e700fbab3f40bca7db35b357c382cd,,,"59 Windsor St
Paddington NSW 2021
Australia",PLUS ES,1,AC,7 kW,-33.8851011,151.2333722,Woollahra Municipal Council,2021,Kerbside Charging R1,False,7.0,single_kw,PLUS ES,PLUS ES,False,ev_20251216.csv,False,False,False,2021,matches_existing,2021,PCODE,False,existing_retained,AC,not_specified
ev_da8d0a017ef2a7ac9df578287b23cfa7093f8064fe8c641f7bf04ee8b22303f7,,,"592 Anzac Pde
Kingsford NSW 2032
Australia",Evie Networks,4,DC,75 kW,-33.9260318,151.2312658,Randwick City Council,2032,Kerbside Charging R1,False,75.0,single_kw,Evie Networks,Evie,False,ev_20251216.csv,False,False,False,2032,matches_existing,2032,PCODE,False,existing_retained,DC,not_specified
ev_2d171ed448723931a45f004775041963a2060f982bb31cf1dfc52df8c7a74b14,,,"6 Burt St
Rozelle NSW 2039
Australia",PLUS ES,1,AC,22 kW,-33.8683879,151.17213,Inner West Council,2039,Kerbside Charging R1,False,22.0,single_kw,PLUS ES,PLUS ES,False,ev_20251216.csv,False,False,False,2039,matches_existing,2039,PCODE,False,existing_retained,AC,not_specified
ev_7350b1ab3df8beeee203d43510bb3bb69bad6ae54b2e94697b4a2757c73f5941,,NRMA Parks and Resorts,"6 Kosciuszko Rd
Jindabyne NSW 2627
Australia",Chargefox,8,AC,AC,-36.4136981,148.6200042,Snowy Monaro Regional Council,2627,Destination Charging R1,False,,type_only,Chargefox,Chargefox,False,ev_20251216.csv,False,False,False,2627,matches_existing,2627,PCODE,False,existing_retained,AC,not_specified
ev_1fae942a6a55690dad00a068df6fcc66f49a74024bc35729c5cb7f65ad377174,,Broulee,"6 Lyttle St
Broulee NSW 2537
Australia",Exploren,4,AC,AC,-35.856913,150.1737786,Eurobodalla Shire Council,2537,Destination Charging R2,False,,type_only,Exploren,Exploren,False,ev_20251216.csv,False,False,False,2537,matches_existing,2537,PCODE,False,existing_retained,AC,not_specified
ev_5076702a5c6656e7579e8f9efc64654b79b0242d724f3e205fd6dbfb56abc255,,Buronga Midway Centre,"6 Midway Dr
Buronga NSW 2739
Australia",Chargefox,2,AC,AC,-34.1746262,142.1997768,Wentworth Shire Council,2739,Destination Charging R2,False,,type_only,Chargefox,Chargefox,False,ev_20251216.csv,False,False,False,2739,matches_existing,2739,PCODE,False,existing_retained,AC,not_specified
ev_bf14c35d0e9cb5a4406b02226d451c741452691cfaf534e079b57b47f8c9c6b4,,Cooma Motor Lodge,"6 Sharp St
Cooma NSW 2630
Australia",Charge Hub,4,AC,AC,-36.2295752,149.1352524,Snowy Monaro Regional Council,2630,Destination Charging R2,False,,type_only,Charge Hub,Charge Hub,True,ev_20251216.csv,False,False,False,2630,matches_existing,2630,PCODE,False,existing_retained,AC,not_specified
ev_74a62fcbdd0e1dedba8488b9444417d0696fc66d2b6403127480262cebe0b95b,,,"60-62 Amherst St
Cammeray NSW 2062
Australia",Evie Networks,4,DC,50 kW,-33.8227718,151.2109254,North Sydney Council,2062,Kerbside Charging R1,False,50.0,single_kw,Evie Networks,Evie,False,ev_20251216.csv,False,False,False,2062,matches_existing,2062,PCODE,False,existing_retained,DC,not_specified
ev_c69a99bd468a61348f0eb07822a62b7a2484be108b1252a11b92ca584ef0b7ad,,,"61 Broome St
Maroubra NSW 2035
Australia",PLUS ES,1,AC,22 kW,-33.9532638,151.2503323,Randwick City Council,2035,Kerbside Charging R1,False,22.0,single_kw,PLUS ES,PLUS ES,False,ev_20251216.csv,False,False,False,2035,matches_existing,2035,PCODE,False,existing_retained,AC,not_specified
ev_d4b8c5e7fc8af999cbc55679867a604e7c65f230f9e42431583466c9e9d16168,,The Builders Club,"61 Church St
Wollongong NSW 2500
Australia",Non-networked,3,AC,AC,-34.4206636,150.8968306,Wollongong City Council,2500,Destination Charging R2,False,,type_only,Non-networked,Non-networked,False,ev_20251216.csv,False,False,False,2500,matches_existing,2500,PCODE,False,existing_retained,AC,not_specified
ev_2c1d036dcf5fe6c3f843ef189185c451d170151b9bc3a55b04a318618e354a6b,,,"61 Constitution Rd
Dulwich Hill NSW 2203
Australia",EVE Australia,2,AC,22 kW,-33.9015095,151.1367499,Inner West Council,2203,Kerbside Charging R1,False,22.0,single_kw,EVE Australia,EVE Australia,False,ev_20251216.csv,False,False,False,2203,matches_existing,2203,PCODE,False,existing_retained,AC,not_specified
ev_04f01fbbfbf203a784f102a654ee16eca0f362b6cf8d8bf553c403d42492eeeb,,The Beach Rooms,"6-10 Fraser St
Nambucca Heads NSW 2448
Australia",Chargefox,4,AC,AC,-30.6444023,153.003824,Nambucca Valley Council,2448,Destination Charging R2,False,,type_only,Chargefox,Chargefox,False,ev_20251216.csv,False,False,False,2448,matches_existing,2448,PCODE,False,existing_retained,AC,not_specified
ev_66d7ddfcd0d6ceef69fd03aa08bb488df124113d7fea7d7b0da0c65cefddd32b,,Wentworth Civic Centre Carpark,"61-79 Darling St
Wentworth NSW 2648
Australia",Chargefox,2,AC,AC,-34.1060549,141.9197893,Wentworth Shire Council,2648,Destination Charging R2,False,,type_only,Chargefox,Chargefox,False,ev_20251216.csv,False,False,False,2648,matches_existing,2648,PCODE,False,existing_retained,AC,not_specified
ev_ff114def7a6bb53d713ba534bf472dae63501b909e4989a62f91805dd577fcea,,,618 Dean St Albury NSW 2640 Australia,Tesla,16,DC,175 kW,-36.0796606,146.9138899,Albury City Council,2640,Fast Charging R1,False,175.0,single_kw,Tesla,Tesla,False,ev_20251216.csv,False,False,False,2640,matches_existing,2640,PCODE,False,existing_retained,DC,not_specified
ev_59c3f622ce76ec8f310f6a545fabe81befe9121d5590f7393a12cf26fe7926e8,,Alexander Motor inn,"62 Alice St
Moree NSW 2400
Australia",360 EV Charge,4,AC,AC,-29.4717271,149.8426258,Moree Plains Shire Council,2400,Destination Charging R2,False,,type_only,360 EV Charge,360 EV Charge,False,ev_20251216.csv,False,False,False,2400,matches_existing,2400,PCODE,False,existing_retained,AC,not_specified
ev_f4caacd99f4f66fd3455df186b30290b49f1d1766b53ba408c28d3ea51e7408a,,Dunghutti-Ngaku Aboriginal Art Gallery,"62-118 Lachlan St
South Kempsey NSW 2440
Australia",Exploren,2,AC,AC,-31.096702,152.8350719,Kempsey Shire Council,2440,Destination Charging R2,False,,type_only,Exploren,Exploren,False,ev_20251216.csv,False,False,False,2440,matches_existing,2440,PCODE,False,existing_retained,AC,not_specified
ev_7b703c1a277eeac378dd2c74706882a73745ec7cf4d573ce043d621b9c814762,,,"626 Mowbray Rd
Lane Cove North NSW 2066
Australia",PLUS ES,1,AC,22 kW,-33.8048995,151.1561335,Lane Cove Municipal Council,2066,Kerbside Charging R1,False,22.0,single_kw,PLUS ES,PLUS ES,False,ev_20251216.csv,False,False,False,2066,matches_existing,2066,PCODE,False,existing_retained,AC,not_specified
ev_866180f8669605e30dbcc3c6ac3e20170b823d6de27278586424fb96404a5c38,,Poet's Cottage,"63 Valley Rd
Wentworth Falls NSW 2782
Australia",Charge Hub,1,AC,AC,-33.7148217,150.3638247,Blue Mountains City Council,2782,Destination Charging R2,False,,type_only,Charge Hub,Charge Hub,True,ev_20251216.csv,False,False,False,2782,matches_existing,2782,PCODE,False,existing_retained,AC,not_specified
ev_8b4b6f72b8f0e92854af57fd7b4dcba5e31b5eb8ae51a596d5ba8928f992b171,,,"63 Wild St
Maroubra NSW 2035
Australia",Chargefox,2,AC,22 kW,-33.944523,151.2320525,Randwick City Council,2035,Kerbside Charging R1,False,22.0,single_kw,Chargefox,Chargefox,False,ev_20251216.csv,False,False,False,2035,matches_existing,2035,PCODE,False,existing_retained,AC,not_specified
ev_0e2e667728595dbc0270f5af90f0b605e79e9398e308ad3864c632d602a60813,,,"64 Coogee Bay Rd
Randwick NSW 2031
Australia",PLUS ES,1,AC,22 kW,-33.9191344,151.247214,Randwick City Council,2031,Kerbside Charging R1,False,22.0,single_kw,PLUS ES,PLUS ES,False,ev_20251216.csv,False,False,False,2031,matches_existing,2031,PCODE,False,existing_retained,AC,not_specified
ev_123c07d97288864872680111c07ce2009b085dca1f34924a2d088eae5a1c7b2c,,The Convent Hunter Valley Hotel,"64 Halls Rd
Pokolbin NSW 2320
Australia",Non-networked,2,AC,AC,-32.7804911,151.315169,Cessnock City Council,2320,Destination Charging R2,False,,type_only,Non-networked,Non-networked,False,ev_20251216.csv,False,False,False,2320,matches_existing,2320,PCODE,False,existing_retained,AC,not_specified
ev_8986d123fde258415d45a5b07e620540a4fd21cfeb6d5deaa78b25e2d5da4b69,,,"64 Kensington Rd
Summer Hill NSW 2130
Australia",PLUS ES,1,AC,7 kW,-33.8882449,151.1391625,Inner West Council,2130,Kerbside Charging R1,False,7.0,single_kw,PLUS ES,PLUS ES,False,ev_20251216.csv,False,False,False,2130,matches_existing,2130,PCODE,False,existing_retained,AC,not_specified
ev_3b6c60d9979f53e037d6cc469000e1a234083b3321b24ac6d1f156b6f8ff88c3,,,"64-106 Mallett St, Camperdown, NSW, 2050, Australia",PLUS ES,1,AC,22 kW,-33.8886501,151.1778381,"Sydney, Council of the City of",2050,Kerbside Charging R1,False,22.0,single_kw,PLUS ES,PLUS ES,False,ev_20251216.csv,False,False,False,2050,matches_existing,2050,PCODE,False,existing_retained,AC,not_specified
ev_c14b94b6b5537733911793fd5c9ecd74f550237a0dddce07eae8475531e6f886,,,"642 Mowbray Rd
Lane Cove North NSW 2066
Australia",PLUS ES,1,AC,7 kW,-33.804692,151.1551155,Lane Cove Municipal Council,2066,Kerbside Charging R1,False,7.0,single_kw,PLUS ES,PLUS ES,False,ev_20251216.csv,False,False,False,2066,matches_existing,2066,PCODE,False,existing_retained,AC,not_specified
ev_21242f2ac3053b7877377512d51ae05ecab144e62c01b77a3eeb05b27f5a7cb0,,,"65 Booth St
Annandale NSW 2038
Australia",EVX,2,AC,22 kW,-33.8818903,151.1727116,Inner West Council,2038,Kerbside Charging R1,False,22.0,single_kw,EVX,EVX,False,ev_20251216.csv,False,False,False,2038,matches_existing,2038,PCODE,False,existing_retained,AC,not_specified
ev_ba57654673724470a03b4df61736faedf38fc83ebc34676f22fa1deee546232a,,,"65 Elizabeth St
Paddington NSW 2021
Australia",PLUS ES,1,AC,22 kW,-33.8847177,151.2334795,Woollahra Municipal Council,2021,Kerbside Charging R1,False,22.0,single_kw,PLUS ES,PLUS ES,False,ev_20251216.csv,False,False,False,2021,matches_existing,2021,PCODE,False,existing_retained,AC,not_specified
ev_eebc99b12e3eff7190371311f6d961a2ad19e947491969511c6a5cb1604d1843,,,"65 Hume St
Crows Nest NSW 2065
Australia",Evie Networks,4,DC,75 kW,-33.8243185,151.2002301,North Sydney Council,2065,Kerbside Charging R1,False,75.0,single_kw,Evie Networks,Evie,False,ev_20251216.csv,False,False,False,2065,matches_existing,2065,PCODE,False,existing_retained,DC,not_specified
ev_23371441253a92afdcd2d334a4e324c56498c49ac90270d398c62f75a0227da9,,,"66 Dover Rd
Rose Bay NSW 2029
Australia",EVX,2,AC,22 kW,-33.8732703,151.2743173,Waverley Council,2029,Kerbside Charging R1,False,22.0,single_kw,EVX,EVX,False,ev_20251216.csv,False,False,False,2029,matches_existing,2029,PCODE,False,existing_retained,AC,not_specified
ev_aa242af4bef41c4cecc1d15dee9158f8f47da0d9c896bef797003233df255413,,The Commercial Hotel Wallerawang,"66 Main St
Wallerawang NSW 2845
Australia",Exploren,4,AC,AC,-33.4073176,150.0674988,"Lithgow Council, City of",2845,Destination Charging R2,False,,type_only,Exploren,Exploren,False,ev_20251216.csv,False,False,False,2845,matches_existing,2845,PCODE,False,existing_retained,AC,not_specified
ev_04280495fd96b900077aaace611ad166e25e021e501b434f003ec7b03503005e,,,"66 Mill Hill Rd
Bondi Junction NSW 2022
Australia",PLUS ES,1,AC,22 kW,-33.8927166,151.244189,Waverley Council,2022,Kerbside Charging R1,False,22.0,single_kw,PLUS ES,PLUS ES,False,ev_20251216.csv,False,False,False,2022,matches_existing,2022,PCODE,False,existing_retained,AC,not_specified
ev_28f1957a1b6480303ce02e4ac2ef26084b87f1638cc768679970ac23cd95c495,,,"67 Boomerang St
Haberfield NSW 2045
Australia",PLUS ES,1,AC,22 kW,-33.870799,151.1454843,Inner West Council,2045,Kerbside Charging R1,False,22.0,single_kw,PLUS ES,PLUS ES,False,ev_20251216.csv,False,False,False,2045,matches_existing,2045,PCODE,False,existing_retained,AC,not_specified
ev_513aac9adda7a90860b9b06a1a953d5d963e0e5182f0ddb1b43fada71e318f12,,,"67 John St
Leichhardt NSW 2040
Australia",EVE Australia,4,AC,22 kW,-33.8804965,151.1661681,Inner West Council,2040,Kerbside Charging R1,False,22.0,single_kw,EVE Australia,EVE Australia,False,ev_20251216.csv,False,False,False,2040,matches_existing,2040,PCODE,False,existing_retained,AC,not_specified
ev_a533b36ca67069d1809c4c49273249037af4df79ffe8287ac6cfe84473a312cf,,,"67 Lilyfield Rd
Rozelle NSW 2039
Australia",EVE Australia,2,AC,22 kW,-33.8689498,151.1716716,Inner West Council,2039,Kerbside Charging R1,False,22.0,single_kw,EVE Australia,EVE Australia,False,ev_20251216.csv,False,False,False,2039,matches_existing,2039,PCODE,False,existing_retained,AC,not_specified
ev_0eadcac4a8b4d8e739d7046806450e159fe082775e687e7818aa76f582a1bd88,,Bulahdelah Motor Lodge,"67-71 Bulahdelah Way
Bulahdelah NSW 2423
Australia",Non-networked,2,AC,AC,-32.4092056,152.2106639,Mid-Coast Council,2423,Destination Charging R2,False,,type_only,Non-networked,Non-networked,False,ev_20251216.csv,False,False,False,2423,matches_existing,2423,PCODE,False,existing_retained,AC,not_specified
ev_1934e4115a7f819e8820c30ea823600a1c322d23ba1703d8a5d79a0e9dbd0c57,,Woomargama Village Hotel Motel,"679 Woomargama Way
Woomargama NSW 2644
Australia",EVUp,4,AC,AC,-35.8332433,147.2484602,Greater Hume Shire Council,2644,Destination Charging R2,False,,type_only,EVUp,EVUp,False,ev_20251216.csv,False,False,False,2644,matches_existing,2644,PCODE,False,existing_retained,AC,not_specified
ev_338b86db10a06677bd0284a66b3cb8ff64ba4078b221cf9ba636095489b2b948,,Deniliquin Country Club Motor Inn,"68 Crispe St
Deniliquin NSW 2710
Australia",EVUp,3,AC,AC,-35.5372847,144.9664112,Edward River Council,2710,Destination Charging R1,False,,type_only,EVUp,EVUp,False,ev_20251216.csv,False,False,False,2710,matches_existing,2710,PCODE,False,existing_retained,AC,not_specified
ev_07ee21d4494bcaa60091446e45dddd6694af3ff5c52caf37a3b2174c6f32a4fd,,,"68 Lead St, Yass NSW 2582, Australia",Tesla,12,DC,175 kW,-34.8436036,148.9142289,Yass Valley Council,2582,Fast Charging R1,False,175.0,single_kw,Tesla,Tesla,False,ev_20251216.csv,False,False,False,2582,matches_existing,2582,PCODE,False,existing_retained,DC,not_specified
ev_7aa597764fa918bf73f491046d94660c6800fe1d9173cafe800d687c47104c7b,,Maranda Country Estate,"68 Wollombi St
Broke NSW 2330
Australia",Exploren,2,AC,AC,-32.7381559,151.099194,Singleton Council,2330,Destination Charging R2,False,,type_only,Exploren,Exploren,False,ev_20251216.csv,False,False,False,2330,matches_existing,2330,PCODE,False,existing_retained,AC,not_specified
ev_b9c3ce370ce8a29369249770ac583e15a108c7b10cdc11aa45eee41711171acf,,,"69 Bay St
Double Bay NSW 2028
Australia",Chargefox,2,AC,22 kW,-33.8746078,151.2425765,Woollahra Municipal Council,2028,Kerbside Charging R1,False,22.0,single_kw,Chargefox,Chargefox,False,ev_20251216.csv,False,False,False,2028,matches_existing,2028,PCODE,False,existing_retained,AC,not_specified
ev_749592c374fc71582ee098c42a87c4a68b4a139d2ec948ec9f0538440294f4e6,,Glenworth Valley Outdoor Adventures,"69 Cooks Rd
Glenworth Valley NSW 2250
Australia",Everty,4,AC,AC,-33.4031523,151.192874,Central Coast Council,2250,Destination Charging R1,False,,type_only,Everty,Everty,False,ev_20251216.csv,False,False,False,2250,matches_existing,2250,PCODE,False,existing_retained,AC,not_specified
ev_09ab96267f588969b6c574b90d26effa80cec56e1444a41290cff41f71b75702,,,"69 St Marks Rd
Randwick NSW 2031
Australia",PLUS ES,1,AC,22 kW,-33.9131216,151.2466295,Randwick City Council,2031,Kerbside Charging R1,False,22.0,single_kw,PLUS ES,PLUS ES,False,ev_20251216.csv,False,False,False,2031,matches_existing,2031,PCODE,False,existing_retained,AC,not_specified
ev_9937ad6463e1071ca4b524b928cd4be07a714785d4557017891e00da6dae5953,,Cael's Gate Wines,"697 Wollombi Rd
Broke NSW 2330
Australia",Exploren,2,AC,AC,-32.7954858,151.0769092,Singleton Council,2330,Destination Charging R2,False,,type_only,Exploren,Exploren,False,ev_20251216.csv,False,False,False,2330,matches_existing,2330,PCODE,False,existing_retained,AC,not_specified
ev_51f8cbfd8db22ea3b3308d032a27f40f092796df1692a1b91f7a8879eb5a5ea4,,Park Proxi Gibraltar Bowral,"7 Boronia St
Bowral NSW 2576
Australia",Exploren,4,AC,AC,-34.4662955,150.4136177,Wingecarribee Shire Council,2576,Destination Charging R2,False,,type_only,Exploren,Exploren,False,ev_20251216.csv,False,False,False,2576,matches_existing,2576,PCODE,False,existing_retained,AC,not_specified
ev_147105591f51781ef334fc71d645592834e9e58bf7df22cad581ff8f6e8c1acf,,,"7 Collingwood St
Bronte NSW 2024
Australia",Chargefox,2,AC,22 kW,-33.9071736,151.2655304,Waverley Council,2024,Kerbside Charging R1,False,22.0,single_kw,Chargefox,Chargefox,False,ev_20251216.csv,False,False,False,2024,matches_existing,2024,PCODE,False,existing_retained,AC,not_specified
ev_b4e11c920cc806380292e0fbbbaceca696305dd3f48e6f062f77a997fe76eb88,,,"7 Holmwood St
Newtown NSW 2042
Australia",PLUS ES,1,AC,22 kW,-33.9038755,151.1793331,Inner West Council,2042,Kerbside Charging R1,False,22.0,single_kw,PLUS ES,PLUS ES,False,ev_20251216.csv,False,False,False,2042,matches_existing,2042,PCODE,False,existing_retained,AC,not_specified
ev_f8aed18e22d662e6f98e4234adf7a2ecd422deff33855d20c0af366e7b92fe2e,,,"7 Jersey Rd
Woollahra NSW 2025
Australia",PLUS ES,1,AC,22 kW,-33.888478,151.2326973,Woollahra Municipal Council,2025,Kerbside Charging R1,False,22.0,single_kw,PLUS ES,PLUS ES,False,ev_20251216.csv,False,False,False,2025,matches_existing,2025,PCODE,False,existing_retained,AC,not_specified
ev_bf2be151cf1c017c9eafdc06510ece73fde7e5901c160a5ea3498fd844d50c0c,,Wanderers Retreat,"7 Koala Pl
One Mile NSW 2316
Australia",Everty,4,AC,AC,-32.7765516,152.1098183,Port Stephens Council,2316,Destination Charging R2,False,,type_only,Everty,Everty,False,ev_20251216.csv,False,False,False,2316,matches_existing,2316,PCODE,False,existing_retained,AC,not_specified
ev_ba4ee9ce016ab25d414df637c3dffa61d26efea738539a346f9921fd2b974023,,Gosford Palms Motor Inn,"7 Moore St
West Gosford NSW 2250
Australia",EVNet,2,AC,AC,-33.4264633,151.3325267,Central Coast Council,2250,Destination Charging R2,False,,type_only,EVNet,EVNet,False,ev_20251216.csv,False,False,False,2250,matches_existing,2250,PCODE,False,existing_retained,AC,not_specified
ev_606cdfda4e61fa6756bff572c3fcb61f4c6da39d48120e7ab8fd10a3ece88e1b,,,"7 Northwood Rd, Longueville NSW 2066, Australia",BP,4,DC,175 kW,-33.8245399,151.172579,Lane Cove Municipal Council,2066,Fast Charging R1,False,175.0,single_kw,BP,BP,False,ev_20251216.csv,False,False,False,2066,matches_existing,2066,PCODE,False,existing_retained,DC,not_specified
ev_ee071a9beba01abf12a96e8e9c83f4b409647ca209e028f7c14088fb3ba179de,,,"7 Poynton Pl
Thornton NSW 2322
Australia",Chargefox,2,AC,AC,-32.7958699,151.6383771,Maitland City Council,2322,Destination Charging R1,False,,type_only,Chargefox,Chargefox,False,ev_20251216.csv,False,False,False,2322,matches_existing,2322,PCODE,False,existing_retained,AC,not_specified
ev_e5ab0cc81c807869825cfe2f2285d51bd33847c214bd93d3e96834709a88f085,,ZIG ZAG MOTEL,"70 Chifley Rd
Vale of Clwydd NSW 2790
Australia",Everty,2,AC,AC,-33.4771293,150.1725465,"Lithgow Council, City of",2790,Destination Charging R2,False,,type_only,Everty,Everty,False,ev_20251216.csv,False,False,False,2790,matches_existing,2790,PCODE,False,existing_retained,AC,not_specified
ev_f946aba372c763f374574e44c6266cfd594d32e7d4e8f63d9ab5a773402974a2,,,"70 Lower Gibbes St
Chatswood NSW 2067
Australia",EVX,2,AC,22 kW,-33.7856331,151.1976319,Willoughby City Council,2067,Kerbside Charging R1,False,22.0,single_kw,EVX,EVX,False,ev_20251216.csv,False,False,False,2067,matches_existing,2067,PCODE,False,existing_retained,AC,not_specified
ev_a8c420cbb25755241065d6b0a1efa5450a0705543149d2781d970d2541687336,,Byron Shire Council Administration Building Public Carpark,"70 Station St
Mullumbimby NSW 2482
Australia",Chargefox,2,AC,AC,-28.5544073,153.5025086,Byron Shire Council,2482,Destination Charging R2,False,,type_only,Chargefox,Chargefox,False,ev_20251216.csv,False,False,False,2482,matches_existing,2482,PCODE,False,existing_retained,AC,not_specified
ev_13cf0824d27218c45ec8b52367227b0deb8d85127d697127280ec48338c584b7,,Gartelmann Wines,"701 Lovedale Rd
Lovedale NSW 2325
Australia",EVNet,2,AC,AC,-32.7450596,151.3879283,Cessnock City Council,2325,Destination Charging R2,False,,type_only,EVNet,EVNet,False,ev_20251216.csv,False,False,False,2325,matches_existing,2325,PCODE,False,existing_retained,AC,not_specified
ev_30e5e2735f4fc77335722d594bb1377b73319c2b4f6f842942af579df24d087e,,,"7-11 Old Hume Hwy
Mittagong NSW 2575
Australia",Smart Charge,2,AC,AC,-34.4480824,150.4561517,Wingecarribee Shire Council,2575,Destination Charging R1,False,,type_only,Smart Charge,Smart Charge,False,ev_20251216.csv,False,False,False,2575,matches_existing,2575,PCODE,False,existing_retained,AC,not_specified
ev_1489cae8aa7d01486a6a40ca2d07becb2862bc6d381260462ea059b2623cf449,,Deniliquin RSL Club Ltd,"72 End St
Deniliquin NSW 2710
Australia",Smart Charge,8,AC,AC,-35.5355744,144.9673445,Edward River Council,2710,Destination Charging R1,False,,type_only,Smart Charge,Smart Charge,False,ev_20251216.csv,False,False,False,2710,matches_existing,2710,PCODE,False,existing_retained,AC,not_specified
ev_880bf9ed632fa40cfd1ddd9df669ddb3b60c842c8d72b48ded208b39ecc60e7b,,Hall St Carpark - Warialda,"72 Hope St
Warialda NSW 2402
Australia",Exploren,1,AC,AC,-29.5408204,150.5760029,Gwydir Shire Council,2402,Destination Charging R2,False,,type_only,Exploren,Exploren,False,ev_20251216.csv,False,False,False,2402,matches_existing,2402,PCODE,False,existing_retained,AC,not_specified
ev_4a72e8dadf98c01f0c62241db9057233fb696a8565264b603d532473c84942a5,,,72 Lachlan St Hay NSW 2711 Australia,Tesla,6,DC,175 kW,-34.5115082,144.8422816,Hay Shire Council,2711,Fast Charging R1,False,175.0,single_kw,Tesla,Tesla,False,ev_20251216.csv,False,False,False,2711,matches_existing,2711,PCODE,False,existing_retained,DC,not_specified
ev_c6a243f8c7e29a37c7ed49682bf652ac39f9d14092d24deed6e33c819d8cba9e,,,"72 Watt St
Newcastle NSW 2300
Australia",Chargefox,2,AC,22 kW,-32.9314045,151.7820601,Newcastle City Council,2300,Kerbside Charging R1,False,22.0,single_kw,Chargefox,Chargefox,False,ev_20251216.csv,False,False,False,2300,matches_existing,2300,PCODE,False,existing_retained,AC,not_specified
ev_4d129cf4540eb14e9a3ac7327f13d746e4d5d29398bc4dd9d8a51683a4d52740,,,"726 Bourke St
Redfern NSW 2016
Australia",EVX,2,AC,22 kW,-33.8940195,151.2141751,"Sydney, Council of the City of",2016,Kerbside Charging R1,False,22.0,single_kw,EVX,EVX,False,ev_20251216.csv,False,False,False,2016,matches_existing,2016,PCODE,False,existing_retained,AC,not_specified
ev_47cfb728c95a3537a3f6648d7cb9d88f04c00a2505f9a2235174b7a6dee15ac8,,Mid-Western Regional Council,"73 Louee St
Rylstone NSW 2849
Australia",Smart Charge,2,AC,AC,-32.7976467,149.970402,Mid-Western Regional Council,2849,Destination Charging R1,False,,type_only,Smart Charge,Smart Charge,False,ev_20251216.csv,False,False,False,2849,matches_existing,2849,PCODE,False,existing_retained,AC,not_specified
ev_2631b0d153f4e7b16059b1df7b1df0f2c5ef44c80331d27ef765539ca2f77f9d,,Bermagui Fishermen's Co-Operative,"73-79 Lamont St
Bermagui NSW 2546
Australia",Chargefox,2,AC,AC,-36.4266414,150.0714385,Bega Valley Shire Council,2546,Destination Charging R1,False,,type_only,Chargefox,Chargefox,False,ev_20251216.csv,False,False,False,2546,matches_existing,2546,PCODE,False,existing_retained,AC,not_specified
ev_ae2245aeab1deac1a75bc960841bb5b1ce3d3803743d395eec25d24d252c2160,,,"75 Corunna Rd
Stanmore NSW 2048
Australia",PLUS ES,1,AC,22 kW,-33.8889825,151.1684613,Inner West Council,2048,Kerbside Charging R1,False,22.0,single_kw,PLUS ES,PLUS ES,False,ev_20251216.csv,False,False,False,2048,matches_existing,2048,PCODE,False,existing_retained,AC,not_specified
ev_67b10fa9d1bd9b4b3e29ee254b928558d6bf90e6d64b48fdc115ff29ace0de46,,,"75 Park Rd
Naremburn NSW 2065
Australia",EVX,2,AC,22 kW,-33.8155469,151.194236,Willoughby City Council,2065,Kerbside Charging R1,False,22.0,single_kw,EVX,EVX,False,ev_20251216.csv,False,False,False,2065,matches_existing,2065,PCODE,False,existing_retained,AC,not_specified
ev_5b1b93d4574610e7b4e05d634f57c32ec880678be1530c0ec2686360be6612d1,,Tumut Riverina Highlands Building Public Car Park,"76 Capper St
Tumut NSW 2720
Australia",Chargefox,4,AC,AC,-35.3012354,148.2201425,Snowy Valleys Council,2720,Destination Charging R2,False,,type_only,Chargefox,Chargefox,False,ev_20251216.csv,False,False,False,2720,matches_existing,2720,PCODE,False,existing_retained,AC,not_specified
ev_0bc1a04462ac19652eb3b5757635492a0a90858ff387dbae28400575229efd3d,,Coolamon Shire Council,"76 Ford St
Ganmain NSW 2702
Australia",Exploren,2,AC,AC,-34.7933852,147.0388513,Coolamon Shire Council,2702,Destination Charging R1,False,,type_only,Exploren,Exploren,False,ev_20251216.csv,False,False,False,2702,matches_existing,2702,PCODE,False,existing_retained,AC,not_specified
ev_f72b273d176b66c0c0b8a27f2cbb00981671de1e78092bec2a88e26637560afa,,Palms Oasis Motel Coopernook,"76 George Gibson Dr
Coopernook NSW 2426
Australia",Everty,2,AC,AC,-31.8234893,152.6161719,Mid-Coast Council,2426,Destination Charging R2,False,,type_only,Everty,Everty,False,ev_20251216.csv,False,False,False,2426,matches_existing,2426,PCODE,False,existing_retained,AC,not_specified
ev_7b70b15239c8900547e5a9ac8efb7b652289a4a4f86d21cf882d18948a47a23a,,,"76 Glossop St, North St Marys NSW 2760, Australia",BP,4,DC,175 kW,-33.7601979,150.7816339,Penrith City Council,2760,Fast Charging R1,False,175.0,single_kw,BP,BP,False,ev_20251216.csv,False,False,False,2760,matches_existing,2760,PCODE,False,existing_retained,DC,not_specified
ev_350bce4ee6dc99118ecfae94d9c1d917280da89092f93e40239444d11da392dd,,Latitude 32 Cellar Door,"771 Hermitage Rd
Pokolbin NSW 2320
Australia",Non-networked,2,AC,AC,-32.7165581,151.2572876,Singleton Council,2320,Destination Charging R2,False,,type_only,Non-networked,Non-networked,False,ev_20251216.csv,True,False,True,2320,matches_existing,2320,PCODE,False,existing_retained,AC,not_specified
ev_55d558357709fd66536b69ac4467a704a8fad5091014f80e01089605c6b1764e,,Highlands Motor Inn,"77-79 Dart St
Oberon NSW 2787
Australia",CasaCharge,2,AC,AC,-33.7021774,149.8557833,Oberon Council,2787,Destination Charging R2,False,,type_only,CasaCharge,CasaCharge,False,ev_20251216.csv,False,False,False,2787,matches_existing,2787,PCODE,False,existing_retained,AC,not_specified
ev_723f4563b90d7c7a0b7b07b18744998597fdbf0b94f0ba51d05a9ad464681201,,Jervis Bay Holiday Park,"785 Woollamia Rd
Woollamia NSW 2540
Australia",Exploren,2,AC,AC,-35.0226143,150.6608772,Shoalhaven City Council,2540,Destination Charging R2,False,,type_only,Exploren,Exploren,False,ev_20251216.csv,False,False,False,2540,matches_existing,2540,PCODE,False,existing_retained,AC,not_specified
ev_5ddbb290e8c183b154561bde9bd710c37ed8e8a8cbdad285b6ffe0e253262a52,,Esca Bimbadgen,"790 McDonalds Rd
Pokolbin NSW 2320
Australia",Chargefox,2,AC,AC,-32.7442062,151.3156084,Cessnock City Council,2320,Destination Charging R2,False,,type_only,Chargefox,Chargefox,False,ev_20251216.csv,False,False,False,2320,matches_existing,2320,PCODE,False,existing_retained,AC,not_specified
ev_a891317225a4fca9cd1c720e9ec1c2bee90a3cc18f30617a60f28f45aec74c79,,,"8 Belmore St
Enmore NSW 2042
Australia",PLUS ES,1,AC,22 kW,-33.8982772,151.1730843,Inner West Council,2042,Kerbside Charging R1,False,22.0,single_kw,PLUS ES,PLUS ES,False,ev_20251216.csv,False,False,False,2042,matches_existing,2042,PCODE,False,existing_retained,AC,not_specified
ev_1c0707ab1bf9d2249631dcbefdaf2e358465d68b723fad14d826ce0d1174fe5f,,,"8 Eastbourne Ave
Clovelly NSW 2031
Australia",Chargefox,2,AC,22 kW,-33.9128921,151.2670905,Randwick City Council,2031,Kerbside Charging R1,False,22.0,single_kw,Chargefox,Chargefox,False,ev_20251216.csv,False,False,False,2031,matches_existing,2031,PCODE,False,existing_retained,AC,not_specified
ev_6a77d922a2c828a8aadc9c6fdf4e61297664b0be72b875ecb11a687a62bb9858,,,"8 Federation Rd
Camperdown NSW 2050
Australia",EVE Australia,2,DC,60 kW,-33.8934749,151.178294,Inner West Council,2050,Kerbside Charging R1,False,60.0,single_kw,EVE Australia,EVE Australia,False,ev_20251216.csv,False,False,False,2050,matches_existing,2050,PCODE,False,existing_retained,DC,not_specified
ev_9342f38e7ede47ae9f3f6e11bd468294925998f8cd76335a6df4af719e6f635e,,,"8 Harris St
Wallsend NSW 2287
Australia",Chargefox,2,AC,7 kW,-32.9000135,151.6697411,Newcastle City Council,2287,Kerbside Charging R1,False,7.0,single_kw,Chargefox,Chargefox,False,ev_20251216.csv,False,False,False,2287,matches_existing,2287,PCODE,False,existing_retained,AC,not_specified
ev_f69299e3601a2c1894dc7445b0053624516bc55043288a9a80dfd30d188998eb,,,"8 Holtermann St
Crows Nest NSW 2065
Australia",ChargePost,26,AC,22 kW,-33.824556,151.2017523,North Sydney Council,2065,Kerbside Charging R1,False,22.0,single_kw,ChargePost,ChargePost,False,ev_20251216.csv,False,False,False,2065,matches_existing,2065,PCODE,False,existing_retained,AC,not_specified
ev_e1915cf17ab45f43e6143cf90a00ff0c3658e90b291f7dd0db7c4e696a0423e1,,Acacia Snowy Motel,"8 Nettin Cct
Jindabyne NSW 2627
Australia",Exploren,4,AC,AC,-36.41917,148.6086205,Snowy Monaro Regional Council,2627,Destination Charging R2,False,,type_only,Exploren,Exploren,False,ev_20251216.csv,False,False,False,2627,matches_existing,2627,PCODE,False,existing_retained,AC,not_specified
ev_5b831093929722ee59e4bd6f95db28d1a8249aeeba97c6a98c5e0c022653f204,,,"8 Stanley St, Bathurst, NSW, 2795, Australia",NRMA,4,DC,175 kW,-33.413357,149.5853256,Bathurst Regional Council,2795,Fast Charging R1,False,175.0,single_kw,NRMA,NRMA,False,ev_20251216.csv,False,False,False,2795,matches_existing,2795,PCODE,False,existing_retained,DC,not_specified
ev_17c217ff2c77e109cdfe9d07bfb9375bc316268973eb6e83349f301fd8563063,,,"80 Victoria Rd
Marrickville NSW 2204
Australia",EVE Australia,2,AC,22 kW,-33.9063008,151.1689967,Inner West Council,2204,Kerbside Charging R1,False,22.0,single_kw,EVE Australia,EVE Australia,False,ev_20251216.csv,False,False,False,2204,matches_existing,2204,PCODE,False,existing_retained,AC,not_specified
ev_0222f40884609d10418f8d0706ed548bef6b9f90b89df22da71d2194adfe3d7d,,Camellia Motel,"80 Whitton St
Narrandera NSW 2700
Australia",Charge OS,4,AC,AC,-34.741197,146.5549449,Narrandera Shire Council,2700,Destination Charging R2,False,,type_only,Charge OS,Charge OS,False,ev_20251216.csv,False,False,False,2700,matches_existing,2700,PCODE,False,existing_retained,AC,not_specified
ev_24da761128de485174c66334365cf45d7b711f35bd3e323dc0932fa98ad30add,,,"801-899R Bunnerong Rd
Chifley NSW 2036
Australia",Chargefox,2,DC,50 kW,-33.9729613,151.2365649,Waverley Council,2036,Kerbside Charging R1,False,50.0,single_kw,Chargefox,Chargefox,False,ev_20251216.csv,False,False,False,2036,matches_existing,2036,PCODE,False,existing_retained,DC,not_specified
ev_23c4aff712b1a07a705315d23c643e45ccf0ac2d5c4862c6e138bb67df3f110e,,Vacy Rest Stop,"804 Gresford Rd
Vacy NSW 2421
Australia",Exploren,1,AC,AC,-32.5400577,151.5776541,Dungog Shire Council,2421,Destination Charging R2,False,,type_only,Exploren,Exploren,False,ev_20251216.csv,False,False,False,2421,matches_existing,2421,PCODE,False,existing_retained,AC,not_specified
ev_e6b56e8fc213e838241018dd52daa5e5d05838b8c98693bb7ba1174ac4ebeba9,,,"81 De Vitre St
Lambton NSW 2299
Australia",Chargefox,2,AC,7 kW,-32.9110097,151.7082908,Newcastle City Council,2299,Kerbside Charging R1,False,7.0,single_kw,Chargefox,Chargefox,False,ev_20251216.csv,False,False,False,2299,matches_existing,2299,PCODE,False,existing_retained,AC,not_specified
ev_dc8f610c2d1998131cbe121f7a18ea1c3d3ba32ca50d817fba20863456908756,,Cootamundra Library Car Park,"81 Wallendoon St
Cootamundra NSW 2590
Australia",Exploren,4,AC,AC,-34.6395032,148.0257059,Cootamundra-gundagai Regional Council,2590,Destination Charging R2,False,,type_only,Exploren,Exploren,False,ev_20251216.csv,False,False,False,2590,matches_existing,2590,PCODE,False,existing_retained,AC,not_specified
ev_447b943df94760b8b3d7f0ac48990c29f8106087c0aafebf4690b298f6763344,,,"8-12 Bega St
Tathra NSW 2550
Australia",Chargefox,2,AC,AC,-36.7278267,149.9885057,Bega Valley Shire Council,2550,Destination Charging R1,False,,type_only,Chargefox,Chargefox,False,ev_20251216.csv,False,False,False,2550,matches_existing,2550,PCODE,False,existing_retained,AC,not_specified
ev_8c24360b8b1ebc6577dff3cf4219700aaa081227651fb01c9a92200eb1871eaa,,Singleton Diggers - Alroy Park Club,"8-14 Dorsman Dr
Singleton Heights NSW 2330
Australia",Exploren,2,AC,AC,-32.5491609,151.1619536,Singleton Council,2330,Destination Charging R1,False,,type_only,Exploren,Exploren,False,ev_20251216.csv,False,False,False,2330,matches_existing,2330,PCODE,False,existing_retained,AC,not_specified
ev_38107b306360242338682ac309ff2af727098b4abccd3e55baa43dd21455057a,,,82 Summer St Orange NSW 2800 Australia,Tesla,6,DC,175 kW,-33.2833264,149.0944601,Orange City Council,2800,Fast Charging R1,False,175.0,single_kw,Tesla,Tesla,False,ev_20251216.csv,False,False,False,2800,matches_existing,2800,PCODE,False,existing_retained,DC,not_specified
ev_9addefd7e2a7604b35a71b600fabca79d9f9fc7ad2f825dae17aa4b498080cdf,,The Charles Boutique Hotel & Dining,"82 Tarcutta St
Wagga Wagga NSW 2650
Australia",Noodoe,3,AC,AC,-35.1151339,147.3753415,Wagga Wagga City Council,2650,Destination Charging R1,False,,type_only,Noodoe,Noodoe,False,ev_20251216.csv,False,False,False,2650,matches_existing,2650,PCODE,False,existing_retained,AC,not_specified
ev_d73150450af90283e684fa17988ba49b13185f36ad6f16ab97c304ccaa3d2ddc,,,"8275 Pacific Hwy, New Italy NSW 2472",Tesla,12,DC,175 kW,-30.8015492,152.8689544,Richmond Valley Council,2472,Fast Charging R1,False,175.0,single_kw,Tesla,Tesla,False,ev_20251216.csv,False,False,False,2472,matches_existing,2472,PCODE,False,existing_retained,DC,not_specified
ev_66c8820694f82fedc8482bcb5de0403f7cf5bbb67bfefc87d1aa12506cfa78fe,,The Civic,"83 Chandos St
Gunnedah NSW 2380
Australia",Exploren,4,AC,AC,-30.9761286,150.2519107,Gunnedah Shire Council,2380,Destination Charging R2,False,,type_only,Exploren,Exploren,False,ev_20251216.csv,False,False,False,2380,matches_existing,2380,PCODE,False,existing_retained,AC,not_specified
ev_e62b05b03ea3492a20d5e4376be3aedd021403cfcd0c3212ac58f950a03fc1f3,,Mingara Recreation Club,"83 Macquarie Rd
Springwood NSW 2777
Australia",Exploren,2,AC,AC,-33.6984685,150.5696737,Blue Mountains City Council,2777,Destination Charging R1,False,,type_only,Exploren,Exploren,False,ev_20251216.csv,False,False,False,2777,matches_existing,2777,PCODE,False,existing_retained,AC,not_specified
ev_c5e8c0cc24b6ba2940250a96f4444e35212612601b6e65a2593e1463ba5f7fcf,,Albury Showground,"836 Mate St
North Albury NSW 2640
Australia",Exploren,1,AC,AC,-36.0659794,146.935055,Albury City Council,2640,Destination Charging R2,False,,type_only,Exploren,Exploren,False,ev_20251216.csv,False,False,False,2640,matches_existing,2640,PCODE,False,existing_retained,AC,not_specified
ev_236c6a0b9e5ca53177880bc62980f74f66e5e711897c3ee6761ffb4aca8c08eb,,,"84 Frenchmans Rd
Randwick NSW 2031
Australia",PLUS ES,1,AC,22 kW,-33.9072488,151.2505126,Randwick City Council,2031,Kerbside Charging R1,False,22.0,single_kw,PLUS ES,PLUS ES,False,ev_20251216.csv,False,False,False,2031,matches_existing,2031,PCODE,False,existing_retained,AC,not_specified
ev_80b8dc74a1b99bd2003373f53384028d31099b3b97fecdbede7fabdf17e955e6,,Lovedale Wedding Chapel and Reception,"842 Lovedale Rd
Allandale NSW 2320
Australia",Exploren,4,AC,AC,-32.7326471,151.3923335,Cessnock City Council,2320,Destination Charging R2,False,,type_only,Exploren,Exploren,False,ev_20251216.csv,False,False,False,2320,matches_existing,2320,PCODE,False,existing_retained,AC,not_specified
ev_d328a233236f833cf4446b1377bea21a4ccf73e81e76c3f7aa2118b734b6c237,,,"85 Cowper St
Randwick NSW 2031
Australia",EVX,2,AC,22 kW,-33.9092542,151.2421072,Randwick City Council,2031,Kerbside Charging R1,False,22.0,single_kw,EVX,EVX,False,ev_20251216.csv,False,False,False,2031,matches_existing,2031,PCODE,False,existing_retained,AC,not_specified
ev_da0b2b287f120758f647d37444167932893acc662ac184c1d0b7c6870b27f0dd,,,"85 Denison St
Bondi Junction NSW 2022
Australia",PLUS ES,1,AC,22 kW,-33.89343,151.2443883,Waverley Council,2022,Kerbside Charging R1,False,22.0,single_kw,PLUS ES,PLUS ES,False,ev_20251216.csv,False,False,False,2022,matches_existing,2022,PCODE,False,existing_retained,AC,not_specified
ev_ccbcb25b3695d8e468992b55abdce46131ff9b6613168254f2c44db671b29091,,,"85 South St, Ulladulla NSW 2539, Australia",Evie Networks,4,DC,175 kW,-35.3595567,150.4754013,Shoalhaven City Council,2539,Fast Charging R1,False,175.0,single_kw,Evie Networks,Evie,False,ev_20251216.csv,False,False,False,2539,matches_existing,2539,PCODE,False,existing_retained,DC,not_specified
ev_6ebc4550425615fc7830b7370c863d77b719ab589b840ab77b1ab6016d099c70,,,"850 Woodville Rd, Villawood 2163, NSW",Evie Networks,4,DC,175 kW,-33.8791212,150.9776442,Canterbury Bankstown Council,2163,Fast Charging R2,False,175.0,single_kw,Evie Networks,Evie,False,ev_20251216.csv,False,False,False,2163,matches_existing,2163,PCODE,False,existing_retained,DC,not_specified
ev_a0d5defd88a28006f13aa09e844ca562af4da6b2c9bb62c39d4bb7e0335d4b98,,Sponars Chalet,"8568 Kosciuszko Rd
Wilsons Valley NSW 2624
Australia",Exploren,4,AC,AC,-36.3599294,148.4849448,Snowy Monaro Regional Council,2624,Destination Charging R2,False,,type_only,Exploren,Exploren,False,ev_20251216.csv,False,False,False,2624,matches_existing,2624,PCODE,False,existing_retained,AC,not_specified
ev_c73cdd9205fb852aa99e8db60f534213723a346f866594e6c90de85e24453a86,,,"86 Elswick St
Leichhardt NSW 2040
Australia",PLUS ES,1,AC,7 kW,-33.885178,151.1519273,Inner West Council,2040,Kerbside Charging R1,False,7.0,single_kw,PLUS ES,PLUS ES,False,ev_20251216.csv,False,False,False,2040,matches_existing,2040,PCODE,False,existing_retained,AC,not_specified
ev_755d68f5610c8f69620bd46a8a08cd87b0b13bfcd72c86372cf63ad46b190e92,,Lake Canobolas,"87 Lake Canobolas Rd
Nashdale NSW 2800
Australia",Exploren,2,AC,AC,-33.2968721,149.0245698,Cabonne Council,2800,Destination Charging R2,False,,type_only,Exploren,Exploren,False,ev_20251216.csv,False,False,False,2800,matches_existing,2800,PCODE,False,existing_retained,AC,not_specified
ev_a2cffd33d15be2891313e9f373dc4298aab945611ffe756f0a1c54482aafaf5a,,,"872 Anzac Pde, Maroubra, NSW, 2035",Evie Networks,4,DC,75 kW,-33.9406054,151.2395169,Randwick City Council,2035,Kerbside Charging R1,False,75.0,single_kw,Evie Networks,Evie,False,ev_20251216.csv,False,False,False,2035,matches_existing,2035,PCODE,False,existing_retained,DC,not_specified
ev_d1208dd4a94300646a1a71104f7fd368de7209a5dbc8c8e505da3ef33c698121,,,"88 Terry St
Tempe NSW 2044
Australia",PLUS ES,1,AC,22 kW,-33.9186508,151.1652517,Inner West Council,2044,Kerbside Charging R1,False,22.0,single_kw,PLUS ES,PLUS ES,False,ev_20251216.csv,False,False,False,2044,matches_existing,2044,PCODE,False,existing_retained,AC,not_specified
ev_99be29fb0b6e2a070da239eb540242182a04838ee5399aa9262d9c66f42cba77,,,"88-120 Clovelly Rd
Randwick NSW 2031
Australia",PLUS ES,1,AC,22 kW,-33.9091238,151.2486023,Randwick City Council,2031,Kerbside Charging R1,False,22.0,single_kw,PLUS ES,PLUS ES,False,ev_20251216.csv,False,False,False,2031,matches_existing,2031,PCODE,False,existing_retained,AC,not_specified
ev_d18b34cc625078108acdf28a6961a866729ddce6cb1dec046ec7374b59b621dd,,,"89 Curlewis St
Bondi Beach NSW 2026
Australia",Chargefox,1,AC,7 kW,-33.8879047,151.2722051,Waverley Council,2026,Kerbside Charging R1,False,7.0,single_kw,Chargefox,Chargefox,False,ev_20251216.csv,False,False,False,2026,matches_existing,2026,PCODE,False,existing_retained,AC,not_specified
ev_9349240dda7b83f1e2353f2ae31ec3d990bca4d311f80e4a02c78757787b19e6,,,"9 Ascot St
Kensington NSW 2033
Australia",EVX,2,AC,22 kW,-33.907747,151.2241023,Randwick City Council,2033,Kerbside Charging R1,False,22.0,single_kw,EVX,EVX,False,ev_20251216.csv,False,False,False,2033,matches_existing,2033,PCODE,False,existing_retained,AC,not_specified
ev_53e65f602a17334bbe36c6c359ccfc284615750553e8ffcf24512c8871428e7f,,,"9 Bessemer St, Mittagong, 2575",NRMA,2,AC,20 kW,-34.45008813,150.4424585,Wingecarribee Shire Council,2575,Existing Destination Chargers,False,20.0,single_kw,NRMA,NRMA,False,ev_20251216.csv,False,False,False,,no_address_candidate,2575,PCODE,False,existing_retained,AC,not_specified
ev_eba12032a9fe4cc76692ac0638fb1c1978a18d2271488e377ed053b010d2a443,,,"9 Fort St
Petersham NSW 2049
Australia",PLUS ES,1,AC,22 kW,-33.890109,151.1577673,Inner West Council,2049,Kerbside Charging R1,False,22.0,single_kw,PLUS ES,PLUS ES,False,ev_20251216.csv,False,False,False,2049,matches_existing,2049,PCODE,False,existing_retained,AC,not_specified
ev_a30154774e4f63d8d594c6cc5baa5bbb20198a0b2be3d79dbeb8c82fe2464f39,,Mantra on Salt Beach,"9 Gunnamatta Ave
Kingscliff NSW 2487
Australia",Chargefox,2,AC,AC,-28.2779639,153.5776313,Tweed Shire Council,2487,Destination Charging R1,False,,type_only,Chargefox,Chargefox,False,ev_20251216.csv,False,False,False,2487,matches_existing,2487,PCODE,False,existing_retained,AC,not_specified
ev_be13399a95d5a22eadcd270c4b46de903379acefdbbaeacbfdb8a1e412ae1335,,Toronto Workers Club,"9 James St
Toronto NSW 2283
Australia",CasaCharge,4,AC,AC,-33.0104168,151.5915663,Lake Macquarie City Council,2283,Destination Charging R2,False,,type_only,CasaCharge,CasaCharge,False,ev_20251216.csv,False,False,False,2283,matches_existing,2283,PCODE,False,existing_retained,AC,not_specified
ev_c5179f0c17cf5ec30bc50d6d262ec77184cbdac22f845c6edf256944eb7f5050,,,"9 Nicholson St
Balmain East NSW 2041
Australia",PLUS ES,1,AC,7 kW,-33.856438,151.1933937,Inner West Council,2041,Kerbside Charging R1,False,7.0,single_kw,PLUS ES,PLUS ES,False,ev_20251216.csv,False,False,False,2041,matches_existing,2041,PCODE,False,existing_retained,AC,not_specified
ev_d303e476439e76364187d0631666ebc53c95b03a54c0d46449b1f0292757ffd8,,Tura Garden Centre,"9 Tura Beach Dr
Tura Beach NSW 2548
Australia",EVUp,1,AC,AC,-36.863888,149.9151051,Bega Valley Shire Council,2548,Destination Charging R2,False,,type_only,EVUp,EVUp,False,ev_20251216.csv,False,False,False,2548,matches_existing,2548,PCODE,False,existing_retained,AC,not_specified
ev_45a3ef046ff422e37f44a238379fab58ecfe8b8f3ad7de72e4c3cb123d130ff4,,,"9 Vickery Ave
Rose Bay NSW 2029
Australia",Evie Networks,4,DC,75 kW,-33.8703543,151.2642569,Woollahra Municipal Council,2029,Kerbside Charging R1,False,75.0,single_kw,Evie Networks,Evie,False,ev_20251216.csv,False,False,False,2029,matches_existing,2029,PCODE,False,existing_retained,DC,not_specified
ev_7aadc785ce6ef7398a51701e8b691adadbef55430385b494a25feabc1ccefc8b,,,"90 Boundary St
Paddington NSW 2021
Australia",PLUS ES,1,AC,22 kW,-33.8792204,151.224936,Woollahra Municipal Council,2021,Kerbside Charging R1,False,22.0,single_kw,PLUS ES,PLUS ES,False,ev_20251216.csv,False,False,False,2021,matches_existing,2021,PCODE,False,existing_retained,AC,not_specified
ev_2aa4ede834826744f504dddf792f2c77db12459f60df0ea84ebd2984c45a5202,,Mid-Western Regional Council,"90 Market St
Mudgee NSW 2850
Australia",Smart Charge,2,AC,AC,-32.5900897,149.5835475,Mid-Western Regional Council,2850,Destination Charging R1,False,,type_only,Smart Charge,Smart Charge,False,ev_20251216.csv,False,False,False,2850,matches_existing,2850,PCODE,False,existing_retained,AC,not_specified
ev_940b23688f9c038ebaf7fa52420f31830ae3b6de2c7bcb831bbd1b35868b22f3,,,"90 Rowntree St
Birchgrove NSW 2041
Australia",PLUS ES,1,AC,7 kW,-33.8534353,151.1802386,Inner West Council,2041,Kerbside Charging R1,False,7.0,single_kw,PLUS ES,PLUS ES,False,ev_20251216.csv,False,False,False,2041,matches_existing,2041,PCODE,False,existing_retained,AC,not_specified
ev_498e13e52950c23268e90ea6a8b17b10affeefc9a675a7ea9f31cad519f79e00,,,"91 Annandale St
Annandale NSW 2038
Australia",PLUS ES,1,AC,22 kW,-33.8830534,151.1686672,Inner West Council,2038,Kerbside Charging R1,False,22.0,single_kw,PLUS ES,PLUS ES,False,ev_20251216.csv,False,False,False,2038,matches_existing,2038,PCODE,False,existing_retained,AC,not_specified
ev_f75eb8cd5a9d9a45210866d91f128beb26c6a3b3df7fc95d9902ca3ca986f554,,Cousins Motor Inn,"9-11 Glen Innes Rd
Inverell NSW 2360
Australia",EVUp,2,AC,AC,-29.7793751,151.1164452,Inverell Shire Council,2360,Destination Charging R1,False,,type_only,EVUp,EVUp,False,ev_20251216.csv,False,False,False,2360,matches_existing,2360,PCODE,False,existing_retained,AC,not_specified
ev_28fdfdcfbb5b016c6119905d475231c7850a59d85882ad88506cf152f01d9dc3,,,"9-11 Layton St
Camperdown NSW 2050
Australia",EVX,2,AC,22 kW,-33.8858813,151.1769326,"Sydney, Council of the City of",2050,Kerbside Charging R1,False,22.0,single_kw,EVX,EVX,False,ev_20251216.csv,False,False,False,2050,matches_existing,2050,PCODE,False,existing_retained,AC,not_specified
ev_035bc65ed294dc844e3bf7fdc991f0b7f99a37f6b997b1cd902bcf2b2b9bc742,,,"9-17 Short St, Parkes NSW 2870",Tesla,4,DC,175 kW,-33.1413775,148.1740685,Parkes Shire Council,2870,Fast Charging R1,False,175.0,single_kw,Tesla,Tesla,False,ev_20251216.csv,False,False,False,2870,matches_existing,2870,PCODE,False,existing_retained,DC,not_specified
ev_298a62eda73c1e70391a8713c5d77d427d192f38c7ba1c96ff5854acc8cb8597,,,"924 Anzac Pde
Maroubra NSW 2035
Australia",Evie Networks,2,DC,75 kW,-33.9427694,151.2401202,Randwick City Council,2035,Kerbside Charging R1,False,75.0,single_kw,Evie Networks,Evie,False,ev_20251216.csv,False,False,False,2035,matches_existing,2035,PCODE,False,existing_retained,DC,not_specified
ev_03ecb538c80714b3e42713eeeac0121753609fcc7058055e07f033cc3793f496,,Ingenia Holiday Parks - Wagga Wagga,"93 Hammond Ave
Wagga Wagga NSW 2650
Australia",Exploren,4,AC,AC,-35.1212252,147.3886118,Wagga Wagga City Council,2650,Destination Charging R2,False,,type_only,Exploren,Exploren,False,ev_20251216.csv,False,False,False,2650,matches_existing,2650,PCODE,False,existing_retained,AC,not_specified
ev_3b6c0aab28b046f9d0759486a984bc21d14a33bf71b223e8f6fac24e6c17ba2a,,,"93 Metropolitan Rd
Enmore NSW 2042
Australia",PLUS ES,1,AC,22 kW,-33.9020556,151.1727031,Inner West Council,2042,Kerbside Charging R1,False,22.0,single_kw,PLUS ES,PLUS ES,False,ev_20251216.csv,False,False,False,2042,matches_existing,2042,PCODE,False,existing_retained,AC,not_specified
ev_8b1876ee2b9ba99cea2dc49babf3615bcd147313c7af554039515a8a195f17f4,,Ulan Village Green,"94 Main St
Ulan NSW 2850
Australia",EVUp,2,AC,AC,-32.2784667,149.7443059,Mid-Western Regional Council,2850,Destination Charging R2,False,,type_only,EVUp,EVUp,False,ev_20251216.csv,False,False,False,2850,matches_existing,2850,PCODE,False,existing_retained,AC,not_specified
ev_51048ea3ec335216802563411929251ec99224ea5f7bd9d998383fd9d4cc44da,,Osborn House,"96 Osborn Ave
Bundanoon NSW 2578
Australia",Exploren,4,AC,AC,-34.657549,150.3029406,Wingecarribee Shire Council,2578,Destination Charging R2,False,,type_only,Exploren,Exploren,False,ev_20251216.csv,False,False,False,2578,matches_existing,2578,PCODE,False,existing_retained,AC,not_specified
ev_884b45b3bca83183032424f709819f53802e1214bf9c4ee4ed2daf74a050707e,,,"96A Dudley St
Coogee NSW 2034
Australia",PLUS ES,1,AC,22 kW,-33.9248666,151.2553779,Randwick City Council,2034,Kerbside Charging R1,False,22.0,single_kw,PLUS ES,PLUS ES,False,ev_20251216.csv,False,False,False,2034,matches_existing,2034,PCODE,False,existing_retained,AC,not_specified
ev_ebc1863416895f9dbc5bf39c5c16b78691a7eae26f417c61eacbbdc0863816d5,,,"97 Cascade St
Paddington NSW 2021
Australia",PLUS ES,1,AC,22 kW,-33.8807351,151.2326531,Woollahra Municipal Council,2021,Kerbside Charging R1,False,22.0,single_kw,PLUS ES,PLUS ES,False,ev_20251216.csv,False,False,False,2021,matches_existing,2021,PCODE,False,existing_retained,AC,not_specified
ev_d4fe75bee46bcad702129460e09b7988cebb153733a04b05fe67eaa796ed8f34,,Hermitage Road,"972 Hermitage Rd
Pokolbin NSW 2320
Australia",Exploren,2,AC,AC,-32.7351499,151.2597837,Singleton Council,2320,Destination Charging R2,False,,type_only,Exploren,Exploren,False,ev_20251216.csv,False,False,False,2320,matches_existing,2320,PCODE,False,existing_retained,AC,not_specified
ev_20e2bc79fcb02e47e49829b01c8accb9e1d946f0802ee34a3ad2d13325b3b14d,,Pioneer Country,"98 Fraser Dr
Tweed Heads South NSW 2486
Australia",Chargefox,2,AC,AC,-28.2016207,153.522817,Tweed Shire Council,2486,Destination Charging R2,False,,type_only,Chargefox,Chargefox,False,ev_20251216.csv,False,False,False,2486,matches_existing,2486,PCODE,False,existing_retained,AC,not_specified
ev_f4bdf2d71f2a875ac8594a1f9e0456ac156a4e933f6c51556df728be91e657ae,,Hotel Metropole,"98 Keen St
Lismore NSW 2480
Australia",Everty,4,AC,AC,-28.8084207,153.2793444,Lismore City Council,2480,Destination Charging R1,False,,type_only,Everty,Everty,False,ev_20251216.csv,False,False,False,2480,matches_existing,2480,PCODE,False,existing_retained,AC,not_specified
ev_8885fde7c1c60c9469e53e0f6c33db1846383dfcf76639431dbf84900b62798d,,,"98 Rowntree St
Birchgrove NSW 2041
Australia",PLUS ES,1,AC,7 kW,-33.8531448,151.1807182,Inner West Council,2041,Kerbside Charging R1,False,7.0,single_kw,PLUS ES,PLUS ES,False,ev_20251216.csv,False,False,False,2041,matches_existing,2041,PCODE,False,existing_retained,AC,not_specified
ev_52c57a4e834fc1d11e8c9a4cd74b9534fc9d1670f36cdc5c9a369b22e5db1697,,Dungowan,"99 Naval Pde
Erowal Bay NSW 2540
Australia",Exploren,4,AC,AC,-35.1026079,150.6502946,Shoalhaven City Council,2540,Destination Charging R2,False,,type_only,Exploren,Exploren,False,ev_20251216.csv,False,False,False,2540,matches_existing,2540,PCODE,False,existing_retained,AC,not_specified
ev_2f17353773abd9439a95e25ec9af2c7d96348da790373e7a66616091b9da7873,,Dubbo Regional Council,"99 Percy St
Wellington NSW 2820
Australia",Smart Charge,2,AC,AC,-32.5549188,148.9421813,Dubbo Regional Council,2820,Destination Charging R1,False,,type_only,Smart Charge,Smart Charge,False,ev_20251216.csv,False,False,False,2820,matches_existing,2820,PCODE,False,existing_retained,AC,not_specified
ev_ee74de1b7b8c84a4259df308bda42393057754f0db03ea2181adbff89ff61204,,Eastcoast Beverages,"993 George Downes Dr
Kulnura NSW 2250
Australia",EVSE,3,AC,AC,-33.2299841,151.2179851,Central Coast Council,2250,Destination Charging R2,False,,type_only,EVSE,EVSE,False,ev_20251216.csv,False,False,False,2250,matches_existing,2250,PCODE,False,existing_retained,AC,not_specified
ev_e92e8e959a0fff51c71469a8704fa95aca5a1c1464d6096f3ad49ba1265a8ae3,,EAST MAITLAND BOWLING CLUB.,"Banks St
East Maitland NSW 2323
Australia",Exploren,4,AC,AC,-32.748883,151.5811776,Maitland City Council,2323,Destination Charging R1,False,,type_only,Exploren,Exploren,False,ev_20251216.csv,False,False,False,2323,matches_existing,2323,PCODE,False,existing_retained,AC,not_specified
ev_b0f4a4d9a88ee28c59a67b96c7152091cf5bdea966827fdc778e56ce19d5162d,,,"Birmingham St, Sydney, 2015",Porsche Smart Mobility,4,AC,22 kW,-33.92094499,151.1944855,"Sydney, Council of the City of",2015,Existing Destination Chargers,False,22.0,single_kw,Porsche Smart Mobility,Porsche Smart Mobility,True,ev_20251216.csv,False,False,False,,no_address_candidate,2015,PCODE,False,existing_retained,AC,not_specified
ev_483661f2c27b016acc0a656f53e2ebdfacf1542e6767434b4d64124bb24243b7,,NRMA Parks and Resorts,"Bombah Point Rd
Bulahdelah NSW 2423
Australia",Chargefox,8,AC,AC,-32.4400154,152.2328245,Mid-Coast Council,2423,Destination Charging R1,False,,type_only,Chargefox,Chargefox,False,ev_20251216.csv,False,False,False,2423,matches_existing,2423,PCODE,False,existing_retained,AC,not_specified
ev_6a5996a8b7b924f6cfc9b190f749a73c0429985b3bb8a0a988d58dd1e5c52c78,,,"Brewer St
Concord NSW 2137
Australia",Evie Networks,4,DC,75 kW,-33.8538342,151.1054057,City Of Canada Bay Council,2137,Kerbside Charging R1,False,75.0,single_kw,Evie Networks,Evie,False,ev_20251216.csv,False,False,False,2137,matches_existing,2137,PCODE,False,existing_retained,DC,not_specified
ev_accb03b107cd88c7170097912acf9bbcec0aa434f4f50a084306f4c60c486df9,,Murrumbidgee Council,"Brolga Pl
Coleambally NSW 2707
Australia",Chargefox,2,AC,AC,-34.8064795,145.8801759,Murrumbidgee Council,2707,Destination Charging R1,False,,type_only,Chargefox,Chargefox,False,ev_20251216.csv,False,False,False,2707,matches_existing,2707,PCODE,False,existing_retained,AC,not_specified
ev_cbc5fdcbed1a9e6727ce0bd2027a71799a0429e5084c1e424cdde7d0cb0b5a22,,Bathurst Regional Council,"Budden St
Rockley NSW 2795
Australia",Exploren,2,AC,AC,-33.6897651,149.5663856,Bathurst Regional Council,2795,Destination Charging R1,False,,type_only,Exploren,Exploren,False,ev_20251216.csv,False,False,False,2795,matches_existing,2795,PCODE,False,existing_retained,AC,not_specified
ev_2380121bd9fa4a0a04886e59db872355835843a6b29040281b65169e4a54c036,,"War Memorial Hall, Tottenham","Bulbodney St
Tottenham NSW 2873
Australia",Exploren,2,AC,AC,-32.2494946,147.3540861,Lachlan Shire Council,2873,Destination Charging R2,False,,type_only,Exploren,Exploren,False,ev_20251216.csv,False,False,False,2873,matches_existing,2873,PCODE,False,existing_retained,AC,not_specified
ev_7579004a5d3d3024b193835db6ce103fb71c55a17f954d16b16da0815db2fa49,,Berrigan Shire,"Burkinshaw St
Barooga NSW 3644
Australia",Non-networked,2,AC,AC,-35.9066869,145.6880429,Berrigan Shire Council,3644,Destination Charging R1,False,,type_only,Non-networked,Non-networked,False,ev_20251216.csv,False,False,False,3644,matches_existing,3644,PCODE,False,existing_retained,AC,not_specified
ev_96272c524719da68b9940261b655844b41cf2a8acffe2cca5ec9bf05d0cbfb67,,,"Cabarita Beach Bowls and Sports Club, Cabarita Beach NSW 2488",NRMA,4,DC,175 kW,-28.332159,153.5641479,Tweed Shire Council,2488,Fast Charging R1,False,175.0,single_kw,NRMA,NRMA,False,ev_20251216.csv,False,False,False,2488,matches_existing,2488,PCODE,False,existing_retained,DC,not_specified
ev_1bff9e0a881cbd2244ad3b14d1a004d0096b3d9a46b64469e8de96cadd63daa8,,Dubbo Regional Council,"Caves Rd
Mitchell Highway
Wellington NSW 2820
Australia",Smart Charge,2,AC,AC,-32.6202413,148.9470403,Dubbo Regional Council,2820,Destination Charging R1,False,,type_only,Smart Charge,Smart Charge,False,ev_20251216.csv,False,False,False,2820,matches_existing,2820,PCODE,False,existing_retained,AC,not_specified
ev_e8c12d2c6ae383d8a9d36825a8511e82f1df8b2cfbfb8b3582ab5f2b16d4343a,,Kyogle Council,"Clarence St
Tabulam NSW 2469
Australia",Exploren,2,AC,AC,-28.8890741,152.5677423,Kyogle Council,2469,Destination Charging R1,False,,type_only,Exploren,Exploren,False,ev_20251216.csv,False,False,False,2469,matches_existing,2469,PCODE,False,existing_retained,AC,not_specified
ev_8006c40b0103b41f086482a2bf8de9ae056be8f065e6eb72d61b7248579a2ead,,,"Cnr Cumberland Hwy & Cabramatta Rd W, Cabramatta NSW 2166, Australia",BP,4,DC,175 kW,-33.8993725,150.9191077,Fairfield City Council,2166,Fast Charging R1,False,175.0,single_kw,BP,BP,False,ev_20251216.csv,False,False,False,2166,matches_existing,2166,PCODE,False,existing_retained,DC,not_specified
ev_6276315344034eb2f3a979546beff79325900cacdd1809612cfe3ae1034a4c2a,,Goolgowi Caravan Park,"Combo St
Goolgowi NSW 2652
Australia",Exploren,2,AC,AC,-33.9803438,145.7073444,Carrathool Shire Council,2652,Destination Charging R2,False,,type_only,Exploren,Exploren,False,ev_20251216.csv,False,False,False,2652,matches_existing,2652,PCODE,False,existing_retained,AC,not_specified
ev_61d91b8e20330ceaa76695d256b496f784c65a37fb0d1794c14d66eefc09b1a1,,,"Coonabarabran Visitor Cntr, Coonabarabran, 2357",NRMA,2,DC,50 kW,-31.27879984,149.2792432,Warrumbungle Shire Council,2357,Existing Fast Chargers,False,50.0,single_kw,NRMA,NRMA,False,ev_20251216.csv,False,False,False,,no_address_candidate,2357,PCODE,False,existing_retained,DC,not_specified
ev_0a677446522370aadeca52a6376cf803995bf0ada00f50de5dda3811756137f8,,,Corner Sturgeon St & Glenelg St Raymond Terrace NSW 2324 Australia,Tesla,12,DC,175 kW,-32.7645423,151.7425233,Port Stephens Council,2324,Fast Charging R1,False,175.0,single_kw,Tesla,Tesla,False,ev_20251216.csv,False,False,False,2324,matches_existing,2324,PCODE,False,existing_retained,DC,not_specified
ev_d57013d9060aa4cbb1064ef8c8fc43f70944266b590c7010f2fa93b6d32228be,,,Council Car Park Lot 4 / DP251076 between 46 Lowe Street Queanbeyan NSW 2620,NRMA,4,DC,175 kW,-35.3549827,149.2329145,Queanbeyan-Palerang Regional Council,2620,Fast Charging R1,False,175.0,single_kw,NRMA,NRMA,False,ev_20251216.csv,False,False,False,2620,matches_existing,2620,PCODE,False,existing_retained,DC,not_specified
ev_6961c43edf9280ce284ca2f4b1d50f96c5226e994cd98f75213dd5dd4f998544,,Edward River Council,"Cressy St
Deniliquin NSW 2710
Australia",Exploren,4,AC,AC,-35.5268433,144.9609962,Edward River Council,2710,Destination Charging R1,False,,type_only,Exploren,Exploren,False,ev_20251216.csv,False,False,False,2710,matches_existing,2710,PCODE,False,existing_retained,AC,not_specified
ev_bd1e0b756e0a34d99377ed3e8974c911f1d8b96fe90ff519f0cec570a2d8dad9,,Wallendbeen Park Farm,"Cullinga Rd
Wallendbeen NSW 2588
Australia",Exploren,1,AC,AC,-34.5615547,148.1710149,Cootamundra-gundagai Regional Council,2588,Destination Charging R2,False,,type_only,Exploren,Exploren,False,ev_20251216.csv,False,False,False,2588,matches_existing,2588,PCODE,False,existing_retained,AC,not_specified
ev_29319047e65a750ce40fc982bc1e58ebe7d69dcbf691f0bc62040d2e400874af,,Shellharbour City Council,"Cygnet Ave
Shellharbour City Centre NSW 2529
Australia",Chargefox,4,AC,AC,-34.565502,150.8334516,Shellharbour City Council,2529,Destination Charging R1,False,,type_only,Chargefox,Chargefox,False,ev_20251216.csv,False,False,False,2529,matches_existing,2529,PCODE,False,existing_retained,AC,not_specified
ev_4a08fd7bf76db0d2dad79d4304033232335833fdca4528eae2969c139a00c2ab,,Currabubula Recreation Grounds,"Davis St
Currabubula NSW 2342
Australia",Exploren,2,AC,AC,-31.2621086,150.7363082,Liverpool Plains Shire Council,2342,Destination Charging R2,False,,type_only,Exploren,Exploren,False,ev_20251216.csv,False,False,False,2342,matches_existing,2342,PCODE,False,existing_retained,AC,not_specified
ev_a5e2b4ff4c7f3993e67bd9e687ef389b958d66e75cb86bee68e434fe1c478dc4,,Early Start Discovery Space,"Early Start Discovery Space (Building 21) University of Wollongong
Northfields Ave
Wollongong NSW 2522
Australia",Chargefox,4,AC,AC,-34.4079569,150.877135,Wollongong City Council,2522,Destination Charging R2,False,,type_only,Chargefox,Chargefox,False,ev_20251216.csv,True,False,True,2522,matches_existing,2522,PCODE,False,existing_retained,AC,not_specified
ev_90371782b376db36898bdb86cfb1d5397bb90e7feb8ad1fa35cebb3c658b2389,,,"Evans St
Randwick NSW 2031
Australia",PLUS ES,1,AC,22 kW,-33.9039196,151.2386892,Randwick City Council,2031,Kerbside Charging R1,False,22.0,single_kw,PLUS ES,PLUS ES,False,ev_20251216.csv,False,False,False,2031,matches_existing,2031,PCODE,False,existing_retained,AC,not_specified
ev_850ecb8fe223c714444cf3ab55268f5429740100ad55ace9d1d69756732cf53a,,Weddin Shire Council,"Forbes St
Grenfell NSW 2810
Australia",Exploren,2,AC,AC,-33.8960764,148.1599851,Weddin Shire Council,2810,Destination Charging R1,False,,type_only,Exploren,Exploren,False,ev_20251216.csv,False,False,False,2810,matches_existing,2810,PCODE,False,existing_retained,AC,not_specified
ev_9f5b76d4eb9640fc5ab2b18797ac9c2b196c6440b792bd1d744519acb937036c,,,"Gasworks Ln, Molong, NSW, 2866, Australia",NRMA,4,DC,175 kW,-33.0912006,148.8706612,Cabonne Council,2866,Fast Charging R1,False,175.0,single_kw,NRMA,NRMA,False,ev_20251216.csv,False,False,False,2866,matches_existing,2866,PCODE,False,existing_retained,DC,not_specified
ev_ba43abb61552efd076c2a21b883a1f9e957b5ec2da6f695c55d2c1d715033962,,Port Kembla Golf Club,"Golf Pl
Primbee NSW 2502
Australia",EVSE,4,AC,AC,-34.5079997,150.8786484,Wollongong City Council,2502,Destination Charging R2,False,,type_only,EVSE,EVSE,False,ev_20251216.csv,False,False,False,2502,matches_existing,2502,PCODE,False,existing_retained,AC,not_specified
ev_5c84d9a5e3b0a77cdfc0e4938f2ac4d2e99f262bbb6ba445a65af7bcafc37121,,Ingenia Holiday Parks - South West Rocks.,"Gordon Young Dr
South West Rocks NSW 2431
Australia",Exploren,4,AC,AC,-30.8897222,153.0329191,Kempsey Shire Council,2431,Destination Charging R2,False,,type_only,Exploren,Exploren,False,ev_20251216.csv,False,False,False,2431,matches_existing,2431,PCODE,False,existing_retained,AC,not_specified
ev_566584fd917f9d2757d40993ab2f6de954464ebf8903ab0a939fa0b70819835b,,Club Lemon Tree,"Gould Dr
Lemon Tree Passage NSW 2319
Australia",Exploren,4,AC,AC,-32.7344282,152.0354666,Port Stephens Council,2319,Destination Charging R1,False,,type_only,Exploren,Exploren,False,ev_20251216.csv,False,False,False,2319,matches_existing,2319,PCODE,False,existing_retained,AC,not_specified
ev_3c89a1ebcda70d4bc0e9ae8542512c6cc004e81d03b2136a8324c68a7217ced7,,,"Gouldsbury St
Mosman NSW 2088
Australia",Evie Networks,2,DC,75 kW,-33.8276585,151.2423815,Mosman Municipal Council,2088,Kerbside Charging R1,False,75.0,single_kw,Evie Networks,Evie,False,ev_20251216.csv,False,False,False,2088,matches_existing,2088,PCODE,False,existing_retained,DC,not_specified
ev_8e1015819b67d4c0d712541da467a8b0298c289d3542c5ca838fd9e8bc5aa9ed,,Ripples on the Creek,"Gradys Creek Rd
Gradys Creek NSW 2474
Australia",Exploren,1,AC,AC,-28.4367634,152.9589563,Kyogle Council,2474,Destination Charging R2,False,,type_only,Exploren,Exploren,False,ev_20251216.csv,False,False,False,2474,matches_existing,2474,PCODE,False,existing_retained,AC,not_specified
ev_92f120581e53143b3f08c0a50babdd93b72e8ed091dc3bb3b4f99b3adf196ab2,,Lockhart Shire Council,"Green St
Lockhart NSW 2656
Australia",Exploren,2,AC,AC,-35.2217005,146.7206963,Lockhart Shire Council,2656,Destination Charging R1,False,,type_only,Exploren,Exploren,False,ev_20251216.csv,False,False,False,2656,matches_existing,2656,PCODE,False,existing_retained,AC,not_specified
ev_e08f7e560e34f1e12ba5a07158c5960e10a65e12ebc373d4af775d7143dceab2,,Wests Illawarra,"Hargreaves St
Unanderra NSW 2526
Australia",Exploren,4,AC,AC,-34.4519056,150.8425045,Wollongong City Council,2526,Destination Charging R2,False,,type_only,Exploren,Exploren,False,ev_20251216.csv,False,False,False,2526,matches_existing,2526,PCODE,False,existing_retained,AC,not_specified
ev_a43f3a402b24d45f97af9fb7984413d2b43b017560a21b5726818e9b8e076158,,Muswellbrook Shire Council,"Hill St
Muswellbrook NSW 2333
Australia",EVUp,2,AC,AC,-32.2619076,150.8940866,Muswellbrook Shire Council,2333,Destination Charging R1,False,,type_only,EVUp,EVUp,False,ev_20251216.csv,False,False,False,2333,matches_existing,2333,PCODE,False,existing_retained,AC,not_specified
ev_e3e1be231da26a7a0f4786d858e8cc211be6e7c9f8d8da4c86977bc6c987eaf6,,,"Hope St, Blaxland NSW 2774, Australia",Tesla,6,DC,175 kW,-33.7452292,150.6101288,Blue Mountains City Council,2774,Fast Charging R1,False,175.0,single_kw,Tesla,Tesla,False,ev_20251216.csv,False,False,False,2774,matches_existing,2774,PCODE,False,existing_retained,DC,not_specified
ev_433a28a62cf678ff68a304f9161ecd4458415a9394f019be0606660fe1d25220,,,"Jessie St, Armidale NSW 2350, Australia",Tesla,4,DC,175 kW,-30.5132305,151.6633637,Armidale Regional Council,2350,Fast Charging R1,False,175.0,single_kw,Tesla,Tesla,False,ev_20251216.csv,False,False,False,2350,matches_existing,2350,PCODE,False,existing_retained,DC,not_specified
ev_d0000b1f75c9b4583501f3b7da928c281ded0bbc09ee3579240486ec5079b5ef,,Twin Towns Services Club Limited,"Leisure Dr
Banora Point NSW 2486
Australia",Chargefox,4,AC,AC,-28.212505,153.5305931,Tweed Shire Council,2486,Destination Charging R1,False,,type_only,Chargefox,Chargefox,False,ev_20251216.csv,False,False,False,2486,matches_existing,2486,PCODE,False,existing_retained,AC,not_specified
ev_7e1c8b1fee1eb086a2108a322c2aeb1035013bde13a13a73c8177adf81944670,,Coolamon Shire Council,"Loughnan St
Coolamon NSW 2701
Australia",Exploren,2,AC,AC,-34.8145026,147.1957181,Coolamon Shire Council,2701,Destination Charging R1,False,,type_only,Exploren,Exploren,False,ev_20251216.csv,False,False,False,2701,matches_existing,2701,PCODE,False,existing_retained,AC,not_specified
ev_5b38d4bde01949b49a8f77704468543d139164bb9eafdf6de4392b774c313243,,Moree and District Services Club,"Morton St
Moree NSW 2400
Australia",Smart Charge,4,AC,AC,-29.4695982,149.848721,Moree Plains Shire Council,2400,Destination Charging R1,False,,type_only,Smart Charge,Smart Charge,False,ev_20251216.csv,False,False,False,2400,matches_existing,2400,PCODE,False,existing_retained,AC,not_specified
ev_f92d3e70ba81aa5385e6226d04a4cf08fb6a201772e77020950631c7b184541a,,Gerringong Bowlo,"Pacific Ave
Gerringong NSW 2534
Australia",EVSE,2,AC,AC,-34.7426897,150.8323348,"Kiama, The Council of the Municipality of",2534,Destination Charging R2,False,,type_only,EVSE,EVSE,False,ev_20251216.csv,False,False,False,2534,matches_existing,2534,PCODE,False,existing_retained,AC,not_specified
ev_95c079e4a92ad8f84510a99022a4c3170c0fc6f79032b2e023a1af88ddfff5bd,,Lake Macquarie Council,"Park Rd
Speers Point NSW 2284
Australia",Everty,2,AC,AC,-32.9612167,151.6209325,Lake Macquarie City Council,2284,Destination Charging R1,False,,type_only,Everty,Everty,False,ev_20251216.csv,False,False,False,2284,matches_existing,2284,PCODE,False,existing_retained,AC,not_specified
ev_20c09153249249d0de5778e333eb2878e9218aca8d9cf56020276459131b4760,,Wagga Wagga Country Club,"Plumpton Rd
Kooringal NSW 2650
Australia",Noodoe,2,AC,AC,-35.1520396,147.3705687,Wagga Wagga City Council,2650,Destination Charging R1,False,,type_only,Noodoe,Noodoe,False,ev_20251216.csv,False,False,False,2650,matches_existing,2650,PCODE,False,existing_retained,AC,not_specified
ev_4867be9447c91b67fa4811fb77983f83d133603af68ca305b1bfece09221adcc,,,"Queens Rd
Five Dock NSW 2046
Australia",Evie Networks,4,DC,75 kW,-33.8696308,151.1223747,City Of Canada Bay Council,2046,Kerbside Charging R1,False,75.0,single_kw,Evie Networks,Evie,False,ev_20251216.csv,False,False,False,2046,matches_existing,2046,PCODE,False,existing_retained,DC,not_specified
ev_aac25d5cbfcc7713179982f3937fa0a00646f31aead9a407a8f3f01992a40a3f,,Riverglade Caravan Park,"Riverglade Caravan Park
2 Fitzroy St
Tumut NSW 2720
Australia",Elanga,4,AC,AC,-35.2947005,148.2198133,Snowy Valleys Council,2720,Destination Charging R1,False,,type_only,Elanga,Elanga,False,ev_20251216.csv,False,False,False,2720,matches_existing,2720,PCODE,False,existing_retained,AC,not_specified
ev_1957a6027fafc27b77127b7204b2bbf4cfbe0853172b567261cce021d93026b1,,UOW Science Space,"Squires Way
North Wollongong NSW 2500
Australia",Chargefox,4,AC,AC,-34.4043033,150.8998778,Wollongong City Council,2500,Destination Charging R2,False,,type_only,Chargefox,Chargefox,False,ev_20251216.csv,False,False,False,2500,matches_existing,2500,PCODE,False,existing_retained,AC,not_specified
ev_86617a8c949aa9afddda08cbdfd971166cbdc10dcef1118769494ef5cd9a3704,,Thornton Library,"Thornton Library
Taylor Avenue
Thornton NSW 2322
Australia",Exploren,4,AC,AC,-32.777545,151.6403604,Maitland City Council,2322,Destination Charging R2,False,,type_only,Exploren,Exploren,False,ev_20251216.csv,False,False,False,2322,matches_existing,2322,PCODE,False,existing_retained,AC,not_specified
ev_9529539fbc54a36e2e8cfcb584d94ebf36f7b003772c8ee6a45fb2c03b677983,,Rich River Golf Club,"Twenty Four Ln
Moama NSW 2731
Australia",Smart Charge,4,AC,AC,-36.0390474,144.7327343,Murray River Council,2731,Destination Charging R1,False,,type_only,Smart Charge,Smart Charge,False,ev_20251216.csv,False,False,False,2731,matches_existing,2731,PCODE,False,existing_retained,AC,not_specified
ev_a1acc098233f9dbbcbee520377495b413f417d7a20fcfca671d03c74e459d451,,Tumbarumba Overnight Camper Parking,"Union Ln
Tumbarumba NSW 2653
Australia",Chargefox,4,AC,AC,-35.7759887,148.0108553,Snowy Valleys Council,2653,Destination Charging R2,False,,type_only,Chargefox,Chargefox,False,ev_20251216.csv,False,False,False,2653,matches_existing,2653,PCODE,False,existing_retained,AC,not_specified
ev_9176e822b9a1a3a8a7d18ce70edaf021a139cdd5a883bd9d01b958f3886213cc,,Adelong Golden Gully Carpark,"Victoria Hill Rd
Adelong NSW 2729
Australia",Non-networked,4,AC,AC,-35.3062556,148.0642927,Snowy Valleys Council,2729,Destination Charging R2,False,,type_only,Non-networked,Non-networked,False,ev_20251216.csv,False,False,False,2729,matches_existing,2729,PCODE,False,existing_retained,AC,not_specified
ev_3b867be68dce91eaa7e35399d5b1f3ce667c0f3c9fcfb1b70d1bb5ec9f6693ef,,The Old Bakery Guesthouse,"Whitton St
Harden NSW 2587
Australia",Exploren,1,AC,AC,-34.5543461,148.369572,Hilltops Council,2587,Destination Charging R2,False,,type_only,Exploren,Exploren,False,ev_20251216.csv,False,False,False,2587,matches_existing,2587,PCODE,False,existing_retained,AC,not_specified
ev_3827ac36c002342bf6944eb66d1aee0d456622b96613fc13d5f7674d28272772,,NRMA Parks and Resorts,"Whylandra St
Dubbo NSW 2830
Australia",Chargefox,8,AC,AC,-32.2484702,148.5931277,Dubbo Regional Council,2830,Destination Charging R1,False,,type_only,Chargefox,Chargefox,False,ev_20251216.csv,False,False,False,2830,matches_existing,2830,PCODE,False,existing_retained,AC,not_specified
ev_26d919be9d646d9fb3fad1ad94792c14827a41ff77b9d8156e669a2599bb3702,,Lockhart Shire Council,"Wilson St
The Rock NSW 2655
Australia",Exploren,2,AC,AC,-35.2666661,147.11016,Lockhart Shire Council,2655,Destination Charging R1,False,,type_only,Exploren,Exploren,False,ev_20251216.csv,False,False,False,2655,matches_existing,2655,PCODE,False,existing_retained,AC,not_specified
ev_b4729483089100030aa1ff5e591ee514d73637875e186ff40ed205f10681107d,,,"Woodriff St, Sydney, 2750",Chargefox,2,AC,6 kW,-33.75813518,150.6918569,Penrith City Council,2750,Existing Destination Chargers,False,6.0,single_kw,Chargefox,Chargefox,False,ev_20251216.csv,False,False,False,,no_address_candidate,2750,PCODE,False,existing_retained,AC,not_specified
ev_d98b8f359163d2b0a0459ee95656f92a83d196003b4efd6dece66abe258caa74,,Bridges Hill Park,"Yango St
Cessnock NSW 2325
Australia",EVSE,4,AC,AC,-32.8316554,151.3599738,Cessnock City Council,2325,Destination Charging R2,False,,type_only,EVSE,EVSE,False,ev_20251216.csv,False,False,False,2325,matches_existing,2325,PCODE,False,existing_retained,AC,not_specified
ev_0db95e804e8fda20d1f7e04e3d6238f1c2b30ebecc6a12243e86540962d62d9d,,Tathra Beach Country Club,"1 Andy Poole Dr
Tathra NSW 2550
Australia",Chargefox,2,AC,AC,-36.7125444,149.9760179,Bega Valley Shire Council,2550,Destination Charging R2,False,,type_only,Chargefox,Chargefox,False,ev_20251216.csv,False,False,False,2550,matches_existing,2550,PCODE,False,existing_retained,AC,not_specified
ev_06c65a4145cc73ec90b8c3a65d65f0d73185517bacf14c9ce59cedbb8665d2d5,,NRMA Parks and Resorts,"1 Baird St
Tuncurry NSW 2428
Australia",Chargefox,8,AC,AC,-32.183843,152.491878,Mid-Coast Council,2428,Destination Charging R1,False,,type_only,Chargefox,Chargefox,False,ev_20251216.csv,False,False,False,2428,matches_existing,2428,PCODE,False,existing_retained,AC,not_specified
ev_6445d7516866edd48ec5e96fb7e25ac6706f3d0efdce1cec84e6b3f9feaafbc4,,Narooma Golf Club,"1 Ballingalla St
Narooma NSW 2546
Australia",EVSE,2,AC,AC,-36.2192041,150.1392969,Eurobodalla Shire Council,2546,Destination Charging R2,False,,type_only,EVSE,EVSE,False,ev_20251216.csv,False,False,False,2546,matches_existing,2546,PCODE,False,existing_retained,AC,not_specified
ev_7b2fabf7628c875638358460b10b5d988b7ef1cdb81e5827ea5478797b8bb463,,NRMA Parks and Resorts,"1 Banyandah St
South Durras NSW 2536
Australia",Chargefox,8,AC,AC,-35.6616305,150.2929815,Eurobodalla Shire Council,2536,Destination Charging R1,False,,type_only,Chargefox,Chargefox,False,ev_20251216.csv,False,False,False,2536,matches_existing,2536,PCODE,False,existing_retained,AC,not_specified
ev_6cffd2ad5ddc7e673c96d0c00177a9a295c1c4c65d42fcb6504dfa6e675b4b0b,,Moama Riverside & Tourist Holiday Park,"1 Cobb Hwy
Moama NSW 2731
Australia",Smart Charge,2,AC,AC,-36.097248,144.7590552,Murray River Council,2731,Destination Charging R1,False,,type_only,Smart Charge,Smart Charge,False,ev_20251216.csv,False,False,False,2731,matches_existing,2731,PCODE,False,existing_retained,AC,not_specified
ev_41b1860e7d76abaf6ca175b56d539e851f1b23c7fec1bf7f8550a9651ef26c38,,Barham Bridge Motor Inn,"1 Cobwell St
Barham NSW 2732
Australia",EVSE,2,AC,AC,-35.6291451,144.1243114,Murray River Council,2732,Destination Charging R2,False,,type_only,EVSE,EVSE,False,ev_20251216.csv,False,False,False,2732,matches_existing,2732,PCODE,False,existing_retained,AC,not_specified
ev_11b531e33f6ac925ca570086b9946ae1343db0150c66dfa76c654fbfe45cfbd1,,,"1 Darley Rd
Randwick NSW 2031
Australia",EVX,2,AC,22 kW,-33.906092,151.2321384,Randwick City Council,2031,Kerbside Charging R1,False,22.0,single_kw,EVX,EVX,False,ev_20251216.csv,False,False,False,2031,matches_existing,2031,PCODE,False,existing_retained,AC,not_specified
ev_8cef8e3380b3a0a30f0dabf5ac7a621b9115fddafd6556e903dbf031aa6e12a3,,,"1 Denison St
Rozelle NSW 2039
Australia",EVX,2,AC,22 kW,-33.8658728,151.1677767,Inner West Council,2039,Kerbside Charging R1,False,22.0,single_kw,EVX,EVX,False,ev_20251216.csv,False,False,False,2039,matches_existing,2039,PCODE,False,existing_retained,AC,not_specified
ev_153d872fb1291b0217f9056f6f317a092e05759ec78cf5a869a6f62475f59ffc,,Lake Macquarie Council,"1 Dobinson Dr
Swansea NSW 2281
Australia",Everty,4,AC,AC,-33.0745433,151.6347812,Lake Macquarie City Council,2281,Destination Charging R1,False,,type_only,Everty,Everty,False,ev_20251216.csv,False,False,False,2281,matches_existing,2281,PCODE,False,existing_retained,AC,not_specified
ev_9efab2f45ab2d1cfbfaf42b6bc49b1eb3b6b72db539e2c8f56129e039531ff0a,,,"1 Ewell St
Bondi NSW 2026
Australia",PLUS ES,1,AC,22 kW,-33.8965646,151.2607952,Waverley Council,2026,Kerbside Charging R1,False,22.0,single_kw,PLUS ES,PLUS ES,False,ev_20251216.csv,False,False,False,2026,matches_existing,2026,PCODE,False,existing_retained,AC,not_specified
ev_3c3f7fbeef7283c2b07dda17563efe47a6e508e849d416c701202bae3e9d0eea,,"Visitor Information Centre, Lake Cargelligo","1 Foster St
Lake Cargelligo NSW 2672
Australia",Exploren,2,AC,AC,-33.297815,146.3761968,Lachlan Shire Council,2672,Destination Charging R2,False,,type_only,Exploren,Exploren,False,ev_20251216.csv,False,False,False,2672,matches_existing,2672,PCODE,False,existing_retained,AC,not_specified
ev_d6b41c34ebafb64325e7e9c5e74e7b25fad96ebafc2f9dda5a947718c6ac3849,,Deni Golf Resort,"1 Golf Club Rd
Deniliquin NSW 2710
Australia",Chargefox,4,AC,AC,-35.5368514,144.973721,Edward River Council,2710,Destination Charging R2,False,,type_only,Chargefox,Chargefox,False,ev_20251216.csv,False,False,False,2710,matches_existing,2710,PCODE,False,existing_retained,AC,not_specified
ev_82c01ea4f61faa07a218f7686a86b24a85a863189721e34b59a9191f9d5ee101,,Yarrawonga Mulwala Golf Club Resort,"1 Golf Club Rd
Mulwala NSW 2647
Australia",Noodoe,2,AC,AC,-36.0049086,145.9940381,Federation Council,2647,Destination Charging R2,False,,type_only,Noodoe,Noodoe,False,ev_20251216.csv,False,False,False,2647,matches_existing,2647,PCODE,False,existing_retained,AC,not_specified
ev_a41b738530d3b2a5b90498f83f566a83cd02919da9238a332efba83a443caf68,,,"1 Greenwood Ave
South Coogee NSW 2034
Australia",EVX,2,AC,22 kW,-33.929821,151.2559089,Randwick City Council,2034,Kerbside Charging R1,False,22.0,single_kw,EVX,EVX,False,ev_20251216.csv,False,False,False,2034,matches_existing,2034,PCODE,False,existing_retained,AC,not_specified
ev_ac13b0b82705620cecdfa66b33697c570e96299167d67b5c3ff50bb7e541d0ea,,"'""Lawson Street North"" Public Carpark - Byron Bay","1 Jonson St
Byron Bay NSW 2481
Australia",Chargefox,2,AC,AC,-28.6406471,153.6129629,Byron Shire Council,2481,Destination Charging R2,False,,type_only,Chargefox,Chargefox,False,ev_20251216.csv,False,False,False,2481,matches_existing,2481,PCODE,False,existing_retained,AC,not_specified
ev_e6aedb7d67b93b36263a8408ea64bfc3524f3e0fb089a3cbc6df2751e4a3389b,,,"1 Kendall Ave, Bathurst , 2795",Tesla,12,DC,130 kW,-33.41901006,149.5867568,Bathurst Regional Council,2795,Existing Fast Chargers,False,130.0,single_kw,Tesla,Tesla,False,ev_20251216.csv,False,False,False,,no_address_candidate,2795,PCODE,False,existing_retained,DC,not_specified
ev_f89a88e900e75accedfbc7185d627fdf2a58098c078523e63aff886277b541b4,,,"1 Kendall Ave, Bathurst, 2795",NRMA,2,DC,50 kW,-33.41910215,149.5867528,Bathurst Regional Council,2795,Existing Fast Chargers,False,50.0,single_kw,NRMA,NRMA,False,ev_20251216.csv,False,False,False,,no_address_candidate,2795,PCODE,False,existing_retained,DC,not_specified
ev_3b3999c5281c5d7421040f33eb0499d70199f502f8c17f5d6be308dfba434670,,,"1 Mears Ave
Randwick NSW 2031
Australia",EVX,2,AC,22 kW,-33.9169293,151.2415283,Randwick City Council,2031,Kerbside Charging R1,False,22.0,single_kw,EVX,EVX,False,ev_20251216.csv,False,False,False,2031,matches_existing,2031,PCODE,False,existing_retained,AC,not_specified
ev_efa091f9d1026ad3bfde04e06705d5df3e9441478257d6852daa71784e3db54e,,NRMA Parks and Resorts,"1 Munster St
Port Macquarie NSW 2444
Australia",Chargefox,8,AC,AC,-31.4275162,152.9105133,Port Macquarie-Hastings Council,2444,Destination Charging R1,False,,type_only,Chargefox,Chargefox,False,ev_20251216.csv,False,False,False,2444,matches_existing,2444,PCODE,False,existing_retained,AC,not_specified
ev_7f19897555aa7c80503e5792b637015c0522b7332582f50fe5f1389fb8ef611d,,Motel Miramar,"1 Nelson St
Nambucca Heads NSW 2448
Australia",EVUp,4,AC,AC,-30.6454437,153.0034861,Nambucca Valley Council,2448,Destination Charging R2,False,,type_only,EVUp,EVUp,False,ev_20251216.csv,False,False,False,2448,matches_existing,2448,PCODE,False,existing_retained,AC,not_specified
ev_015dbde781c1afa62a2745996600a0eafa321d4c8b623235b10152c9c485bc54,,Alpine Resort Motel,"1 Nettin Cct
Jindabyne NSW 2627
Australia",Exploren,4,AC,AC,-36.4180067,148.6092106,Snowy Monaro Regional Council,2627,Destination Charging R2,False,,type_only,Exploren,Exploren,False,ev_20251216.csv,False,False,False,2627,matches_existing,2627,PCODE,False,existing_retained,AC,not_specified
ev_1aec268c1a42bf2395e180e76cf18e6a40c7693485f44bf791db47dd92956b20,,Ingenia Holiday Parks - Lake Conjola,"1 Norman St
Lake Conjola NSW 2539
Australia",Exploren,4,AC,AC,-35.2666841,150.4769035,Shoalhaven City Council,2539,Destination Charging R2,False,,type_only,Exploren,Exploren,False,ev_20251216.csv,False,False,False,2539,matches_existing,2539,PCODE,False,existing_retained,AC,not_specified
ev_ac71c149a9f597c75e3b4ee8057591ddf9d5de07684ad446c73eee50346af560,,,"1 North Rocks Rd, Sydney, 2151",Chargefox,4,AC,6 kW,-33.79286691,150.9995556,"Parramatta, Council of the City of",2151,Existing Destination Chargers,False,6.0,single_kw,Chargefox,Chargefox,False,ev_20251216.csv,False,False,False,,no_address_candidate,2151,PCODE,False,existing_retained,AC,not_specified
ev_cb78fc484e8d63c531d31d8844d70bd4687c259ce677f047e6776f2e0fd596ed,,,"1 Post Office Ln
Crackenback NSW 2627
Australia",Exploren,2,AC,AC,-36.4509883,148.4943993,Snowy Monaro Regional Council,2627,Destination Charging R1,False,,type_only,Exploren,Exploren,False,ev_20251216.csv,False,False,False,2627,matches_existing,2627,PCODE,False,existing_retained,AC,not_specified
ev_b8d26641007b8a294026fa8c258a1df6c885e12c6cd0b29da1c9baade41460c4,,Archys on the Lake,"1 Princess Ave
Burrill Lake NSW 2539
Australia",Charge Hub,2,AC,AC,-35.3867469,150.4501082,Shoalhaven City Council,2539,Destination Charging R2,False,,type_only,Charge Hub,Charge Hub,True,ev_20251216.csv,False,False,False,2539,matches_existing,2539,PCODE,False,existing_retained,AC,not_specified
ev_47302132c3b6a1d40c51d4db0698d451e5c2bf0911cb7c7bd55a7c3b9ab93504,,,"1 Rich St
Marrickville NSW 2204
Australia",EVX,2,AC,22 kW,-33.9058903,151.1650026,Inner West Council,2204,Kerbside Charging R1,False,22.0,single_kw,EVX,EVX,False,ev_20251216.csv,False,False,False,2204,matches_existing,2204,PCODE,False,existing_retained,AC,not_specified
ev_cba86a64f9e7cfd83617245c590c47c767ecd3439cb2732c10f0f4f430b1ef42,,,"1 Sandy Bay Rd
Clontarf NSW 2093
Australia",EVX,2,AC,22 kW,-33.80467,151.2528397,Northern Beaches Council,2093,Kerbside Charging R1,False,22.0,single_kw,EVX,EVX,False,ev_20251216.csv,False,False,False,2093,matches_existing,2093,PCODE,False,existing_retained,AC,not_specified
ev_6b904f33e1f43520cf1fdf47ace116f66439b0f81ba1dbefc63963b1811d5ad3,,The Arabella North Coast,"1 Smiths Ln
Wollongbar NSW 2477
Australia",Smart Charge,1,AC,AC,-28.8292573,153.4210444,Ballina Shire Council,2477,Destination Charging R2,False,,type_only,Smart Charge,Smart Charge,False,ev_20251216.csv,False,False,False,2477,matches_existing,2477,PCODE,False,existing_retained,AC,not_specified
ev_32a46c27caca8edd7dd480ce33f503806bc2dc448ca85c3230e12428e24f6263,,,"1 Station St
Petersham NSW 2049
Australia",EVE Australia,2,AC,22 kW,-33.8920233,151.1517895,Inner West Council,2049,Kerbside Charging R1,False,22.0,single_kw,EVE Australia,EVE Australia,False,ev_20251216.csv,False,False,False,2049,matches_existing,2049,PCODE,False,existing_retained,AC,not_specified
ev_943bb9aec9a9b3badc57d05c47599545a22250536186035261543598e445186f,,Club Catalina,"1 Stilling St
Rathmines NSW 2283
Australia",Smart Charge,2,AC,AC,-33.039877,151.5978235,Lake Macquarie City Council,2283,Destination Charging R2,False,,type_only,Smart Charge,Smart Charge,False,ev_20251216.csv,False,False,False,2283,matches_existing,2283,PCODE,False,existing_retained,AC,not_specified
ev_10b182d06b71225da8ace4d18c2078e11d57ac9c271564b2dc97540fae459c90,,Clairfield Hotel,"1 Sydney Rd
Mudgee NSW 2850
Australia",Exploren,4,AC,AC,-32.6013869,149.5975483,Mid-Western Regional Council,2850,Destination Charging R2,False,,type_only,Exploren,Exploren,False,ev_20251216.csv,False,False,False,2850,matches_existing,2850,PCODE,False,existing_retained,AC,not_specified
ev_9f9705c4c736f913b54fb0803c2fbdcb14b92622b2ba878ef11d6c79e1908b2c,,,"1 Tasman Rd, Gumly Gumly NSW 2652, Australia",BP,6,DC,175 kW,-35.1262128,147.4209242,Wagga Wagga City Council,2652,Fast Charging R1,False,175.0,single_kw,BP,BP,False,ev_20251216.csv,False,False,False,2652,matches_existing,2652,PCODE,False,existing_retained,DC,not_specified
ev_eb260c7dd92808645356f45b3c1238e30aa3e16805fbc14549c894dd575292a2,,Nelson Bay Breeze Holiday Apartments,"1 Trafalgar St
Nelson Bay NSW 2315
Australia",EVNet,2,AC,AC,-32.7170825,152.1529224,Port Stephens Council,2315,Destination Charging R2,False,,type_only,EVNet,EVNet,False,ev_20251216.csv,False,False,False,2315,matches_existing,2315,PCODE,False,existing_retained,AC,not_specified
ev_c4c474704e277a86905a04023ea2b272ac54ee02b43af1c7973a095968156a75,,Kyogle Council,"1 Unumgar St
Woodenbong NSW 2476
Australia",Exploren,2,AC,AC,-28.388896,152.6087317,Kyogle Council,2476,Destination Charging R1,False,,type_only,Exploren,Exploren,False,ev_20251216.csv,False,False,False,2476,matches_existing,2476,PCODE,False,existing_retained,AC,not_specified
ev_5a6d767cee91c3fb303f0baeabd4d8793f5bbffc6ed2df63a51d9ec65fdea4b3,,,"1 York Rd
Bondi Junction NSW 2022
Australia",PLUS ES,1,AC,22 kW,-33.8931133,151.2415518,Waverley Council,2022,Kerbside Charging R1,False,22.0,single_kw,PLUS ES,PLUS ES,False,ev_20251216.csv,False,False,False,2022,matches_existing,2022,PCODE,False,existing_retained,AC,not_specified
ev_29f87cc930c70dc25bbd7d9d862ca4beb318b8ccb3247edc5767510d39f102fc,,,"1/118 Bourke Rd, Alexandria NSW 2015",Tesla,6,DC,175 kW,-33.9132474,151.1935823,"Sydney, Council of the City of",2015,Fast Charging R1,False,175.0,single_kw,Tesla,Tesla,False,ev_20251216.csv,False,False,False,2015,matches_existing,2015,PCODE,False,existing_retained,DC,not_specified
ev_2156c0531e6c89b46d812f7cfc24bd149b917bd4321e32499c3a625161b05f7e,,,"10 Isabel Ave
Vaucluse NSW 2030
Australia",PLUS ES,1,AC,7 kW,-33.8619727,151.2802939,Waverley Council,2030,Kerbside Charging R1,False,7.0,single_kw,PLUS ES,PLUS ES,False,ev_20251216.csv,False,False,False,2030,matches_existing,2030,PCODE,False,existing_retained,AC,not_specified
ev_586477f1091c28e163c5b1d27a261bbe580f12000407ec57506b46be91e8b279,,,"10 Lenox St
Beresfield NSW 2322
Australia",Chargefox,4,AC,22 kW,-32.8039701,151.648716,Newcastle City Council,2322,Kerbside Charging R1,False,22.0,single_kw,Chargefox,Chargefox,False,ev_20251216.csv,False,False,False,2322,matches_existing,2322,PCODE,False,existing_retained,AC,not_specified
ev_50dc212c7c47900dd0bcb4ccee976fd0c5b647fab560096590ea8689d9fc6370,,Wagga Wagga City Council,"10 Morrow St
Wagga Wagga NSW 2650
Australia",Smart Charge,2,AC,AC,-35.1103354,147.3720841,Wagga Wagga City Council,2650,Destination Charging R1,False,,type_only,Smart Charge,Smart Charge,False,ev_20251216.csv,False,False,False,2650,matches_existing,2650,PCODE,False,existing_retained,AC,not_specified
ev_6bc6664d341dd04aa8b66bf3e5e96991a0d50264823dbbe5740c4b228ceca294,,Holbrook Motel,"10 Sydney Rd
Holbrook NSW 2644
Australia",EVUp,4,AC,AC,-35.7125373,147.3238928,Greater Hume Shire Council,2644,Destination Charging R2,False,,type_only,EVUp,EVUp,False,ev_20251216.csv,False,False,False,2644,matches_existing,2644,PCODE,False,existing_retained,AC,not_specified
ev_fc588a8c4753fe6e4cf2eb828a59572dc95bccd3c0371ea4e1ed0651deef42ec,,,"100 Constitution Rd
Dulwich Hill NSW 2203
Australia",PLUS ES,1,AC,7 kW,-33.9028855,151.1399605,Inner West Council,2203,Kerbside Charging R1,False,7.0,single_kw,PLUS ES,PLUS ES,False,ev_20251216.csv,False,False,False,2203,matches_existing,2203,PCODE,False,existing_retained,AC,not_specified
ev_19d07e597aa6ae8d578f0904b65b7cb140b6fcbaf3801d2403ea0d0e39d856eb,,Winning Post Hotel,"101 Church St
Mudgee NSW 2850
Australia",Non-networked,1,AC,AC,-32.5969196,149.587789,Mid-Western Regional Council,2850,Destination Charging R2,False,,type_only,Non-networked,Non-networked,False,ev_20251216.csv,False,False,False,2850,matches_existing,2850,PCODE,False,existing_retained,AC,not_specified
ev_8ea7df0eb9aee237d3fe023ab9bd9cb3db1bab8df54ee21c4d609c95afde9f2c,,NRMA Parks and Resorts,"102 Corowa Rd
Mulwala NSW 2647
Australia",Chargefox,8,AC,AC,-35.975061,146.0241926,Federation Council,2647,Destination Charging R1,False,,type_only,Chargefox,Chargefox,False,ev_20251216.csv,False,False,False,2647,matches_existing,2647,PCODE,False,existing_retained,AC,not_specified
ev_1da164cd12146f73a5efd89e6474d38b2f5b478419060746967c3f302cfc7801,,,"103 Denison St
Rozelle NSW 2039
Australia",PLUS ES,1,AC,7 kW,-33.8699856,151.1697584,Inner West Council,2039,Kerbside Charging R1,False,7.0,single_kw,PLUS ES,PLUS ES,False,ev_20251216.csv,False,False,False,2039,matches_existing,2039,PCODE,False,existing_retained,AC,not_specified
ev_a23b96566e59f86faaca696568972c929aaa9fb81afed54fe9b2d310858a1a6a,,,"103 Ebley St
Bondi Junction NSW 2022
Australia",PLUS ES,1,AC,7 kW,-33.8941173,151.25091,Waverley Council,2022,Kerbside Charging R1,False,7.0,single_kw,PLUS ES,PLUS ES,False,ev_20251216.csv,False,False,False,2022,matches_existing,2022,PCODE,False,existing_retained,AC,not_specified
ev_8ed14f42ce585114a26ba473791ab99bc8541b74faa02696a42ef54fdf884d8f,,Cantrill Organics,"103 Old Canobolas Rd
Nashdale NSW 2800
Australia",Alchemy Charge,2,AC,AC,-33.3084128,148.9892085,Cabonne Council,2800,Destination Charging R2,False,,type_only,Alchemy Charge,Alchemy Charge,False,ev_20251216.csv,False,False,False,2800,matches_existing,2800,PCODE,False,existing_retained,AC,not_specified
ev_454d1eddbfa1d6bd0766370861298f8a4e2f459167fd73383c3f944f88906634,,Cadman Motor Inn and Apartments,"103-111 Ebsworth St
West Tamworth NSW 2340
Australia",EVSE,2,AC,AC,-31.0964482,150.9241901,Tamworth Regional Council,2340,Destination Charging R2,False,,type_only,EVSE,EVSE,False,ev_20251216.csv,False,False,False,2340,matches_existing,2340,PCODE,False,existing_retained,AC,not_specified
ev_504d40f7f3b1ceeaf4c8c35ae333b38113ab69f6ec58501e51024f32947c75f1,,,"4 Salisbury Rd
Kensington NSW 2033
Australia",PLUS ES,1,AC,22 kW,-33.9055866,151.2223693,Randwick City Council,2033,Kerbside Charging R1,False,22.0,single_kw,PLUS ES,PLUS ES,False,ev_20251216.csv,False,False,False,2033,matches_existing,2033,PCODE,False,existing_retained,AC,not_specified
ev_5ab2c1146ba6c3b3a665d9e74d7c951f03e9c53dccbf05aa37ad6131e91642f0,,,"104 Botany St
Kingsford NSW 2032
Australia",PLUS ES,1,AC,22 kW,-33.923959,151.2343475,Randwick City Council,2032,Kerbside Charging R1,False,22.0,single_kw,PLUS ES,PLUS ES,False,ev_20251216.csv,False,False,False,2032,matches_existing,2032,PCODE,False,existing_retained,AC,not_specified
ev_02a89ae5414513a79c85e8c45b3103f9c214fc09abe9f748cb9e7c352781b2e5,,,"104 Mill Hill Rd
Bondi Junction NSW 2022
Australia",PLUS ES,1,AC,22 kW,-33.8936762,151.2438859,Waverley Council,2022,Kerbside Charging R1,False,22.0,single_kw,PLUS ES,PLUS ES,False,ev_20251216.csv,False,False,False,2022,matches_existing,2022,PCODE,False,existing_retained,AC,not_specified
ev_f3b15586f4ce81395cd5717b53a375b71386d27bf291be7490fca9ddaf41fdf4,,,"105-107 Alt St
Ashfield NSW 2131
Australia",EVE Australia,2,DC,25 kW,-33.8803158,151.1299199,Inner West Council,2131,Kerbside Charging R1,False,25.0,single_kw,EVE Australia,EVE Australia,False,ev_20251216.csv,False,False,False,2131,matches_existing,2131,PCODE,False,existing_retained,DC,not_specified
ev_ccb11d5fe4d4b8cb78a6f7b2c3bb3aac76e58978691368718dbb019c801c8a1b,,Pender Lea Chalets,"1056 Alpine Way
Crackenback NSW 2627
Australia",Chargefox,4,AC,AC,-36.4425676,148.4989131,Snowy Monaro Regional Council,2627,Destination Charging R2,False,,type_only,Chargefox,Chargefox,False,ev_20251216.csv,False,False,False,2627,matches_existing,2627,PCODE,False,existing_retained,AC,not_specified
ev_ca95a8da2f625d04ef7a96068ee0571c01395f93531e2c2f7d6ab5af7c1f6ef3,,,"106 Parraween St
Cremorne NSW 2090
Australia",Evie Networks,4,DC,75 kW,-33.8272794,151.2301624,North Sydney Council,2090,Kerbside Charging R1,False,75.0,single_kw,Evie Networks,Evie,False,ev_20251216.csv,False,False,False,2090,matches_existing,2090,PCODE,False,existing_retained,DC,not_specified
ev_cc001858d076eb4c02da8d8fb60e89620db506bb07785f7b33164372910a2bc6,,The Sampson - Orange,"106 Sampson St
Orange NSW 2800
Australia",Everty,1,AC,AC,-33.276671,149.0903662,Orange City Council,2800,Destination Charging R2,False,,type_only,Everty,Everty,False,ev_20251216.csv,False,False,False,2800,matches_existing,2800,PCODE,False,existing_retained,AC,not_specified
ev_bc832a2e02aa6096a60fbc6a6a27c83675203bf63ce4cfc66f7048b3888c8a6d,,Cargo Road Wines,"1064 Cargo Rd
Lidster NSW 2800
Australia",Chargefox,4,AC,AC,-33.2924882,148.9746031,Cabonne Council,2800,Destination Charging R2,False,,type_only,Chargefox,Chargefox,False,ev_20251216.csv,False,False,False,2800,matches_existing,2800,PCODE,False,existing_retained,AC,not_specified
ev_17a1b36b5e096452070b86fd90862ee6870568fbd1e2d17adf6d451e96cf6540,,Mid-Western Regional Council,"108 Herbert St
Gulgong NSW 2852
Australia",Smart Charge,2,AC,AC,-32.3642557,149.5328085,Mid-Western Regional Council,2852,Destination Charging R1,False,,type_only,Smart Charge,Smart Charge,False,ev_20251216.csv,False,False,False,2852,matches_existing,2852,PCODE,False,existing_retained,AC,not_specified
ev_1d4ca09ddba2fb1f5a4c41e72369ed9b475e1ba49f6ee448a3b6752a9d7c0f30,,Lockhart Shire Council,"109 Green St
Lockhart NSW 2656
Australia",Exploren,2,AC,AC,-35.2205934,146.7153791,Lockhart Shire Council,2656,Destination Charging R1,False,,type_only,Exploren,Exploren,False,ev_20251216.csv,False,False,False,2656,matches_existing,2656,PCODE,False,existing_retained,AC,not_specified
ev_a5b33d6cc4072125d6ad64dc0b120c239fc5bf8292fc26794bb2590ad32bda7a,,Young Federation Motor Inn,"109 Main St
Young NSW 2594
Australia",Chargefox,4,AC,AC,-34.3152346,148.2954995,Hilltops Council,2594,Destination Charging R2,False,,type_only,Chargefox,Chargefox,False,ev_20251216.csv,False,False,False,2594,matches_existing,2594,PCODE,False,existing_retained,AC,not_specified
ev_df43e947721104d6b5ad6156b729447a94ff7b202e1fe6a79ee426ead0888bd8,,,"11 Beaumond Ave
Maroubra NSW 2035
Australia",PLUS ES,1,AC,22 kW,-33.944085,151.2604084,Randwick City Council,2035,Kerbside Charging R1,False,22.0,single_kw,PLUS ES,PLUS ES,False,ev_20251216.csv,False,False,False,2035,matches_existing,2035,PCODE,False,existing_retained,AC,not_specified
ev_12c49318e995dc28778eac8cb39156090b3e701e069c995592080b6303861b53,,,"11 Duxford St
Paddington NSW 2021
Australia",PLUS ES,1,AC,22 kW,-33.8825471,151.2296966,Woollahra Municipal Council,2021,Kerbside Charging R1,False,22.0,single_kw,PLUS ES,PLUS ES,False,ev_20251216.csv,False,False,False,2021,matches_existing,2021,PCODE,False,existing_retained,AC,not_specified
ev_d5817fd36c55431d333ff7cd239cdb9c5039bc666342f6f4e4447913c1c45659,,,"11 Fowler St
Camperdown NSW 2050
Australia",EVE Australia,4,AC,22 kW,-33.8905316,151.1761275,Inner West Council,2050,Kerbside Charging R1,False,22.0,single_kw,EVE Australia,EVE Australia,False,ev_20251216.csv,False,False,False,2050,matches_existing,2050,PCODE,False,existing_retained,AC,not_specified
ev_aa3df183221adc883d1b4c76c915f6a144790fbaa556dfa351a3dd32a4627317,,Mollymook Shores Hotel,"11 Golf Ave
Mollymook NSW 2539
Australia",EVNet,2,AC,AC,-35.3402773,150.4735504,Shoalhaven City Council,2539,Destination Charging R2,False,,type_only,EVNet,EVNet,False,ev_20251216.csv,False,False,False,2539,matches_existing,2539,PCODE,False,existing_retained,AC,not_specified
ev_3b914bfd24bddd21d31fea5d35b5ee20f7a2fc288460cadc6bf5134a6e6c442a,,Matador Motor Inn,"11 Grafton St
Coffs Harbour NSW 2450
Australia",Chargefox,2,AC,AC,-30.301066,153.11108,Coffs Harbour City Council,2450,Destination Charging R2,False,,type_only,Chargefox,Chargefox,False,ev_20251216.csv,False,False,False,2450,matches_existing,2450,PCODE,False,existing_retained,AC,not_specified
ev_07cd43454f6d017add4ef78d10fda8cda55b647bdf8c6811c4f9325545f81e39,,Hotel Etico Australia,"11 Montgomery St
Mount Victoria NSW 2786
Australia",EVNet,2,AC,AC,-33.588553,150.2541162,Blue Mountains City Council,2786,Destination Charging R2,False,,type_only,EVNet,EVNet,False,ev_20251216.csv,False,False,False,2786,matches_existing,2786,PCODE,False,existing_retained,AC,not_specified
ev_c25412b7099dbce64158db7f2c69c46844fe36a2e45c190b0351fb4599f4a305,,Liverpool Plains Visitor Information Centre,"11 New England Hwy
Willow Tree NSW 2339
Australia",Exploren,2,AC,AC,-31.6494391,150.7261173,Liverpool Plains Shire Council,2339,Destination Charging R2,False,,type_only,Exploren,Exploren,False,ev_20251216.csv,False,False,False,2339,matches_existing,2339,PCODE,False,existing_retained,AC,not_specified
ev_87f385d2fee1c6c5aa7c322255bdac5b784c5a73984e52c63a45c6644e465e1b,,Pro Shop Car Park,"11 Paradise Beach Rd
Sanctuary Point NSW 2540
Australia",EVSE,2,AC,AC,-35.1043696,150.624673,Shoalhaven City Council,2540,Destination Charging R2,False,,type_only,EVSE,EVSE,False,ev_20251216.csv,False,False,False,2540,matches_existing,2540,PCODE,False,existing_retained,AC,not_specified
ev_f9ff5dacb2f101d6d15acaf44c2925740e5464f879205b3360fdb41f0e3022dd,,,"110 Beach St
Coogee NSW 2034
Australia",PLUS ES,1,AC,22 kW,-33.917692,151.2584718,Randwick City Council,2034,Kerbside Charging R1,False,22.0,single_kw,PLUS ES,PLUS ES,False,ev_20251216.csv,False,False,False,2034,matches_existing,2034,PCODE,False,existing_retained,AC,not_specified
ev_6077046c2bb41bad58fdba470e9ba971d82b0b360e9386fa6d9f899e08dc35cb,,,"110 Reserve Rd
Artarmon NSW 2064
Australia",EVX,2,AC,22 kW,-33.8119541,151.1835636,Willoughby City Council,2064,Kerbside Charging R1,False,22.0,single_kw,EVX,EVX,False,ev_20251216.csv,False,False,False,2064,matches_existing,2064,PCODE,False,existing_retained,AC,not_specified
ev_a820e76216f354c319640872ed11752246185e063136b10e95e2211d68325e3c,,Starline Alpacas Farmstay,"1100 Milbrodale Rd
Broke NSW 2330
Australia",Charge Hub,4,AC,AC,-32.7504732,151.0782513,Singleton Council,2330,Destination Charging R2,False,,type_only,Charge Hub,Charge Hub,True,ev_20251216.csv,False,False,False,2330,matches_existing,2330,PCODE,False,existing_retained,AC,not_specified
ev_db7207f785ea3aa95325aebf003193ec734c5cdc0548b32413535f4538367789,,Basalt Orange,"1100 Pinnacle Rd
Canobolas NSW 2800
Australia",EVNet,3,AC,AC,-33.3444734,149.0383058,Orange City Council,2800,Destination Charging R2,False,,type_only,EVNet,EVNet,False,ev_20251216.csv,False,False,False,2800,matches_existing,2800,PCODE,False,existing_retained,AC,not_specified
ev_5dd385437e83889ba74885469c50fe4a3baae3841bb3c2362e59da917ee22d8c,,,"111 Duncan St
Maroubra NSW 2035
Australia",PLUS ES,1,AC,22 kW,-33.9452821,151.2540766,Randwick City Council,2035,Kerbside Charging R1,False,22.0,single_kw,PLUS ES,PLUS ES,False,ev_20251216.csv,False,False,False,2035,matches_existing,2035,PCODE,False,existing_retained,AC,not_specified
ev_913afd7b6f2eb21c938938c9acd66e884f3a37920a6235695dd9e1541ef5bbb1,,Solomon Inn,"111 Princes Hwy
Figtree NSW 2525
Australia",Exploren,4,AC,AC,-34.4405803,150.8566138,Wollongong City Council,2525,Destination Charging R2,False,,type_only,Exploren,Exploren,False,ev_20251216.csv,False,False,False,2525,matches_existing,2525,PCODE,False,existing_retained,AC,not_specified
ev_18ae8db071851f486fbfd7fff52ffa459d96943bf2b4efa8c8b7bcd13635f1c1,,Titania Motel,"11-13 Tarana Cres
Oberon NSW 2787
Australia",CasaCharge,4,AC,AC,-33.7018651,149.8740416,Oberon Council,2787,Destination Charging R2,False,,type_only,CasaCharge,CasaCharge,False,ev_20251216.csv,False,False,False,2787,matches_existing,2787,PCODE,False,existing_retained,AC,not_specified
ev_e549160dedb4eb1e2e7becb5fa7a154586d80f9324fc25e5007be0bce7ff0c0d,,Metropole Guest House,"11-15 Gang Gang St
Katoomba NSW 2780
Australia",Everty,2,AC,AC,-33.7126309,150.3125567,Blue Mountains City Council,2780,Destination Charging R2,False,,type_only,Everty,Everty,False,ev_20251216.csv,False,False,False,2780,matches_existing,2780,PCODE,False,existing_retained,AC,not_specified
ev_0e675d5bccf0b53b177f025016de6d93ef5a88c92fcf8c11bbd9a30f6ba6f19d,,South Tamworth Bowling Club,"11-23 Margaret St
South Tamworth NSW 2340
Australia",Exploren,2,AC,AC,-31.1084778,150.9208266,Tamworth Regional Council,2340,Destination Charging R2,False,,type_only,Exploren,Exploren,False,ev_20251216.csv,False,False,False,2340,matches_existing,2340,PCODE,False,existing_retained,AC,not_specified
ev_68ec5bedae5c27a38bfde16d8ea012594170a247d61e1397b0691d8214bdcb39,,,"112A Burton St
Darlinghurst NSW 2010
Australia",EVX,2,AC,22 kW,-33.8789017,151.2192178,"Sydney, Council of the City of",2010,Kerbside Charging R1,False,22.0,single_kw,EVX,EVX,False,ev_20251216.csv,False,False,False,2010,matches_existing,2010,PCODE,False,existing_retained,AC,not_specified
ev_dfda84d2895e4656b666d8fde879362d0eee62448e928b8d59eaece8cf0db36d,,Bega Showground,"1-13 Upper St
Bega NSW 2550
Australia",Exploren,4,AC,AC,-36.6775093,149.8486847,Bega Valley Shire Council,2550,Destination Charging R2,False,,type_only,Exploren,Exploren,False,ev_20251216.csv,False,False,False,2550,matches_existing,2550,PCODE,False,existing_retained,AC,not_specified
ev_8401f960ebc656ff877d9471804fd22a5a5e00fb5c10c508cbc9d4e2cc53e924,,,117 Tibbereena St Narrabri NSW 2390 Australia,Tesla,4,DC,175 kW,-30.3226373,149.7801888,Narrabri Shire Council,2390,Fast Charging R1,False,175.0,single_kw,Tesla,Tesla,False,ev_20251216.csv,False,False,False,2390,matches_existing,2390,PCODE,False,existing_retained,DC,not_specified
ev_5fffb756f46a041e891a279a632793fa404b267c9cabcb05e135fee882b797a5,,,"118 Nelson St
Annandale NSW 2038
Australia",PLUS ES,1,AC,22 kW,-33.8833797,151.1728455,Inner West Council,2038,Kerbside Charging R1,False,22.0,single_kw,PLUS ES,PLUS ES,False,ev_20251216.csv,False,False,False,2038,matches_existing,2038,PCODE,False,existing_retained,AC,not_specified
ev_512e14d769b898a39eaf846f60a886614ca81771f1c53ccc241f5c20f61af5dc,,,"1-19 Dora St
Mayfield NSW 2304
Australia",Chargefox,2,AC,22 kW,-32.8972088,151.7374005,Newcastle City Council,2304,Kerbside Charging R1,False,22.0,single_kw,Chargefox,Chargefox,False,ev_20251216.csv,False,False,False,2304,matches_existing,2304,PCODE,False,existing_retained,AC,not_specified
ev_d7e668d2bfe6fee710eacd8561e89d000496f47e3d19ac50dcefa6fc738f3b05,,Jack McLaughlin Oval - Edgeworth Sporting Complex,"11B Park St
Edgeworth NSW 2285
Australia",Everty,2,AC,AC,-32.9258036,151.6214194,Lake Macquarie City Council,2285,Destination Charging R2,False,,type_only,Everty,Everty,False,ev_20251216.csv,False,False,False,2285,matches_existing,2285,PCODE,False,existing_retained,AC,not_specified
ev_7b945bf36bb6d9a9c50018f30a871faad250af18c4c20e596eba71abf0194a04,,Small Acres Cyder,"12 Akhurst Rd
Nashdale NSW 2800
Australia",Exploren,2,AC,AC,-33.2818182,148.9909542,Cabonne Council,2800,Destination Charging R2,False,,type_only,Exploren,Exploren,False,ev_20251216.csv,False,False,False,2800,matches_existing,2800,PCODE,False,existing_retained,AC,not_specified
ev_ac3926dcbb7441295a1e4d7b5e99fec69647e09bdc0a365bb63c98aa2dbe1513,,,"12 Boundary St
Croydon NSW 2132
Australia",EVX,2,AC,22 kW,-33.8808294,151.114005,Burwood Council,2132,Kerbside Charging R1,False,22.0,single_kw,EVX,EVX,False,ev_20251216.csv,False,False,False,2132,matches_existing,2132,PCODE,False,existing_retained,AC,not_specified
ev_f1d1d891cf80af4b91d9416cba36d3cb313e9c3554397616abfc4de25a5d49e3,,,"12 Brown St
Bronte NSW 2024
Australia",PLUS ES,1,AC,7 kW,-33.9020352,151.2581026,Waverley Council,2024,Kerbside Charging R1,False,7.0,single_kw,PLUS ES,PLUS ES,False,ev_20251216.csv,False,False,False,2024,matches_existing,2024,PCODE,False,existing_retained,AC,not_specified
ev_9ecd75b0c2b7110c26facd8a00e71f0c982a6535bdcb4f046cf2766a00d77f37,,,"12 Frederick St
St Leonards NSW 2065
Australia",EVX,2,AC,22 kW,-33.8180079,151.1890054,Willoughby City Council,2065,Kerbside Charging R1,False,22.0,single_kw,EVX,EVX,False,ev_20251216.csv,False,False,False,2065,matches_existing,2065,PCODE,False,existing_retained,AC,not_specified
ev_982325dfa42b279d72d9d433048afca1cd8aab62c556786aceb426e774da60ba,,,"12 Hipwood St
Kirribilli NSW 2061
Australia",ChargePost,4,AC,22 kW,-33.8435463,151.2137097,North Sydney Council,2061,Kerbside Charging R1,False,22.0,single_kw,ChargePost,ChargePost,False,ev_20251216.csv,False,False,False,2061,matches_existing,2061,PCODE,False,existing_retained,AC,not_specified
ev_f0f051d4a98c3c34b21827af641bf0e05a6fb2f04335bd1502e9580e4dd2aa0b,,Mingara Recreation Club,"12 Mingara Rd
Tumbi Umbi NSW 2261
Australia",Exploren,4,AC,AC,-33.3619692,151.440778,Central Coast Council,2261,Destination Charging R1,False,,type_only,Exploren,Exploren,False,ev_20251216.csv,False,False,False,2261,matches_existing,2261,PCODE,False,existing_retained,AC,not_specified
ev_fc12573f476a339d47fbdf2d9b9bf68cf7eeb449744ec597aa6893e834b70cf4,,,"12 Wilberforce Ave
Rose Bay NSW 2029
Australia",Chargefox,2,AC,7 kW,-33.8710587,151.2701643,Woollahra Municipal Council,2029,Kerbside Charging R1,False,7.0,single_kw,Chargefox,Chargefox,False,ev_20251216.csv,False,False,False,2029,matches_existing,2029,PCODE,False,existing_retained,AC,not_specified
ev_25043ff1de32b8c472f546889e034a8dbfdef7effa45eb6ca75aaf291a0ce1df,,,"120 Marine Pde
Maroubra NSW 2035
Australia",PLUS ES,1,AC,22 kW,-33.9442446,151.2608523,Randwick City Council,2035,Kerbside Charging R1,False,22.0,single_kw,PLUS ES,PLUS ES,False,ev_20251216.csv,False,False,False,2035,matches_existing,2035,PCODE,False,existing_retained,AC,not_specified
ev_94abbd6b285c50d63f5bf9500049c63f5f56166effdc0f25b01405fd08381103,,,"121 Todman Ave
Kensington NSW 2033
Australia",PLUS ES,1,AC,22 kW,-33.9100253,151.2207733,Randwick City Council,2033,Kerbside Charging R1,False,22.0,single_kw,PLUS ES,PLUS ES,False,ev_20251216.csv,False,False,False,2033,matches_existing,2033,PCODE,False,existing_retained,AC,not_specified
ev_2a683be2671019156adfd7a2f4382187a58882735ec63847a300d0f558a996a0,,,"12-14 Glen St
Marrickville NSW 2204
Australia",EVE Australia,2,AC,22 kW,-33.9159664,151.145994,Inner West Council,2204,Kerbside Charging R1,False,22.0,single_kw,EVE Australia,EVE Australia,False,ev_20251216.csv,False,False,False,2204,matches_existing,2204,PCODE,False,existing_retained,AC,not_specified
ev_94064799c11a8efa066978448d4fef6a85f9be9943d907b9a8152a2040c0c844,,,"1215 Anzac Pde, Matraville, NSW, 2036",Evie Networks,4,DC,75 kW,-33.9626402,151.245869,Randwick City Council,2036,Kerbside Charging R1,False,75.0,single_kw,Evie Networks,Evie,False,ev_20251216.csv,False,False,False,2036,matches_existing,2036,PCODE,False,existing_retained,DC,not_specified
ev_a8d626c93dc203a6e75fea8ef43cdf3d12def6289c079b48d8e7de879431b3d7,,The Wool Store,"121A Keppel St
Bathurst NSW 2795
Australia",Chargefox,1,AC,AC,-33.4174656,149.5761249,Bathurst Regional Council,2795,Destination Charging R2,False,,type_only,Chargefox,Chargefox,False,ev_20251216.csv,False,False,False,2795,matches_existing,2795,PCODE,False,existing_retained,AC,not_specified
ev_fa667d75ff80fa0b70a37dcdd2e6716f40fc0d879427e505dce0cd8257caf86b,,Ingenia Holiday Parks - Soldiers Point.,"122 Soldiers Point Rd
Soldiers Point NSW 2317
Australia",Exploren,4,AC,AC,-32.7119746,152.0708892,Port Stephens Council,2317,Destination Charging R2,False,,type_only,Exploren,Exploren,False,ev_20251216.csv,False,False,False,2317,matches_existing,2317,PCODE,False,existing_retained,AC,not_specified
ev_421d6501d5e8460a3d37db4d77f7f6edc5c13ef364940b94b63b47c5abac7df5,,,"1233 Victoria Rd, West Ryde NSW 2114, Australia",BP,4,DC,175 kW,-33.8067305,151.0708812,"Ryde, Council of the City of",2114,Fast Charging R1,False,175.0,single_kw,BP,BP,False,ev_20251216.csv,False,False,False,2114,matches_existing,2114,PCODE,False,existing_retained,DC,not_specified
ev_5319c99c791735d42b7c52b2a163f89fd2ff4371a604a117d737d24a30036918,,,"1234 Princes Hwy, Engadine NSW 2233, Australia",BP,4,DC,175 kW,-34.0774032,151.0112053,Sutherland Shire Council,2233,Fast Charging R1,False,175.0,single_kw,BP,BP,False,ev_20251216.csv,False,False,False,2233,matches_existing,2233,PCODE,False,existing_retained,DC,not_specified
ev_55d35addf1ff056d4557d0edbbd190e72b6347e8eb182eff62b605a724b54b14,,,"126 Jersey Rd
Paddington NSW 2021
Australia",EVX,2,AC,22 kW,-33.8873109,151.2355061,Woollahra Municipal Council,2021,Kerbside Charging R1,False,22.0,single_kw,EVX,EVX,False,ev_20251216.csv,False,False,False,2021,matches_existing,2021,PCODE,False,existing_retained,AC,not_specified
ev_71685f39464a9a48e4080abe9cad95a382228f1b1b4a784b2d56b313153de7e1,,Museum of Riverina-Botanic Garden Sites,"127 Lord Baden Powell Dr
Turvey Park NSW 2650
Australia",Smart Charge,2,AC,AC,-35.1281415,147.368009,Wagga Wagga City Council,2650,Destination Charging R2,False,,type_only,Smart Charge,Smart Charge,False,ev_20251216.csv,False,False,False,2650,matches_existing,2650,PCODE,False,existing_retained,AC,not_specified
ev_df39f2627f529a4c07046f7b69b1e4f5dfbce94c8ad6ec15c224d2186ec11cd1,,,"128 Rowntree St
Birchgrove NSW 2041
Australia",PLUS ES,1,AC,7 kW,-33.8524177,151.1819931,Inner West Council,2041,Kerbside Charging R1,False,7.0,single_kw,PLUS ES,PLUS ES,False,ev_20251216.csv,False,False,False,2041,matches_existing,2041,PCODE,False,existing_retained,AC,not_specified
ev_70d51a3105285b3a95e0b26f800c329ddd8ac974c1c6852dfaad8a36cf894343,,,"13 Beattie St
Balmain NSW 2041
Australia",EVX,2,AC,22 kW,-33.857744,151.1800714,Inner West Council,2041,Kerbside Charging R1,False,22.0,single_kw,EVX,EVX,False,ev_20251216.csv,False,False,False,2041,matches_existing,2041,PCODE,False,existing_retained,AC,not_specified
ev_da80c0a7f9a0055dd0881901313cb3cf3dec782d513812677e6612f03ec3d1eb,,,"13 Llandaff St
Bondi Junction NSW 2022
Australia",PLUS ES,1,AC,22 kW,-33.8935621,151.252073,Waverley Council,2022,Kerbside Charging R1,False,22.0,single_kw,PLUS ES,PLUS ES,False,ev_20251216.csv,False,False,False,2022,matches_existing,2022,PCODE,False,existing_retained,AC,not_specified
ev_5d0f4a6127c38b7a22a00a38fa9c357a0b1e4be592c70c1d6e26772d09f666ea,,,"13 Neptune St
Coogee NSW 2034
Australia",PLUS ES,1,AC,22 kW,-33.9263789,151.2578036,Randwick City Council,2034,Kerbside Charging R1,False,22.0,single_kw,PLUS ES,PLUS ES,False,ev_20251216.csv,False,False,False,2034,matches_existing,2034,PCODE,False,existing_retained,AC,not_specified
ev_3bf1991a2bd83eb074345a8d4467ffd36a8944af3bb5ddd8f0524fc4c423111a,,,"13 Southey St, Jerilderie NSW 2716, Australia",BP,6,DC,175 kW,-35.3608978,145.7194667,Murrumbidgee Council,2716,Fast Charging R1,False,175.0,single_kw,BP,BP,False,ev_20251216.csv,False,False,False,2716,matches_existing,2716,PCODE,False,existing_retained,DC,not_specified
ev_52a61af7e2e2c7eb2ed53250a41151c09adb8c852703edb76534a6b06e8ef400,,,"131 Annandale St
Annandale NSW 2038
Australia",PLUS ES,1,AC,22 kW,-33.881865,151.1692999,Inner West Council,2038,Kerbside Charging R1,False,22.0,single_kw,PLUS ES,PLUS ES,False,ev_20251216.csv,False,False,False,2038,matches_existing,2038,PCODE,False,existing_retained,AC,not_specified
ev_389f9ff1171b8c421c569eeb47a29e9c8dc9aaa41e8307cbe41829a16012e949,,SHOALHAVEN EX-SERVICEMEN'S CLUB LTD,"131 Greenwell Point Rd
Worrigee NSW 2540
Australia",Exploren,4,AC,AC,-34.8898586,150.625969,Shoalhaven City Council,2540,Destination Charging R1,False,,type_only,Exploren,Exploren,False,ev_20251216.csv,False,False,False,2540,matches_existing,2540,PCODE,False,existing_retained,AC,not_specified
ev_e27388784e924226a1d7a06b45709db781ab82a971faba34686fe253262d612c,,,"133 Curlewis St
Bondi Beach NSW 2026
Australia",Chargefox,1,AC,7 kW,-33.889034,151.273948,Waverley Council,2026,Kerbside Charging R1,False,7.0,single_kw,Chargefox,Chargefox,False,ev_20251216.csv,False,False,False,2026,matches_existing,2026,PCODE,False,existing_retained,AC,not_specified
ev_a3d840b77afc56a95216a88837aec83da7ab87518075724be301886b40359311,,,"136 Young St
Annandale NSW 2038
Australia",PLUS ES,1,AC,22 kW,-33.8838667,151.1664987,Inner West Council,2038,Kerbside Charging R1,False,22.0,single_kw,PLUS ES,PLUS ES,False,ev_20251216.csv,False,False,False,2038,matches_existing,2038,PCODE,False,existing_retained,AC,not_specified
ev_277e0415f150bd445c3b0be1863527436d09827f2376d9f045871830ce786bae,,Club Maitland City,"14 Arthur St
Rutherford NSW 2320
Australia",EVNet,2,AC,AC,-32.71822,151.5284763,Maitland City Council,2320,Destination Charging R1,False,,type_only,EVNet,EVNet,False,ev_20251216.csv,False,False,False,2320,matches_existing,2320,PCODE,False,existing_retained,AC,not_specified
ev_0458dd1f916f5ed8774fae6c60de3f7673510a04cbc2a4bda45c8afa5fd497d1,,,"140 Keppel St
Bathurst NSW 2795
Australia",Noodoe,1,AC,AC,-33.4176946,149.5750893,Bathurst Regional Council,2795,Destination Charging R2,False,,type_only,Noodoe,Noodoe,False,ev_20251216.csv,False,False,False,2795,matches_existing,2795,PCODE,False,existing_retained,AC,not_specified
ev_8fb926963ad3bc324b1fc7eccb5e8d17df2ac490721f775ec479caca2a6534ad,,Armidale Pines Motel,"141 Marsh St
Armidale NSW 2350
Australia",Non-networked,1,AC,AC,-30.5169112,151.6683352,Armidale Regional Council,2350,Destination Charging R2,False,,type_only,Non-networked,Non-networked,False,ev_20251216.csv,False,False,False,2350,matches_existing,2350,PCODE,False,existing_retained,AC,not_specified
ev_0d982de3aa8d56d3685d1f361542a4dc31962864316525a610886cf80fd62a71,,Willow Bend Caravan Park,"14-16 Darling St
Wentworth NSW 2648
Australia",Chargefox,2,AC,AC,-34.1090159,141.9193911,Wentworth Shire Council,2648,Destination Charging R2,False,,type_only,Chargefox,Chargefox,False,ev_20251216.csv,False,False,False,2648,matches_existing,2648,PCODE,False,existing_retained,AC,not_specified
ev_13956b6342d4b2caac28de8cd39e00ab65299a93f966f7fa6f712f97175c062c,,,"144 Bayshore Dr, Byron Bay, 2481",Chargefox,2,DC,50 kW,-28.62590795,153.586978,Byron Shire Council,2481,Existing Fast Chargers,False,50.0,single_kw,Chargefox,Chargefox,False,ev_20251216.csv,False,False,False,,no_address_candidate,2481,PCODE,False,existing_retained,DC,not_specified
ev_619d8182b52d9e3c474d61b671370da13d57431fd9a0bc32a1273ecc83b34fd6,,Ibis Styles Orange,"146 Bathurst Rd
Orange NSW 2800
Australia",Non-networked,4,AC,AC,-33.2954939,149.115836,Orange City Council,2800,Destination Charging R2,False,,type_only,Non-networked,Non-networked,False,ev_20251216.csv,False,False,False,2800,matches_existing,2800,PCODE,False,existing_retained,AC,not_specified
ev_7a685471f96b7bcf7268bada2822f16bebb92df9b5a007df0d0a32a572703c01,,Comfort Inn City Centre Armidale,"146 Dangar St
Armidale NSW 2350
Australia",Exploren,8,AC,AC,-30.5167599,151.6636723,Armidale Regional Council,2350,Destination Charging R1,False,,type_only,Exploren,Exploren,False,ev_20251216.csv,False,False,False,2350,matches_existing,2350,PCODE,False,existing_retained,AC,not_specified
ev_701a6bd0202c69a1ac0ffc0c08e2e3aee698d08d2c47119e2f0970fd42cfca63,,,"146 Flood St
Leichhardt NSW 2040
Australia",EVX,2,AC,22 kW,-33.8834979,151.149764,Inner West Council,2040,Kerbside Charging R1,False,22.0,single_kw,EVX,EVX,False,ev_20251216.csv,False,False,False,2040,matches_existing,2040,PCODE,False,existing_retained,AC,not_specified
ev_38d63b9fbc52800c693ac32890d3d3f90d605389c5d0f96d9d68dcb16800a238,,,"146 Glenmore Rd
Paddington NSW 2021
Australia",EVX,2,AC,22 kW,-33.8820504,151.2255784,Woollahra Municipal Council,2021,Kerbside Charging R1,False,22.0,single_kw,EVX,EVX,False,ev_20251216.csv,False,False,False,2021,matches_existing,2021,PCODE,False,existing_retained,AC,not_specified
ev_30ebd2d99fd8896e2d86a75f5ff171d2a297ee9a67d04bc5bac78e5f26327cd1,,Country Plaza Motel Queanbeyan,"147 Uriarra Rd
Crestwood NSW 2620
Australia",EVUp,2,AC,AC,-35.3442253,149.2155313,Queanbeyan-Palerang Regional Council,2620,Destination Charging R2,False,,type_only,EVUp,EVUp,False,ev_20251216.csv,False,False,False,2620,matches_existing,2620,PCODE,False,existing_retained,AC,not_specified
ev_087fd4fce18345b5bf197c3a6809c6357e8fd9e6c00d6e2d09f38abf136c77b7,,,"15 Barker St
Kensington NSW 2033
Australia",EVX,2,AC,22 kW,-33.91931,151.2258425,Randwick City Council,2033,Kerbside Charging R1,False,22.0,single_kw,EVX,EVX,False,ev_20251216.csv,False,False,False,2033,matches_existing,2033,PCODE,False,existing_retained,AC,not_specified
ev_1b75d1d8a31e650c8a18d9f154263bc204480d0e7b8d2687cb2842a0c30e0bdf,,,"15 Boundary St
Darlinghurst NSW 2010
Australia",EVX,2,AC,22 kW,-33.8788555,151.2251411,Woollahra Municipal Council,2010,Kerbside Charging R1,False,22.0,single_kw,EVX,EVX,False,ev_20251216.csv,False,False,False,2010,matches_existing,2010,PCODE,False,existing_retained,AC,not_specified
ev_995519d8164d5d0f98e8c0658c9fcf33ad0aff4209040cdfafb7507db8f5028e,,,"15 William St
Randwick NSW 2031
Australia",PLUS ES,1,AC,7 kW,-33.9081196,151.2347862,Randwick City Council,2031,Kerbside Charging R1,False,7.0,single_kw,PLUS ES,PLUS ES,False,ev_20251216.csv,False,False,False,2031,matches_existing,2031,PCODE,False,existing_retained,AC,not_specified
ev_a5db59b6e79b83a9ee1b62bd5c0441773593318f28786385519f5c7608cb1afb,,,"150 Bellevue Rd
Bellevue Hill NSW 2023
Australia",PLUS ES,1,AC,22 kW,-33.8786355,151.2465595,Woollahra Municipal Council,2023,Kerbside Charging R1,False,22.0,single_kw,PLUS ES,PLUS ES,False,ev_20251216.csv,False,False,False,2023,matches_existing,2023,PCODE,False,existing_retained,AC,not_specified
ev_26b4b58575d85011ec90272c3013f250308f4ed033f47b24b5409588d5bed33c,,Orange Visitor Information Centre,"151 Byng St
Orange NSW 2800
Australia",EVSE,4,AC,AC,-33.2817348,149.1034134,Orange City Council,2800,Destination Charging R2,False,,type_only,EVSE,EVSE,False,ev_20251216.csv,False,False,False,2800,matches_existing,2800,PCODE,False,existing_retained,AC,not_specified
ev_c43f088255ede61987c43f8a885fd7dc12969dd475bb3f808e3cbaddb8e9d113,,,"153 Windsor St
Paddington NSW 2021
Australia",PLUS ES,1,AC,7 kW,-33.8864268,151.2351133,Woollahra Municipal Council,2021,Kerbside Charging R1,False,7.0,single_kw,PLUS ES,PLUS ES,False,ev_20251216.csv,False,False,False,2021,matches_existing,2021,PCODE,False,existing_retained,AC,not_specified
ev_8489eb17131ee325c121e948490a20861b5a5838f65adeeae44573a2a67d94b4,,,"154 Beach Rd, Batemans Bay NSW 2536",Tesla,6,DC,175 kW,-35.7196933,150.1897432,Eurobodalla Shire Council,2536,Fast Charging R1,False,175.0,single_kw,Tesla,Tesla,False,ev_20251216.csv,False,False,False,2536,matches_existing,2536,PCODE,False,existing_retained,DC,not_specified
ev_7d434da0339ef9282253e51653022f1089836f66e966c2c9de9f73def09203b1,,Mulwala Water Ski Club,"156 Melbourne St
Mulwala NSW 2647
Australia",Smart Charge,2,AC,AC,-35.9950407,146.0020955,Federation Council,2647,Destination Charging R1,False,,type_only,Smart Charge,Smart Charge,False,ev_20251216.csv,False,False,False,2647,matches_existing,2647,PCODE,False,existing_retained,AC,not_specified
ev_e003d5823b7a8781fa6caa1aef476ce43dcfc9c9caff28e18c7c5faaa6c0efe4,,,"157 Curlewis St
Bondi Beach NSW 2026
Australia",Chargefox,1,AC,7 kW,-33.8895405,151.2745168,Waverley Council,2026,Kerbside Charging R1,False,7.0,single_kw,Chargefox,Chargefox,False,ev_20251216.csv,False,False,False,2026,matches_existing,2026,PCODE,False,existing_retained,AC,not_specified
ev_86053260667e7115499cbb68bf1ecf190858013750ebd51ca824bec456c14366,,,"159 Birrell St
Waverley NSW 2024
Australia",Chargefox,2,AC,7 kW,-33.8972221,151.2572192,Waverley Council,2024,Kerbside Charging R1,False,7.0,single_kw,Chargefox,Chargefox,False,ev_20251216.csv,False,False,False,2024,matches_existing,2024,PCODE,False,existing_retained,AC,not_specified
ev_05661ee5768454a25d842135811c5c4fd43da816c56d09a70672b3db80e067a2,,,"16 Charlotte St
Ashfield NSW 2131
Australia",EVX,2,AC,22 kW,-33.8868871,151.1256342,Inner West Council,2131,Kerbside Charging R1,False,22.0,single_kw,EVX,EVX,False,ev_20251216.csv,False,False,False,2131,matches_existing,2131,PCODE,False,existing_retained,AC,not_specified
ev_a73d501f774505aae3d1184e8172724b887fb5dca513ddc4c2a7043e1098847c,,,"16 Duxford St
Paddington NSW 2021
Australia",PLUS ES,1,AC,22 kW,-33.8825594,151.229031,Woollahra Municipal Council,2021,Kerbside Charging R1,False,22.0,single_kw,PLUS ES,PLUS ES,False,ev_20251216.csv,False,False,False,2021,matches_existing,2021,PCODE,False,existing_retained,AC,not_specified
ev_293c18046f9f425b5f222eb6b85c792e76d4ff1fd7235e6e5bf9d33bb2354c4e,,,"16 Fletcher St
Bondi NSW 2026
Australia",PLUS ES,1,AC,22 kW,-33.8967196,151.2696086,Waverley Council,2026,Kerbside Charging R1,False,22.0,single_kw,PLUS ES,PLUS ES,False,ev_20251216.csv,False,False,False,2026,matches_existing,2026,PCODE,False,existing_retained,AC,not_specified
ev_e98ea5308c6cb9fcb0b4323c37851b9ff7aed68adcc1c7537fbe22596876ed3c,,,"16 Gower St
Summer Hill NSW 2130
Australia",PLUS ES,1,AC,22 kW,-33.8888029,151.1379119,Inner West Council,2130,Kerbside Charging R1,False,22.0,single_kw,PLUS ES,PLUS ES,False,ev_20251216.csv,False,False,False,2130,matches_existing,2130,PCODE,False,existing_retained,AC,not_specified
ev_fb2fb552aa24c4415c9f9f695344ede768b3aa3f3df6d4073215dcb143088314,,,"16 Myra Rd
Dulwich Hill NSW 2203
Australia",EVE Australia,2,AC,22 kW,-33.907162,151.1357912,Inner West Council,2203,Kerbside Charging R1,False,22.0,single_kw,EVE Australia,EVE Australia,False,ev_20251216.csv,False,False,False,2203,matches_existing,2203,PCODE,False,existing_retained,AC,not_specified
ev_67fcafc7ddc291375275ba0994472c7180e6ebdf537a14e8065aa22e262816f0,,,"160 Australia St
Newtown NSW 2042
Australia",PLUS ES,1,AC,7 kW,-33.8947338,151.1777935,Inner West Council,2042,Kerbside Charging R1,False,7.0,single_kw,PLUS ES,PLUS ES,False,ev_20251216.csv,False,False,False,2042,matches_existing,2042,PCODE,False,existing_retained,AC,not_specified
ev_679352b3a84367f8d62b250c69a78f999fac7b2ff6027712fe3d65800bcf11c0,,Tallowood Cottages,"1600 BOWRAVILLE RD
SPICKETTS CREEK NSW 2454
Australia",Exploren,1,AC,AC,-30.5303037,152.869309,Bellingen Shire Council,2454,Destination Charging R2,False,,type_only,Exploren,Exploren,False,ev_20251216.csv,False,False,False,2454,matches_existing,2454,PCODE,False,existing_retained,AC,not_specified
ev_9776c610833f182237f21ec6b9db661ddce274ee02046f948aac72d9244e528d,,De iuliis Wines,"1616 Broke Rd
Pokolbin NSW 2320
Australia",Non-networked,2,AC,AC,-32.7604467,151.2528696,Cessnock City Council,2320,Destination Charging R2,False,,type_only,Non-networked,Non-networked,False,ev_20251216.csv,False,False,False,2320,matches_existing,2320,PCODE,False,existing_retained,AC,not_specified
ev_dc26a2f58f051a35310f188da4031dbe7c27eb1869d9b0a5fa796936568ced40,,,"162 Canterbury St, Casino, 2470",EVUp,2,AC,22 kW,-28.86284789,153.049044,Richmond Valley Council,2470,Existing Destination Chargers,False,22.0,single_kw,EVUp,EVUp,False,ev_20251216.csv,False,False,False,,no_address_candidate,2470,PCODE,False,existing_retained,AC,not_specified
ev_372a562b06916db567589a4649b53329cfc9c471b88ccaba4e0ebb33a268457a,,,"162 Rouse St, Tenterfield NSW 2372, Australia",Tesla,4,DC,175 kW,-29.0565237,152.0181884,Tenterfield Shire Council,2372,Fast Charging R1,False,175.0,single_kw,Tesla,Tesla,False,ev_20251216.csv,False,False,False,2372,matches_existing,2372,PCODE,False,existing_retained,DC,not_specified
ev_339ccf793459a767e4d69f60333ec1d2e3f394b41a2d1f68934e16b31822dd9c,,,"163 Windsor St
Paddington NSW 2021
Australia",PLUS ES,1,AC,7 kW,-33.8865889,151.2353607,Woollahra Municipal Council,2021,Kerbside Charging R1,False,7.0,single_kw,PLUS ES,PLUS ES,False,ev_20251216.csv,False,False,False,2021,matches_existing,2021,PCODE,False,existing_retained,AC,not_specified
ev_f271678e58b572fab1b5834cd34ac10209efb900ed2d7ea541322afa2a497e79,,,"164 Darling St
Balmain NSW 2041
Australia",PLUS ES,1,AC,7 kW,-33.8583636,151.1875201,Inner West Council,2041,Kerbside Charging R1,False,7.0,single_kw,PLUS ES,PLUS ES,False,ev_20251216.csv,False,False,False,2041,matches_existing,2041,PCODE,False,existing_retained,AC,not_specified
ev_ce6afa8b5c67f2cd5c0eae485b728c77ff4bd805e39f379556a5f2cadf672109,,Fisherman's Paradise In Australia,"164 River Rd
Sussex Inlet NSW 2540
Australia",Exploren,4,AC,AC,-35.1533487,150.596487,Shoalhaven City Council,2540,Destination Charging R2,False,,type_only,Exploren,Exploren,False,ev_20251216.csv,False,False,False,2540,matches_existing,2540,PCODE,False,existing_retained,AC,not_specified
ev_18fa09cc23f3a243717025131c467f8a30d78c7e7776382dd54c30408d0dd1a3,,Elizabeth Motor Inn Adamstown,"165 Brunker Rd
Adamstown NSW 2289
Australia",Noodoe,3,AC,AC,-32.9315784,151.7276081,Newcastle City Council,2289,Destination Charging R2,False,,type_only,Noodoe,Noodoe,False,ev_20251216.csv,False,False,False,2289,matches_existing,2289,PCODE,False,existing_retained,AC,not_specified
ev_aab12ed5b0e095bc77979dc5373825c1136f4fe0399b403b61430b6416015ef6,,,"165 Victoria Rd
Bellevue Hill NSW 2023
Australia",PLUS ES,1,AC,7 kW,-33.888282,151.2587162,Woollahra Municipal Council,2023,Kerbside Charging R1,False,7.0,single_kw,PLUS ES,PLUS ES,False,ev_20251216.csv,False,False,False,2023,matches_existing,2023,PCODE,False,existing_retained,AC,not_specified
ev_df8442d07e5e242cbce49467b7606875ce1fcad82c895227b1edbedc1e8b6be3,,Angourie,"166 Angourie Rd
Yamba NSW 2464
Australia",Exploren,4,AC,AC,-29.4502783,153.3524234,Clarence Valley Council,2464,Destination Charging R2,False,,type_only,Exploren,Exploren,False,ev_20251216.csv,False,False,False,2464,matches_existing,2464,PCODE,False,existing_retained,AC,not_specified
ev_af8c8794647c4686c49dc2e6ecd0106a914567d0b09efbc046f4117e25eca1e5,,,"166 Wyndham St
Alexandria NSW 2015
Australia",EVX,2,AC,22 kW,-33.9000527,151.1996876,"Sydney, Council of the City of",2015,Kerbside Charging R1,False,22.0,single_kw,EVX,EVX,False,ev_20251216.csv,False,False,False,2015,matches_existing,2015,PCODE,False,existing_retained,AC,not_specified
ev_f6c9f22e16cdd34750f5e33e221924785217bbe3dbcf84925826073ac2b2e89b,,,"167 Darley Rd
Randwick NSW 2031
Australia",PLUS ES,1,AC,22 kW,-33.9031545,151.2456791,Randwick City Council,2031,Kerbside Charging R1,False,22.0,single_kw,PLUS ES,PLUS ES,False,ev_20251216.csv,False,False,False,2031,matches_existing,2031,PCODE,False,existing_retained,AC,not_specified
ev_ebdd1308dc9fe2b4030c704abd7f3664c0e555173f42a835bbe4a12986edf5bd,,,"168 Beach St
Coogee NSW 2034
Australia",PLUS ES,1,AC,22 kW,-33.92449,151.256964,Randwick City Council,2034,Kerbside Charging R1,False,22.0,single_kw,PLUS ES,PLUS ES,False,ev_20251216.csv,False,False,False,2034,matches_existing,2034,PCODE,False,existing_retained,AC,not_specified
ev_e111798fc4ed60b85e12b8ca8afc26f6c5fc2812394502df135cd32344d2f182,,,"17 Dulwich St
Dulwich Hill NSW 2203
Australia",PLUS ES,1,AC,7 kW,-33.9025515,151.1408431,Inner West Council,2203,Kerbside Charging R1,False,7.0,single_kw,PLUS ES,PLUS ES,False,ev_20251216.csv,False,False,False,2203,matches_existing,2203,PCODE,False,existing_retained,AC,not_specified
ev_64dfaff275c2c1c359913171afbfbb1d67cf5b2a8562fe38a1faa18b32f6cac5,,,"17 Flood St
Bondi NSW 2026
Australia",EVX,2,AC,22 kW,-33.8910576,151.2587866,Waverley Council,2026,Kerbside Charging R1,False,22.0,single_kw,EVX,EVX,False,ev_20251216.csv,False,False,False,2026,matches_existing,2026,PCODE,False,existing_retained,AC,not_specified
ev_5eae02f0a1ca50579a6af96ae788796e51185fd959ee48675172d34cc8ec6ad6,,,"17 Grove St
Dulwich Hill NSW 2203
Australia",PLUS ES,1,AC,7 kW,-33.9017394,151.139465,Inner West Council,2203,Kerbside Charging R1,False,7.0,single_kw,PLUS ES,PLUS ES,False,ev_20251216.csv,False,False,False,2203,matches_existing,2203,PCODE,False,existing_retained,AC,not_specified
ev_33249790ddc3c8d18b4a50bccb6d7ae97f318c90577736e737ecade0dec26a06,,,"17 Hereward St
Maroubra NSW 2035
Australia",PLUS ES,1,AC,22 kW,-33.9451043,151.2561662,Randwick City Council,2035,Kerbside Charging R1,False,22.0,single_kw,PLUS ES,PLUS ES,False,ev_20251216.csv,False,False,False,2035,matches_existing,2035,PCODE,False,existing_retained,AC,not_specified
ev_e69d5db900504352e946d1addd62bdaca38636eb9bb0fdc6905cfd08c1be1084,,Teneco Hospitality,"95 Cherry St
Ballina NSW 2478
Australia",Chargefox,4,AC,AC,-28.8628743,153.5662158,Ballina Shire Council,2478,Destination Charging R1,False,,type_only,Chargefox,Chargefox,False,ev_20251216.csv,False,False,False,2478,matches_existing,2478,PCODE,False,existing_retained,AC,not_specified
