record_id,external_station_id,candidate_rank,match_score,score_margin,match_method,distance_m,operator_match,postcode_match,address_token_overlap,shared_address_token_count,power_compatible,input_operator,external_operator,input_address,input_power_kw,input_plug_count,external_title,external_address_line_1,external_address_line_2,external_town,external_postcode,connector_types,external_power_kw_values,external_connection_quantity,external_number_of_points,external_status,external_usage_type,external_usage_cost,external_last_verified,data_provider,suggested_decision,suggested_reason,review_decision,review_notes
ev_e795ae9310df33c9b9f8840aea501aec56db120b534e345b0fc6a3d5ce041b7b,272521,1,15,12,operator_postcode_address,65.1,True,True,0.5,1,False,BP,BP Pulse (AU),"01 Wallgrove Road, Sydney, 2766",150.0,4,BP Pulse Eastern Creek,BP Truckstop,Wallgrove Road & Old Wallgrove Road,Eastern Creek,2766,CCS (Type 2),75,1,2,Operational,Public - Membership Required,$0.55/kWh,2023-08-09T12:21:00Z,Open Charge Map Contributors,auto_accept,High-confidence top candidate selected by operator_postcode_address.,,
ev_e795ae9310df33c9b9f8840aea501aec56db120b534e345b0fc6a3d5ce041b7b,204317,2,3,,rejected_candidate,2639.7,False,True,0.0,0,False,BP,(Unknown Operator),"01 Wallgrove Road, Sydney, 2766",150.0,4,ECQ XL,Easter Creek Quarter XL,Goldsboro Glade,Eastern Creek ,2766,Type 2 (Socket Only),11,4,4,Operational,Public,Free,2022-09-27T09:00:00Z,Open Charge Map Contributors,reject,Not the strongest candidate or evidence is insufficient.,,
ev_e795ae9310df33c9b9f8840aea501aec56db120b534e345b0fc6a3d5ce041b7b,212646,3,3,,rejected_candidate,2933.7,False,True,0.0,0,False,BP,Chargefox,"01 Wallgrove Road, Sydney, 2766",150.0,4,Eastern Creek Quarter,159 Rooty Hill Road South,Outside Gym,Eastern Creek,2766,Type 2 (Socket Only),7.3,4,4,Operational,Public - Membership Required,Free,2023-01-22T20:10:00Z,Open Charge Map Contributors,reject,Not the strongest candidate or evidence is insufficient.,,
ev_92a54038955adbf16c92062ab57a4b497be32cb889fcc2b6cb5d53a12c433e0c,190678,1,13,4,operator_postcode_address,797549.3,True,True,1.0,4,False,NRMA,NRMA,"1 - 7 Ross St, Wilcannia NSW 2836, Australia",50.0,4,Wilcannia [NRMA],1-7 Ross St,,Wilcannia,2836,CCS (Type 2) | CHAdeMO,75,2,1,Operational,Public,,2022-05-04T03:08:00Z,Open Charge Map Contributors,auto_accept,High-confidence top candidate selected by operator_postcode_address.,,
ev_92a54038955adbf16c92062ab57a4b497be32cb889fcc2b6cb5d53a12c433e0c,170824,2,9,,rejected_candidate,29.2,True,False,0.0,0,True,NRMA,NRMA,"1 - 7 Ross St, Wilcannia NSW 2836, Australia",50.0,4,Armidale Visitors Centre,82 Marsh Street,,Armidale,2350,CCS (Type 2) | CHAdeMO,50,2,1,Operational,Public,Currently free but will be fee at some point.,2020-12-11T13:42:00Z,Open Charge Map Contributors,reject,Not the strongest candidate or evidence is insufficient.,,
ev_92a54038955adbf16c92062ab57a4b497be32cb889fcc2b6cb5d53a12c433e0c,460615,3,1,,rejected_candidate,571.4,False,False,0.0,0,False,NRMA,Tesla (including non-tesla),"1 - 7 Ross St, Wilcannia NSW 2836, Australia",50.0,4,Tesla Supercharger Armidale,117 Jessie Street,,Armidale,,CCS (Type 2),250,4,4,Operational,Public - Membership Required,,2025-09-01T05:09:00Z,Open Charge Map Contributors,reject,Not the strongest candidate or evidence is insufficient.,,
ev_92a54038955adbf16c92062ab57a4b497be32cb889fcc2b6cb5d53a12c433e0c,274592,4,1,,rejected_candidate,615.9,False,False,0.0,0,False,NRMA,(Business Owner at Location),"1 - 7 Ross St, Wilcannia NSW 2836, Australia",50.0,4,Cedar Lodge Motel,119 Barney Street,,Armidale,2350,Type 2 (Socket Only),7,2,2,Operational,"Private - For Staff, Visitors or Customers",$15 for guest who do not book direct.  Free for guest who book direct.,2023-10-09T02:47:00Z,Open Charge Map Contributors,reject,Not the strongest candidate or evidence is insufficient.,,
ev_357c3ca140819629070a2e9b19d8727c0411780adcc388593c413bb502f677e4,100404,1,15,1,operator_address_power,57.3,True,False,1.0,2,True,Tesla,Tesla (Tesla-only charging),"1 Bay St, Sydney, 2037",130.0,16,Broadway Supercharger,1 Bay Street,,Broadway,2007,CCS (Type 2),120,8,8,Operational,Public - Membership Required,AUD 0.42/kWh;other tariffs for older cars,2025-03-21T01:01:00Z,Open Charge Map Contributors,auto_accept,High-confidence top candidate selected by operator_address_power.,,
ev_357c3ca140819629070a2e9b19d8727c0411780adcc388593c413bb502f677e4,311308,2,14,,rejected_candidate,19.4,True,False,1.0,2,False,Tesla,Tesla (including non-tesla),"1 Bay St, Sydney, 2037",130.0,16,Tesla Destination Charger,1 Bay Street,,Broadway,2007,CCS (Type 2),22,3,3,Operational,Public,0,2025-03-29T03:34:00Z,Open Charge Map Contributors,reject,Not the strongest candidate or evidence is insufficient.,,
ev_357c3ca140819629070a2e9b19d8727c0411780adcc388593c413bb502f677e4,121552,3,9,,rejected_candidate,157521.9,True,False,0.5,1,True,Tesla,Tesla (including non-tesla),"1 Bay St, Sydney, 2037",130.0,16,Bathurst Supercharger,1 Kendall Ave,,Bathurst,,CCS (Type 2),120,6,6,Operational,Public - Membership Required,AUD 0.66/kWh;other tariffs for older cars,2023-06-06T12:12:00Z,Open Charge Map Contributors,reject,Not the strongest candidate or evidence is insufficient.,,
ev_357c3ca140819629070a2e9b19d8727c0411780adcc388593c413bb502f677e4,308829,4,9,,rejected_candidate,696364.6,True,False,0.5,1,True,Tesla,Tesla (including non-tesla),"1 Bay St, Sydney, 2037",130.0,16,Tesla Supercharger Runaway Bay,Lae Drive,,Runaway Bay,,CCS (Type 2),100,6,6,Operational,Public - Membership Required,,2025-03-04T03:29:00Z,Open Charge Map Contributors,reject,Not the strongest candidate or evidence is insufficient.,,
ev_357c3ca140819629070a2e9b19d8727c0411780adcc388593c413bb502f677e4,190407,5,8,,rejected_candidate,84364.1,True,False,0.5,1,False,Tesla,Tesla (Tesla-only charging),"1 Bay St, Sydney, 2037",130.0,16,Scenic World Carpark,1 Violet Street,,Katoomba,2780,Type 2 (Tethered Connector) ,22,2,2,Operational,Public,,2021-12-06T09:52:00Z,Open Charge Map Contributors,reject,Not the strongest candidate or evidence is insufficient.,,
ev_357c3ca140819629070a2e9b19d8727c0411780adcc388593c413bb502f677e4,312274,6,8,,rejected_candidate,542423.2,True,False,0.5,1,False,Tesla,Tesla (including non-tesla),"1 Bay St, Sydney, 2037",130.0,16,Tesla Supercharger - Coles Tenterfield,1 Crown St,,Tenterfield,2372,CCS (Type 2),250,12,3,Operational,Public - Membership Required,$0.69/kWh,2025-05-07T05:24:00Z,Open Charge Map Contributors,reject,Not the strongest candidate or evidence is insufficient.,,
ev_357c3ca140819629070a2e9b19d8727c0411780adcc388593c413bb502f677e4,504658,7,8,,rejected_candidate,728515.3,True,False,0.5,1,False,Tesla,Tesla (including non-tesla),"1 Bay St, Sydney, 2037",130.0,16,Laverton Supercharger,1 Central Avenue,Altona Meadows,,3028,CCS (Type 2),250,6,6,Operational,Public - Membership Required,,2026-08-18T01:58:00Z,Open Charge Map Contributors,reject,Not the strongest candidate or evidence is insufficient.,,
ev_357c3ca140819629070a2e9b19d8727c0411780adcc388593c413bb502f677e4,202117,8,8,,rejected_candidate,2695681.5,True,False,0.5,1,False,Tesla,Tesla (Tesla-only charging),"1 Bay St, Sydney, 2037",130.0,16,Comfort Inn (1),The Esplanade,,Esperance,,Type 2 (Tethered Connector) ,22,1,1,Operational,Public,See reception for details,2022-09-07T08:15:00Z,Open Charge Map Contributors,reject,Not the strongest candidate or evidence is insufficient.,,
ev_357c3ca140819629070a2e9b19d8727c0411780adcc388593c413bb502f677e4,175224,9,8,,rejected_candidate,3268464.9,True,False,0.5,1,False,Tesla,Tesla (Tesla-only charging),"1 Bay St, Sydney, 2037",130.0,16,Byford Hungry Jacks,1 Beenyup Rd,,Byford,6122,Tesla (Model S/X),22,2,2,Operational,Public,Free,2021-11-08T21:37:00Z,Open Charge Map Contributors,reject,Not the strongest candidate or evidence is insufficient.,,
ev_357c3ca140819629070a2e9b19d8727c0411780adcc388593c413bb502f677e4,54547,10,4,,rejected_candidate,2023.2,True,False,0.0,0,False,Tesla,Tesla (Tesla-only charging),"1 Bay St, Sydney, 2037",130.0,16,Westfield Sydney - Valet Parking,135 King Street,,Sydney,2000,Tesla (Model S/X),7.6,2,2,Operational,Public,Free,2017-01-31T16:45:00Z,Open Charge Map Contributors,reject,Not the strongest candidate or evidence is insufficient.,,
ev_357c3ca140819629070a2e9b19d8727c0411780adcc388593c413bb502f677e4,272614,11,0,,rejected_candidate,1349.0,False,False,0.0,0,False,Tesla,Chargefox,"1 Bay St, Sydney, 2037",130.0,16,Mirvac South Eveleigh,2 Central Avenue,,Eveleigh,2015,CCS (Type 2) | CHAdeMO | Type 2 (Socket Only),22 | 50,8,4,Operational,Public - Membership Required,Free,2023-07-15T07:56:00Z,Open Charge Map Contributors,reject,Not the strongest candidate or evidence is insufficient.,,
ev_357c3ca140819629070a2e9b19d8727c0411780adcc388593c413bb502f677e4,150024,12,0,,rejected_candidate,2819.8,False,False,0.0,0,False,Tesla,(Unknown Operator),"1 Bay St, Sydney, 2037",130.0,16,Supa Centa Moore Park,,,Kensington,2033,Tesla (Model S/X),17,1,1,Operational,Public,Free,2020-06-10T21:39:00Z,Open Charge Map Contributors,reject,Not the strongest candidate or evidence is insufficient.,,
ev_357c3ca140819629070a2e9b19d8727c0411780adcc388593c413bb502f677e4,272616,13,0,,rejected_candidate,2977.9,False,False,0.0,0,False,Tesla,Chargefox,"1 Bay St, Sydney, 2037",130.0,16,NRMA - Sydney,4 Defries Avenue,,Zetland,2017,CCS (Type 2) | CHAdeMO,50 | 350,4,4,Operational,Public - Membership Required,$0.45 - $0.60/kWh,2023-07-15T08:58:00Z,Open Charge Map Contributors,reject,Not the strongest candidate or evidence is insufficient.,,
ev_3a32c9499c919b9eee3b1d259654ae2aa107785987c99e7e5ae70ffe256a573f,100404,1,6,0,manual_review,1671.7,True,False,0.333,1,False,Tesla,Tesla (Tesla-only charging),"1 Dalgal Way, Sydney, 2037",250.0,4,Broadway Supercharger,1 Bay Street,,Broadway,2007,CCS (Type 2),120,8,8,Operational,Public - Membership Required,AUD 0.42/kWh;other tariffs for older cars,2025-03-21T01:01:00Z,Open Charge Map Contributors,manual_review,Top candidate has partial evidence but does not satisfy the high-confidence rule.,,
ev_3a32c9499c919b9eee3b1d259654ae2aa107785987c99e7e5ae70ffe256a573f,311308,2,6,,rejected_candidate,1713.2,True,False,0.333,1,False,Tesla,Tesla (including non-tesla),"1 Dalgal Way, Sydney, 2037",250.0,4,Tesla Destination Charger,1 Bay Street,,Broadway,2007,CCS (Type 2),22,3,3,Operational,Public,0,2025-03-29T03:34:00Z,Open Charge Map Contributors,reject,Not the strongest candidate or evidence is insufficient.,,
ev_3a32c9499c919b9eee3b1d259654ae2aa107785987c99e7e5ae70ffe256a573f,54547,3,4,,rejected_candidate,2905.4,True,False,0.0,0,False,Tesla,Tesla (Tesla-only charging),"1 Dalgal Way, Sydney, 2037",250.0,4,Westfield Sydney - Valet Parking,135 King Street,,Sydney,2000,Tesla (Model S/X),7.6,2,2,Operational,Public,Free,2017-01-31T16:45:00Z,Open Charge Map Contributors,reject,Not the strongest candidate or evidence is insufficient.,,
ev_3a32c9499c919b9eee3b1d259654ae2aa107785987c99e7e5ae70ffe256a573f,272614,4,0,,rejected_candidate,2684.2,False,False,0.0,0,False,Tesla,Chargefox,"1 Dalgal Way, Sydney, 2037",250.0,4,Mirvac South Eveleigh,2 Central Avenue,,Eveleigh,2015,CCS (Type 2) | CHAdeMO | Type 2 (Socket Only),22 | 50,8,4,Operational,Public - Membership Required,Free,2023-07-15T07:56:00Z,Open Charge Map Contributors,reject,Not the strongest candidate or evidence is insufficient.,,
ev_3a32c9499c919b9eee3b1d259654ae2aa107785987c99e7e5ae70ffe256a573f,272673,5,0,,rejected_candidate,2698.4,False,False,0.0,0,False,Tesla,Evie,"1 Dalgal Way, Sydney, 2037",250.0,4,Leichhardt Marketplace,128 Flood Street,,Leichhardt,2040,CCS (Type 2) | CHAdeMO,50,4,2,Operational,Public - Membership Required,,2023-07-16T12:44:00Z,Open Charge Map Contributors,reject,Not the strongest candidate or evidence is insufficient.,,
ev_53fd601d36c25a323642c8ff07423030ff11df8a8e0dbf506b0cbaeff0a42cec,497957,1,9,1,manual_review,249535.0,True,False,0.5,1,True,Evie,Evie,"1 Frederick St, Sydney, 2064",150.0,6,"Gordon St, Civic",1 Gordon St,,Civic,2601,CCS (Type 2),150,4,4,Operational,Public,,2026-07-12T03:22:00Z,Open Charge Map Contributors,manual_review,Top candidate has partial evidence but does not satisfy the high-confidence rule.,,
ev_53fd601d36c25a323642c8ff07423030ff11df8a8e0dbf506b0cbaeff0a42cec,272688,2,8,,rejected_candidate,30296.2,True,False,0.5,1,False,Evie,Evie,"1 Frederick St, Sydney, 2064",150.0,6,Casula Mall,1 Ingham Dr,,Casula,2170,CCS (Type 2) | CHAdeMO,50,4,2,Operational,Public - Membership Required,,2023-07-16T22:04:00Z,Open Charge Map Contributors,reject,Not the strongest candidate or evidence is insufficient.,,
ev_53fd601d36c25a323642c8ff07423030ff11df8a8e0dbf506b0cbaeff0a42cec,498043,3,8,,rejected_candidate,246531.5,True,False,0.5,1,False,Evie,Evie,"1 Frederick St, Sydney, 2064",150.0,6,Southwell Park,1 Mouat St,,Lyneham,2602,CCS (Type 2) | Type 2 (Socket Only),22 | 75,8,8,Operational,Public,,2026-07-12T04:47:00Z,Open Charge Map Contributors,reject,Not the strongest candidate or evidence is insufficient.,,
ev_53fd601d36c25a323642c8ff07423030ff11df8a8e0dbf506b0cbaeff0a42cec,207833,4,8,,rejected_candidate,247193.4,True,False,0.5,1,False,Evie,Evie,"1 Frederick St, Sydney, 2064",150.0,6,Vibe Hotel,1 Rogan St,,Canberra,2609,CCS (Type 2) | Type I (AS 3112),50,3,2,Operational,Public,$0.50/kWh Parking is $10.40 per night for Vibe Hotel guests,2026-07-12T04:52:00Z,Open Charge Map Contributors,reject,Not the strongest candidate or evidence is insufficient.,,
ev_53fd601d36c25a323642c8ff07423030ff11df8a8e0dbf506b0cbaeff0a42cec,498045,5,8,,rejected_candidate,254681.8,True,False,0.5,1,False,Evie,Evie,"1 Frederick St, Sydney, 2064",150.0,6,Wilson Carpark King St,1 King St,,Deakin,2600,CCS (Type 2) | CHAdeMO,63 | 75,4,4,Operational,Public,,2026-07-12T04:57:00Z,Open Charge Map Contributors,reject,Not the strongest candidate or evidence is insufficient.,,
ev_53fd601d36c25a323642c8ff07423030ff11df8a8e0dbf506b0cbaeff0a42cec,497954,6,8,,rejected_candidate,255651.8,True,False,0.5,1,False,Evie,Evie,"1 Frederick St, Sydney, 2064",150.0,6,Curtin Shops,1 Curtin Pl,,Curtin,2605,CCS (Type 2),50,4,4,Operational,Public,,2026-07-12T03:07:00Z,Open Charge Map Contributors,reject,Not the strongest candidate or evidence is insufficient.,,
ev_53fd601d36c25a323642c8ff07423030ff11df8a8e0dbf506b0cbaeff0a42cec,271003,7,8,,rejected_candidate,696938.8,True,False,0.5,1,False,Evie,Evie,"1 Frederick St, Sydney, 2064",150.0,6,Evie Kerang,1 -3 Albert St,,Kerang,3579,CCS (Type 2) | CHAdeMO,50,2,1,Operational,Public - Membership Required,$0.40 per kWh. Idle fee $4 per hour,2023-07-10T02:38:00Z,Open Charge Map Contributors,reject,Not the strongest candidate or evidence is insufficient.,,
ev_53fd601d36c25a323642c8ff07423030ff11df8a8e0dbf506b0cbaeff0a42cec,210774,8,8,,rejected_candidate,718782.3,True,False,0.5,1,False,Evie,Evie,"1 Frederick St, Sydney, 2064",150.0,6,Kyneton,1 Hutton Street,,Kyneton ,3444,CCS (Type 2) | CHAdeMO,50,2,1,Operational,Public - Membership Required,Payment Required $0.40 per kWh parking overstay charges may apply.,2023-07-06T20:52:00Z,Open Charge Map Contributors,reject,Not the strongest candidate or evidence is insufficient.,,
ev_53fd601d36c25a323642c8ff07423030ff11df8a8e0dbf506b0cbaeff0a42cec,259692,9,8,,rejected_candidate,721484.1,True,False,0.5,1,False,Evie,Evie,"1 Frederick St, Sydney, 2064",150.0,6,Evie Chelsea,1 Swansea Rd,,Chelsea,3196,CCS (Type 2) | CHAdeMO,50,4,1,Operational,Public,$0.40 per kWh. Parking overstay charges may apply,2023-07-06T20:53:00Z,Open Charge Map Contributors,reject,Not the strongest candidate or evidence is insufficient.,,
ev_53fd601d36c25a323642c8ff07423030ff11df8a8e0dbf506b0cbaeff0a42cec,272632,10,4,,rejected_candidate,957.6,True,False,0.0,0,False,Evie,Evie,"1 Frederick St, Sydney, 2064",150.0,6,Civic Plaza 88 Christie,88 Christie St,,St Leonards,2065,CCS (Type 2) | CHAdeMO,50,4,2,Operational,Public - Membership Required,,2023-07-15T12:12:00Z,Open Charge Map Contributors,reject,Not the strongest candidate or evidence is insufficient.,,
ev_53fd601d36c25a323642c8ff07423030ff11df8a8e0dbf506b0cbaeff0a42cec,191165,11,4,,rejected_candidate,1849.1,True,False,0.0,0,False,Evie,Evie,"1 Frederick St, Sydney, 2064",150.0,6,Evie Lane Cove,2 Rosenthal Ave,“The Canopy”,Lane Cove,,CCS (Type 2) | CHAdeMO,50,4,2,Operational,Public - Membership Required,$0.40/kWh,2023-07-15T12:03:00Z,Open Charge Map Contributors,reject,Not the strongest candidate or evidence is insufficient.,,
ev_53fd601d36c25a323642c8ff07423030ff11df8a8e0dbf506b0cbaeff0a42cec,272694,12,4,,rejected_candidate,2007.8,True,False,0.0,0,False,Evie,Evie,"1 Frederick St, Sydney, 2064",150.0,6,Northbridge Plaza,9 Eastern Valley Way,,Northbridge,2063,CCS (Type 2) | CHAdeMO,50,4,1,Operational,Public - Membership Required,,2023-07-16T23:09:00Z,Open Charge Map Contributors,reject,Not the strongest candidate or evidence is insufficient.,,
ev_53fd601d36c25a323642c8ff07423030ff11df8a8e0dbf506b0cbaeff0a42cec,272613,13,2,,rejected_candidate,157.0,False,False,0.0,0,False,Evie,Chargefox,"1 Frederick St, Sydney, 2064",150.0,6,TLE Electrical Artarmon,65 Reserve Road,,St Leonards,2065,CCS (Type 2) | CHAdeMO,22,2,1,Operational,Public - Membership Required,$0.30/kWh,2023-07-15T07:52:00Z,Open Charge Map Contributors,reject,Not the strongest candidate or evidence is insufficient.,,
ev_53fd601d36c25a323642c8ff07423030ff11df8a8e0dbf506b0cbaeff0a42cec,266872,14,1,,rejected_candidate,2452.9,False,False,0.0,0,True,Evie,Chargefox,"1 Frederick St, Sydney, 2064",150.0,6,Chatswood Chase Chargefox,345 Victoria Avenue,,Chatswood,2067,CCS (Type 2),120,2,2,Operational,Public - Membership Required,$0.45/kWh,2023-07-13T08:44:00Z,Open Charge Map Contributors,reject,Not the strongest candidate or evidence is insufficient.,,
ev_f8d92dcfda9ce8e22ab18f90fc33cff3019d784d034813f807d58e99af30f680,272688,1,16,16,operator_postcode_address,125.5,True,True,1.0,3,True,Evie,Evie,"1 Ingham Dr, Casula NSW 2170",50.0,4,Casula Mall,1 Ingham Dr,,Casula,2170,CCS (Type 2) | CHAdeMO,50,4,2,Operational,Public - Membership Required,,2023-07-16T22:04:00Z,Open Charge Map Contributors,auto_accept,High-confidence top candidate selected by operator_postcode_address.,,
ev_7cde3d4e59cd084712a54481b1dd4295c6fd2f3ab426b9fa8c291f5893d98880,260392,1,14,14,operator_postcode_address,792873.6,True,True,1.0,2,True,NRMA,NRMA,"1 Little Walker St, Casino, NSW 2470, Australia",50.0,4,Little Walker Street,Little Walker Street,,,2470,CCS (Type 2) | CHAdeMO,50,4,2,Operational,Public,,2023-04-23T10:48:00Z,Open Charge Map Contributors,auto_accept,High-confidence top candidate selected by operator_postcode_address.,,
ev_493afb89ec4116e7dfe20763aa68c152e55b9e5cf1370f36d15e0307fd5aa3a8,192929,1,18,6,operator_postcode_address,5.7,True,True,1.0,2,True,JOLT,Jolt,"1 Park St, Sydney, 2103",25.0,2,Mona Vale library carpark [JOLT],1 Park St,,Mona Vale,2103,CHAdeMO | CCS (Type 2),25,2,1,Operational,Public - Membership Required,"First 7kWh free, then $0.46 per kWh thereafter. $5/hr idle time",2023-02-11T08:43:00Z,Open Charge Map Contributors,auto_accept,High-confidence top candidate selected by operator_postcode_address.,,
ev_493afb89ec4116e7dfe20763aa68c152e55b9e5cf1370f36d15e0307fd5aa3a8,190757,2,12,,rejected_candidate,63.9,True,True,0.0,0,True,JOLT,Jolt,"1 Park St, Sydney, 2103",25.0,2,Mona Vale [JOLT],2 Bungan St,,Mona Vale,2103,CCS (Type 2) | CHAdeMO,25,2,1,Operational,Public - Membership Required,$0.00/kWh up to 7 kWh then $0.46/kWh,2023-02-11T08:43:00Z,Open Charge Map Contributors,reject,Not the strongest candidate or evidence is insufficient.,,
ev_493afb89ec4116e7dfe20763aa68c152e55b9e5cf1370f36d15e0307fd5aa3a8,272615,3,0,,rejected_candidate,2277.4,False,False,0.0,0,False,JOLT,Chargefox,"1 Park St, Sydney, 2103",25.0,2,ENGIE - Warriewood Square,12 Jacksons Road,,Warriewood,2101,CCS (Type 2),120,2,2,Operational,Public - Membership Required,$0.45/kWh,2023-07-15T07:59:00Z,Open Charge Map Contributors,reject,Not the strongest candidate or evidence is insufficient.,,
ev_d0bdc7857cb7d9eb465b9c75066a9ca66743c7fff663acad913f516209bf7541,190706,1,13,3,operator_postcode_address,318.0,True,True,0.5,2,True,Evie,Evie,"1 Perry St, Batemans Bay, 2536",75.0,4,Dan Murphy's,51 Orient Street,,Batemans Bay,2536,CCS (Type 2) | CHAdeMO,50,2,1,Operational,Public - Membership Required,50c per kWh energy consumed.,2023-07-12T22:38:00Z,Open Charge Map Contributors,auto_accept,High-confidence top candidate selected by operator_postcode_address.,,
ev_d0bdc7857cb7d9eb465b9c75066a9ca66743c7fff663acad913f516209bf7541,157566,2,10,,rejected_candidate,138.4,False,True,0.5,2,True,Evie,NRMA,"1 Perry St, Batemans Bay, 2536",75.0,4,Batemans Bay Visitor Centre [NRMA],2A Beach Road,,Batemans Bay,2536,CCS (Type 2) | CHAdeMO,50,2,1,Operational,Public,,2021-12-19T02:29:00Z,Open Charge Map Contributors,reject,Not the strongest candidate or evidence is insufficient.,,
ev_d0bdc7857cb7d9eb465b9c75066a9ca66743c7fff663acad913f516209bf7541,209950,3,9,,rejected_candidate,337.0,False,True,0.5,2,True,Evie,NRMA,"1 Perry St, Batemans Bay, 2536",75.0,4,Batemans Bay Regional Arts Aquatic & Leisure Centre [NRMA],12 Vesper Street,,Batemans Bay,2536,CHAdeMO | CCS (Type 2),75,4,2,Operational,Public - Membership Required,FREE,2022-11-16T10:13:00Z,Open Charge Map Contributors,reject,Not the strongest candidate or evidence is insufficient.,,
ev_ba957a1d60a66d402962a841bae99cd1a5602881984b05d2b1d9e33de987d216,498039,1,8,0,manual_review,246733.9,True,False,0.5,1,False,Exploren,Exploren,"1 Plunkett St, Sydney, 2065",50.0,2,Next Gen Canberra,1 Riggall Pl,,Lyneham,2602,CCS (Type 2),150,6,6,Operational,Public,,2026-07-12T04:37:00Z,Open Charge Map Contributors,manual_review,Top candidate has partial evidence but does not satisfy the high-confidence rule.,,
ev_ba957a1d60a66d402962a841bae99cd1a5602881984b05d2b1d9e33de987d216,479893,2,8,,rejected_candidate,255373.6,True,False,0.5,1,False,Exploren,Exploren,"1 Plunkett St, Sydney, 2065",50.0,2,The Link - Ginninderry Community & Information Centre,1 McClymont Wy,,Strathnairn,2615,Type 2 (Socket Only),22,2,2,Operational,Public,Free charging for 2hours then charging stopsIdle fee ($/min) = $0.50c / minuteIdle fee grace period (minutes) = 15 minutesIdle fees begin only after charging is complete and the grace period has ended,2026-07-12T04:21:00Z,Open Charge Map Contributors,reject,Not the strongest candidate or evidence is insufficient.,,
ev_ba957a1d60a66d402962a841bae99cd1a5602881984b05d2b1d9e33de987d216,190282,3,8,,rejected_candidate,3146973.8,True,False,0.5,1,False,Exploren,Exploren,"1 Plunkett St, Sydney, 2065",50.0,2,Quairading Community Resource Centre,1 Parker Street,,Quairading,6383,Type 2 (Socket Only),22,2,2,Operational,Public,See Exploren app.,2024-03-08T07:28:00Z,Open Charge Map Contributors,reject,Not the strongest candidate or evidence is insufficient.,,
ev_ba957a1d60a66d402962a841bae99cd1a5602881984b05d2b1d9e33de987d216,272632,4,5,,rejected_candidate,275.0,False,True,0.0,0,True,Exploren,Evie,"1 Plunkett St, Sydney, 2065",50.0,2,Civic Plaza 88 Christie,88 Christie St,,St Leonards,2065,CCS (Type 2) | CHAdeMO,50,4,2,Operational,Public - Membership Required,,2023-07-15T12:12:00Z,Open Charge Map Contributors,reject,Not the strongest candidate or evidence is insufficient.,,
ev_ba957a1d60a66d402962a841bae99cd1a5602881984b05d2b1d9e33de987d216,272613,5,4,,rejected_candidate,739.9,False,True,0.0,0,False,Exploren,Chargefox,"1 Plunkett St, Sydney, 2065",50.0,2,TLE Electrical Artarmon,65 Reserve Road,,St Leonards,2065,CCS (Type 2) | CHAdeMO,22,2,1,Operational,Public - Membership Required,$0.30/kWh,2023-07-15T07:52:00Z,Open Charge Map Contributors,reject,Not the strongest candidate or evidence is insufficient.,,
ev_ba957a1d60a66d402962a841bae99cd1a5602881984b05d2b1d9e33de987d216,272694,6,1,,rejected_candidate,1761.1,False,False,0.0,0,True,Exploren,Evie,"1 Plunkett St, Sydney, 2065",50.0,2,Northbridge Plaza,9 Eastern Valley Way,,Northbridge,2063,CCS (Type 2) | CHAdeMO,50,4,1,Operational,Public - Membership Required,,2023-07-16T23:09:00Z,Open Charge Map Contributors,reject,Not the strongest candidate or evidence is insufficient.,,
ev_ba957a1d60a66d402962a841bae99cd1a5602881984b05d2b1d9e33de987d216,191165,7,1,,rejected_candidate,2645.3,False,False,0.0,0,True,Exploren,Evie,"1 Plunkett St, Sydney, 2065",50.0,2,Evie Lane Cove,2 Rosenthal Ave,“The Canopy”,Lane Cove,,CCS (Type 2) | CHAdeMO,50,4,2,Operational,Public - Membership Required,$0.40/kWh,2023-07-15T12:03:00Z,Open Charge Map Contributors,reject,Not the strongest candidate or evidence is insufficient.,,
ev_d15fc9f97a2d29ed106b1322ff239a4e84b7092a885d284b6a60f7c25bf1d7a7,190395,1,0,0,rejected_candidate,1105.3,False,False,0.0,0,False,Tesla,Chargefox,"1 Wharf St, Tweed Heads, 2485",250.0,6,Coolangatta Surf Club,Marine Parade,,Coolangatta,4225,CCS (Type 2) | CHAdeMO,75,2,1,Operational,Public - Membership Required,$0.30 per kWh,2023-07-13T10:57:00Z,Open Charge Map Contributors,reject,Not the strongest candidate or evidence is insufficient.,,
ev_64c547ce2aa81fd216aa2a71d122754dbec89a7e3a2c7eb3ae44c5d1861c1972,190409,1,5,1,manual_review,1301.8,False,True,0.333,1,False,Evie,(Unknown Operator),"10 Elizabeth St, Bathurst, 2795",150.0,4,Bathurst Rail Museum,126 Havannah Street ,,Bathurst,2795,Type 2 (Tethered Connector)  | Type 2 (Socket Only),11 | 22,2,1,Operational,Public,,2021-12-06T09:44:00Z,Open Charge Map Contributors,manual_review,Top candidate has partial evidence but does not satisfy the high-confidence rule.,,
ev_64c547ce2aa81fd216aa2a71d122754dbec89a7e3a2c7eb3ae44c5d1861c1972,121552,2,4,,rejected_candidate,627.9,False,False,0.333,1,True,Evie,Tesla (including non-tesla),"10 Elizabeth St, Bathurst, 2795",150.0,4,Bathurst Supercharger,1 Kendall Ave,,Bathurst,,CCS (Type 2),120,6,6,Operational,Public - Membership Required,AUD 0.66/kWh;other tariffs for older cars,2023-06-06T12:12:00Z,Open Charge Map Contributors,reject,Not the strongest candidate or evidence is insufficient.,,
ev_64c547ce2aa81fd216aa2a71d122754dbec89a7e3a2c7eb3ae44c5d1861c1972,191953,3,3,,rejected_candidate,729.2,False,False,0.333,1,False,Evie,NRMA,"10 Elizabeth St, Bathurst, 2795",150.0,4,Bathurst Visitor Information Centre,1 Kendall Avenue,,Bathurst,,CCS (Type 2) | CHAdeMO,50,2,1,Operational,Public - Membership Required,60c / 54c for NRMA Members,2024-06-14T12:05:00Z,Open Charge Map Contributors,reject,Not the strongest candidate or evidence is insufficient.,,
ev_7111c5da459e1385e97e441e923bc3b99b903019c59ce2f263cea61c1b7abc70,79311,1,16,7,operator_postcode_address,0.1,True,True,0.5,2,True,Tesla,Tesla (Tesla-only charging),"10 Winery Dr, Port Macquarie, 2444",130.0,12,Port Macquarie Supercharger [Tesla],764 Pacific Highway,,Port Macquarie,2444,CCS (Type 2),120,6,6,Operational,Public - Membership Required,AUD 0.52/kWh,2021-12-19T01:54:00Z,Open Charge Map Contributors,auto_accept,High-confidence top candidate selected by operator_postcode_address.,,
ev_7111c5da459e1385e97e441e923bc3b99b903019c59ce2f263cea61c1b7abc70,150032,2,9,,rejected_candidate,305242.0,True,False,0.5,1,True,Tesla,Tesla (Tesla-only charging),"10 Winery Dr, Port Macquarie, 2444",130.0,12,Macquarie Supercharger,Macquarie Supercharger,,,2113,CCS (Type 2),150,10,10,Operational,Public - Membership Required,AUD 0.42/kWh;other tariffs for older cars,2021-11-16T10:07:00Z,Open Charge Map Contributors,reject,Not the strongest candidate or evidence is insufficient.,,
ev_7111c5da459e1385e97e441e923bc3b99b903019c59ce2f263cea61c1b7abc70,172921,3,8,,rejected_candidate,3079.7,False,True,0.5,2,True,Tesla,Chargefox,"10 Winery Dr, Port Macquarie, 2444",130.0,12,Port Macquarie Service Centre [Chargefox],1063 Oxley Highway,,Thrumster,2444,CCS (Type 2) | CHAdeMO,100 | 350,4,2,Operational,Public,"$0.60/kWh, 20% discount for NRMA members",2026-09-01T11:39:00Z,Open Charge Map Contributors,reject,Not the strongest candidate or evidence is insufficient.,,
ev_7111c5da459e1385e97e441e923bc3b99b903019c59ce2f263cea61c1b7abc70,480398,4,7,,rejected_candidate,2478.7,True,True,0.0,0,False,Tesla,Tesla (including non-tesla),"10 Winery Dr, Port Macquarie, 2444",130.0,12,John Oxley Drive,John Oxley Drive,Thrumster,,2444,CCS (Type 2),250,1,12,Operational,Public - Membership Required,,2026-03-19T05:06:00Z,Open Charge Map Contributors,reject,Not the strongest candidate or evidence is insufficient.,,
ev_7111c5da459e1385e97e441e923bc3b99b903019c59ce2f263cea61c1b7abc70,273206,5,7,,rejected_candidate,8132.7,False,True,0.5,2,False,Tesla,(Unknown Operator),"10 Winery Dr, Port Macquarie, 2444",130.0,12,Rydges Port Macquarie,1 Hay Street,,Port Macquarie,2444,Type 2 (Tethered Connector) ,22,3,3,Operational,"Private - For Staff, Visitors or Customers",0,2023-08-24T08:47:00Z,Open Charge Map Contributors,reject,Not the strongest candidate or evidence is insufficient.,,
ev_7111c5da459e1385e97e441e923bc3b99b903019c59ce2f263cea61c1b7abc70,172920,6,3,,rejected_candidate,2493.6,False,True,0.0,0,False,Tesla,NRMA,"10 Winery Dr, Port Macquarie, 2444",130.0,12,Sovereign Place [NRMA],John Oxley Drive,,Thrumster,2444,CCS (Type 2),50,4,2,Operational,Public,$0.64/kWh,2026-07-14T23:42:00Z,Open Charge Map Contributors,reject,Not the strongest candidate or evidence is insufficient.,,
ev_11a42ddd532302c6411c2070fdeebf4b3db5c058d31323e2042bfa60b576f721,273870,1,3,0,rejected_candidate,1031.1,False,True,0.0,0,False,Ampol,BP Pulse (AU),"105 Station Rd, Sydney, 2147",150.0,2,bp pulse Seven Hills,26 Abbott Road,,Seven Hills,2147,CCS (Type 2),75,2,2,Operational,Public - Membership Required,55c/kWh,2023-08-23T12:22:00Z,Open Charge Map Contributors,reject,Not the strongest candidate or evidence is insufficient.,,
ev_11a42ddd532302c6411c2070fdeebf4b3db5c058d31323e2042bfa60b576f721,170607,2,3,,rejected_candidate,1227.5,False,True,0.0,0,False,Ampol,Evie,"105 Station Rd, Sydney, 2147",150.0,2,Ampol Woolworths MetroGo Seven Hills,38 Abbott Rd,,Seven Hills,2147,CCS (Type 2),300,6,2,Operational,Public - Membership Required,$0.60 per kWh,2026-06-15T09:28:00Z,Open Charge Map Contributors,reject,Not the strongest candidate or evidence is insufficient.,,
ev_c156b026cb323b208a699afcd39a6966d32392dd7760a9ba18ccd9a6ab5f3366,191164,1,5,0,manual_review,1049.6,True,False,0.0,0,True,Evie,Evie,"106 Parraween St, Sydney, 2090",75.0,4,Evie Mosman,6 Myahgah Road,,Mosman,,CHAdeMO | CCS (Type 2),50,2,1,Operational,Public - Membership Required,$0.40/kWh,2023-07-16T22:01:00Z,Open Charge Map Contributors,manual_review,Top candidate has partial evidence but does not satisfy the high-confidence rule.,,
ev_c156b026cb323b208a699afcd39a6966d32392dd7760a9ba18ccd9a6ab5f3366,272686,2,5,,rejected_candidate,1305.4,True,False,0.0,0,True,Evie,Evie,"106 Parraween St, Sydney, 2090",75.0,4,Raglan Street West,188 Raglan St,,Mosman,2088,CCS (Type 2) | CHAdeMO,50,4,1,Operational,Public - Membership Required,,2023-07-16T22:00:00Z,Open Charge Map Contributors,reject,Not the strongest candidate or evidence is insufficient.,,
ev_c156b026cb323b208a699afcd39a6966d32392dd7760a9ba18ccd9a6ab5f3366,272694,3,5,,rejected_candidate,2834.0,True,False,0.0,0,True,Evie,Evie,"106 Parraween St, Sydney, 2090",75.0,4,Northbridge Plaza,9 Eastern Valley Way,,Northbridge,2063,CCS (Type 2) | CHAdeMO,50,4,1,Operational,Public - Membership Required,,2023-07-16T23:09:00Z,Open Charge Map Contributors,reject,Not the strongest candidate or evidence is insufficient.,,
ev_aa65ed899c7474e3ba60a1b5922be9c4115a56436f6af3187920db4a736edfb0,172921,1,17,7,operator_postcode_address,29.9,True,True,1.0,2,False,Chargefox,Chargefox,"1067 Oxley Hwy, Thrumster, 2444",180.0,4,Port Macquarie Service Centre [Chargefox],1063 Oxley Highway,,Thrumster,2444,CCS (Type 2) | CHAdeMO,100 | 350,4,2,Operational,Public,"$0.60/kWh, 20% discount for NRMA members",2026-09-01T11:39:00Z,Open Charge Map Contributors,auto_accept,High-confidence top candidate selected by operator_postcode_address.,,
ev_aa65ed899c7474e3ba60a1b5922be9c4115a56436f6af3187920db4a736edfb0,480398,2,10,,rejected_candidate,798.0,False,True,1.0,2,True,Chargefox,Tesla (including non-tesla),"1067 Oxley Hwy, Thrumster, 2444",180.0,4,John Oxley Drive,John Oxley Drive,Thrumster,,2444,CCS (Type 2),250,1,12,Operational,Public - Membership Required,,2026-03-19T05:06:00Z,Open Charge Map Contributors,reject,Not the strongest candidate or evidence is insufficient.,,
ev_aa65ed899c7474e3ba60a1b5922be9c4115a56436f6af3187920db4a736edfb0,172920,3,9,,rejected_candidate,817.9,False,True,1.0,2,False,Chargefox,NRMA,"1067 Oxley Hwy, Thrumster, 2444",180.0,4,Sovereign Place [NRMA],John Oxley Drive,,Thrumster,2444,CCS (Type 2),50,4,2,Operational,Public,$0.64/kWh,2026-07-14T23:42:00Z,Open Charge Map Contributors,reject,Not the strongest candidate or evidence is insufficient.,,
ev_5dcc044a017af4cc28fd2ad6e57fc6bf79bea6c350ddc8a979c736b09ac64736,128195,1,0,0,rejected_candidate,2510.8,False,False,0.0,0,False,JOLT,ChargePoint,"1068 Pittwater Rd, Sydney, 2097",25.0,2,PCYC Car Park,Civic Parade,,Dee Why,2099,Type 1 (J1772) | Tesla (Model S/X) | Type 2 (Socket Only),7,6,2,Operational,Public - Membership Required,Free,2021-11-17T09:59:00Z,Open Charge Map Contributors,reject,Not the strongest candidate or evidence is insufficient.,,
ev_83a64e26692d6bdb9b589fbda3f419b2f9dda619dad2cced26a61bdf5ae2b09e,190054,1,0,0,rejected_candidate,1576.1,False,False,0.0,0,False,JOLT,Exploren,"109 Beecroft Rd, Sydney, 2119",25.0,2,Hillcrest Road,Hillcrest Road,Pennant Hills,,2120,Type 2 (Socket Only),9,2,2,Operational,Public - Membership Required,Free,2023-12-18T10:09:00Z,Open Charge Map Contributors,reject,Not the strongest candidate or evidence is insufficient.,,
ev_83a64e26692d6bdb9b589fbda3f419b2f9dda619dad2cced26a61bdf5ae2b09e,272622,2,0,,rejected_candidate,1766.3,False,False,0.0,0,False,JOLT,Chargefox,"109 Beecroft Rd, Sydney, 2119",25.0,2,Pennant Hills Toyota,330 Pennant Hills Road,,Pennant Hills,2120,CCS (Type 2),50,2,2,Operational,Public - Membership Required,$0.60/kWh,2023-07-15T09:21:00Z,Open Charge Map Contributors,reject,Not the strongest candidate or evidence is insufficient.,,
ev_776ac39be06998cf2e32e1dc28783d7254274999809038f9a91c0f02f14e1be4,480135,1,13,4,operator_postcode_address,467746.2,True,True,1.0,3,False,NRMA,NRMA,"10W Apsley St, Walcha NSW 2354, Australia",50.0,4,NRMA EV Charger Walcha,10W Apsley Street,,Walcha,2354,CCS (Type 2) | CHAdeMO,,4,2,Operational,Public,,2026-03-15T08:37:00Z,Open Charge Map Contributors,auto_accept,High-confidence top candidate selected by operator_postcode_address.,,
ev_776ac39be06998cf2e32e1dc28783d7254274999809038f9a91c0f02f14e1be4,190682,2,9,,rejected_candidate,56.7,True,False,0.0,0,True,NRMA,NRMA,"10W Apsley St, Walcha NSW 2354, Australia",50.0,4,Brewarrina [NRMA],50 Bathurst Street,,Brewarrina,2839,CCS (Type 2) | CHAdeMO,50,2,1,Planned For Future Date,Public,Currently free but will be fee at some point.,2021-12-17T04:02:00Z,Open Charge Map Contributors,reject,Not the strongest candidate or evidence is insufficient.,,
ev_1ad57cc2b69b4ea4b2aa94776275625c9d7e10137c7a8ea156a620b2cbbd61e7,190394,1,13,6,close_coordinates_plus_identity,48.0,True,False,0.5,1,True,NRMA,NRMA,"11 Ewingsdale Rd, Ewingsdale, 2481",75.0,4,The Farm Byron Bay [NRMA],Ewingsdale Road,,Ewingsdale,,CCS (Type 2) | CHAdeMO,50,2,1,Operational,Public,,2025-10-06T09:29:00Z,Open Charge Map Contributors,auto_accept,High-confidence top candidate selected by close_coordinates_plus_identity.,,
ev_1ad57cc2b69b4ea4b2aa94776275625c9d7e10137c7a8ea156a620b2cbbd61e7,148118,2,7,,rejected_candidate,2870.8,False,True,0.5,1,False,NRMA,Chargefox,"11 Ewingsdale Rd, Ewingsdale, 2481",75.0,4,Bayshore Drive,Bayshore Drive,,Ewingsdale,2481,Type 2 (Socket Only),22,11,2,Operational,Public,Free,2023-07-13T23:23:00Z,Open Charge Map Contributors,reject,Not the strongest candidate or evidence is insufficient.,,
ev_a4097ff8014598e5028ca61fb797beda99adbac3c53f487eb8228e3bd3a2d578,475513,1,3,3,rejected_candidate,1377.4,False,True,0.0,0,False,JOLT,(Unknown Operator),"11 Scott St, Sydney, 2170",25.0,2,Competitive Windscreens,Unit 6/14 Cunningham St,,Moorebank,2170,Unknown,,1,1,Operational,Public,-,2026-07-28T23:04:00Z,Open Charge Map Contributors,reject,Not the strongest candidate or evidence is insufficient.,,
ev_3ec5e1f5bafda5afc1a9af3cd122195ca0a2d2c55f15307de0d3609b5051a205,190875,1,18,14,operator_postcode_address,18.0,True,True,1.0,3,True,JOLT,Jolt,"110 Anzac Pde, Sydney, 2033",25.0,2,Kensington [Jolt],110 Anzac Pde,,Kensington,2033,CCS (Type 2) | CHAdeMO,25,2,1,Operational,Public - Membership Required,$0.00/kWh up to 7 kWh then $0.40/kWh,2023-07-13T10:53:00Z,Open Charge Map Contributors,auto_accept,High-confidence top candidate selected by operator_postcode_address.,,
ev_3ec5e1f5bafda5afc1a9af3cd122195ca0a2d2c55f15307de0d3609b5051a205,150024,2,4,,rejected_candidate,983.3,False,True,0.0,0,True,JOLT,(Unknown Operator),"110 Anzac Pde, Sydney, 2033",25.0,2,Supa Centa Moore Park,,,Kensington,2033,Tesla (Model S/X),17,1,1,Operational,Public,Free,2020-06-10T21:39:00Z,Open Charge Map Contributors,reject,Not the strongest candidate or evidence is insufficient.,,
ev_3ec5e1f5bafda5afc1a9af3cd122195ca0a2d2c55f15307de0d3609b5051a205,272614,3,1,,rejected_candidate,2898.4,False,False,0.0,0,True,JOLT,Chargefox,"110 Anzac Pde, Sydney, 2033",25.0,2,Mirvac South Eveleigh,2 Central Avenue,,Eveleigh,2015,CCS (Type 2) | CHAdeMO | Type 2 (Socket Only),22 | 50,8,4,Operational,Public - Membership Required,Free,2023-07-15T07:56:00Z,Open Charge Map Contributors,reject,Not the strongest candidate or evidence is insufficient.,,
ev_3ec5e1f5bafda5afc1a9af3cd122195ca0a2d2c55f15307de0d3609b5051a205,191062,4,0,,rejected_candidate,994.7,False,False,0.0,0,False,JOLT,Chargefox,"110 Anzac Pde, Sydney, 2033",25.0,2,Audi Centre Sydney ,895 South Dowling Street,,Zetland,2017,CCS (Type 2),165,1,1,Operational,Public - Membership Required,$0.70/kWh,2023-07-13T10:51:00Z,Open Charge Map Contributors,reject,Not the strongest candidate or evidence is insufficient.,,
ev_3ec5e1f5bafda5afc1a9af3cd122195ca0a2d2c55f15307de0d3609b5051a205,272616,5,0,,rejected_candidate,1044.4,False,False,0.0,0,False,JOLT,Chargefox,"110 Anzac Pde, Sydney, 2033",25.0,2,NRMA - Sydney,4 Defries Avenue,,Zetland,2017,CCS (Type 2) | CHAdeMO,50 | 350,4,4,Operational,Public - Membership Required,$0.45 - $0.60/kWh,2023-07-15T08:58:00Z,Open Charge Map Contributors,reject,Not the strongest candidate or evidence is insufficient.,,
ev_3ec5e1f5bafda5afc1a9af3cd122195ca0a2d2c55f15307de0d3609b5051a205,272630,6,0,,rejected_candidate,1806.7,False,False,0.0,0,False,JOLT,Evie,"110 Anzac Pde, Sydney, 2033",25.0,2,Royal Randwick,73 Belmore Road,,Randwick,2031,CCS (Type 2) | CHAdeMO,50,4,2,Operational,Public - Membership Required,,2023-07-15T12:06:00Z,Open Charge Map Contributors,reject,Not the strongest candidate or evidence is insufficient.,,
ev_3ec5e1f5bafda5afc1a9af3cd122195ca0a2d2c55f15307de0d3609b5051a205,272689,7,0,,rejected_candidate,2431.8,False,False,0.0,0,False,JOLT,Evie,"110 Anzac Pde, Sydney, 2033",25.0,2,Dorhauer Lane,Dorhauer Lane,,Woollahra,2025,CCS (Type 2) | CHAdeMO,50,2,1,Operational,Public - Membership Required,,2023-07-16T22:09:00Z,Open Charge Map Contributors,reject,Not the strongest candidate or evidence is insufficient.,,
ev_3ec5e1f5bafda5afc1a9af3cd122195ca0a2d2c55f15307de0d3609b5051a205,272634,8,0,,rejected_candidate,2727.2,False,False,0.0,0,False,JOLT,Evie,"110 Anzac Pde, Sydney, 2033",25.0,2,Eastgate Bondi Junction,"91 Spring St , NSW 2022",,Bondi Junction,2022,CCS (Type 2) | CHAdeMO,50,4,2,Operational,Public - Membership Required,,2023-07-15T12:17:00Z,Open Charge Map Contributors,reject,Not the strongest candidate or evidence is insufficient.,,
ev_0abc3a56aeb9cc08cbbed5808ceea66dbb7457f6fcee39fa28eb4e950449dd16,295979,1,18,18,operator_postcode_address,23.5,True,True,1.0,1,True,JOLT,Jolt,"1106 Barrenjoey Rd, Sydney, 2108",25.0,2,Barrenjoey Road,Barrenjoey Road,Palm Beach,,2108,CHAdeMO | CCS (Type 2),25,2,1,Operational,Public - Membership Required,"First 7kWh free, then $0.49 per kWh thereafter. $5/hr idle time",2024-03-03T23:09:00Z,Open Charge Map Contributors,auto_accept,High-confidence top candidate selected by operator_postcode_address.,,
ev_a485e1747955a06afa5f39bdd277b82679fe8c47c03947415c44ff500c62c805,278525,1,5,5,manual_review,215.6,False,True,0.0,0,False,JOLT,Ampol AmpCharge,"11-37 Alexandria Pde, Sydney, 2077",25.0,2,Ampol Waitara,"Corner Pacific Highway, Unwin Road",,Waitara,2077,CCS (Type 2),,1,1,Planned For Future Date,Public - Membership Required,,2023-10-09T02:47:00Z,Open Charge Map Contributors,manual_review,Top candidate has partial evidence but does not satisfy the high-confidence rule.,,
ev_6fddf67cd79ce70f1669da6b18638c91bb7b066b4cdf86974ec620f0e920ebea,266500,1,14,5,operator_postcode_address,886745.3,True,True,1.0,3,True,NRMA,NRMA,"116 Liverpool St, Scone, NSW 2337, Australia",50.0,2,NRMA Scone,116 Liverpool Street,,Scone,2337,CCS (Type 2) | CHAdeMO,50,2,1,Operational,Public - Membership Required,FREE,2023-06-08T03:24:00Z,Open Charge Map Contributors,auto_accept,High-confidence top candidate selected by operator_postcode_address.,,
ev_6fddf67cd79ce70f1669da6b18638c91bb7b066b4cdf86974ec620f0e920ebea,190677,2,9,,rejected_candidate,47.3,True,False,0.0,0,True,NRMA,NRMA,"116 Liverpool St, Scone, NSW 2337, Australia",50.0,2,Broken Hill [NRMA],51 Bromide St,,Broken Hill,2880,CCS (Type 2) | CHAdeMO,50,2,1,Operational,Public,,2021-12-17T03:14:00Z,Open Charge Map Contributors,reject,Not the strongest candidate or evidence is insufficient.,,
ev_65e6adc18a42c876697f1b36d8fbc897eb1b9670b3092a1979310a7b67ec7513,272624,1,16,16,operator_postcode_address,79.8,True,True,1.0,1,True,Chargefox,Chargefox,"1183-1187 The Horsley Dr, Sydney, 2164",150.0,2,ENGIE - Greenway Wetherill Park,1183-1187 The Horsley Drive,,Wetherill Park,2164,CCS (Type 2),120,2,2,Operational,Public - Membership Required,$0.55/kWh,2023-07-15T09:24:00Z,Open Charge Map Contributors,auto_accept,High-confidence top candidate selected by operator_postcode_address.,,
ev_7cef84604b4c950226f5aa5702856fc23ddc262afd7ccf4e39fdb8fbe8259d78,272624,1,14,14,close_address_power,44.9,False,True,1.0,3,True,Engie,Chargefox,"1183-1187 The Horsley Dr, Wetherill Park NSW 2164",150.0,2,ENGIE - Greenway Wetherill Park,1183-1187 The Horsley Drive,,Wetherill Park,2164,CCS (Type 2),120,2,2,Operational,Public - Membership Required,$0.55/kWh,2023-07-15T09:24:00Z,Open Charge Map Contributors,auto_accept,High-confidence top candidate selected by close_address_power.,,
ev_49f84dc0eca272f488006e218ffb7b0fc6da9899ec4c8c3de74bd3395b3ed70b,266586,1,18,10,operator_postcode_address,12.6,True,True,1.0,4,True,Evie,Evie,"119 Stenhouse Drive, Cameron Park, 2285",350.0,8,EVIE Cameron Park,119 Stenhouse Drive,,Cameron Park,2285,CCS (Type 2) | CHAdeMO,350,4,2,Operational,Public - Membership Required,0.60c per kWh,2023-09-18T17:57:00Z,Open Charge Map Contributors,auto_accept,High-confidence top candidate selected by operator_postcode_address.,,
ev_49f84dc0eca272f488006e218ffb7b0fc6da9899ec4c8c3de74bd3395b3ed70b,488762,2,8,,rejected_candidate,1024654.7,True,False,0.5,1,False,Evie,Evie,"119 Stenhouse Drive, Cameron Park, 2285",350.0,8,Legana Park Drive,Legana Park Drive,,,7277,CCS (Type 2),75,4,4,Operational,Public - Membership Required,0.62/kWh + 0.09/kWh (9:00 AM-9:00 PM),2026-05-13T01:52:00Z,Open Charge Map Contributors,reject,Not the strongest candidate or evidence is insufficient.,,
ev_fc8862c4fe5f893f7ae348d91f59cb8b3d692e7787278daa84a2a49204e53b5c,279180,1,16,1,operator_postcode_address,236.2,True,True,1.0,4,True,Ampol,Ampol AmpCharge,"12 Hume Hwy, Pheasants Nest, 2574",150.0,9,Ampol Foodary Pheasants Nest Southbound,Lot 12 Hume Hwy,,Pheasants Nest ,2574,CCS (Type 2) | CHAdeMO,50 | 150,9,6,Operational,Public - Membership Required,AUD 0.69/kWh,2023-10-29T11:00:00Z,Open Charge Map Contributors,auto_accept,High-confidence top candidate selected by operator_postcode_address.,,
ev_fc8862c4fe5f893f7ae348d91f59cb8b3d692e7787278daa84a2a49204e53b5c,279179,2,15,,rejected_candidate,346.2,True,True,0.75,3,True,Ampol,Ampol AmpCharge,"12 Hume Hwy, Pheasants Nest, 2574",150.0,9,Ampol Foodary Pheasants Nest Northbound,Lots 1 & 2 Hume Hwy,,Pheasants Nest,2574,CCS (Type 2) | CHAdeMO,100 | 150,9,1,Operational,Public - Membership Required,$0.69 per kWh,2023-10-18T01:57:00Z,Open Charge Map Contributors,reject,Not the strongest candidate or evidence is insufficient.,,
ev_1c5a11a52978610295fbffa354927c10f9283924f138c3dc6fc0c5467671d677,279179,1,16,1,operator_postcode_address,87.7,True,True,0.75,3,True,Ampol,Ampol AmpCharge,"12 Hume Hwy, Pheasants Nest, 2574",150.0,9,Ampol Foodary Pheasants Nest Northbound,Lots 1 & 2 Hume Hwy,,Pheasants Nest,2574,CCS (Type 2) | CHAdeMO,100 | 150,9,1,Operational,Public - Membership Required,$0.69 per kWh,2023-10-18T01:57:00Z,Open Charge Map Contributors,auto_accept,High-confidence top candidate selected by operator_postcode_address.,,
ev_1c5a11a52978610295fbffa354927c10f9283924f138c3dc6fc0c5467671d677,279180,2,15,,rejected_candidate,290.5,True,True,1.0,4,True,Ampol,Ampol AmpCharge,"12 Hume Hwy, Pheasants Nest, 2574",150.0,9,Ampol Foodary Pheasants Nest Southbound,Lot 12 Hume Hwy,,Pheasants Nest ,2574,CCS (Type 2) | CHAdeMO,50 | 150,9,6,Operational,Public - Membership Required,AUD 0.69/kWh,2023-10-29T11:00:00Z,Open Charge Map Contributors,reject,Not the strongest candidate or evidence is insufficient.,,
ev_7bebc2caad36a1472f7c1d1c314948ff957923b14feb94667272f8d1aa50e981,272615,1,9,9,close_address_power,183.3,False,False,1.0,3,True,Engie,Chargefox,"12 Jacksons Rd, Warriewood NSW 2102",150.0,2,ENGIE - Warriewood Square,12 Jacksons Road,,Warriewood,2101,CCS (Type 2),120,2,2,Operational,Public - Membership Required,$0.45/kWh,2023-07-15T07:59:00Z,Open Charge Map Contributors,auto_accept,High-confidence top candidate selected by close_address_power.,,
ev_7bebc2caad36a1472f7c1d1c314948ff957923b14feb94667272f8d1aa50e981,190757,2,0,,rejected_candidate,2449.8,False,False,0.0,0,False,Engie,Jolt,"12 Jacksons Rd, Warriewood NSW 2102",150.0,2,Mona Vale [JOLT],2 Bungan St,,Mona Vale,2103,CCS (Type 2) | CHAdeMO,25,2,1,Operational,Public - Membership Required,$0.00/kWh up to 7 kWh then $0.46/kWh,2023-02-11T08:43:00Z,Open Charge Map Contributors,reject,Not the strongest candidate or evidence is insufficient.,,
ev_7bebc2caad36a1472f7c1d1c314948ff957923b14feb94667272f8d1aa50e981,192929,3,0,,rejected_candidate,2462.9,False,False,0.0,0,False,Engie,Jolt,"12 Jacksons Rd, Warriewood NSW 2102",150.0,2,Mona Vale library carpark [JOLT],1 Park St,,Mona Vale,2103,CHAdeMO | CCS (Type 2),25,2,1,Operational,Public - Membership Required,"First 7kWh free, then $0.46 per kWh thereafter. $5/hr idle time",2023-02-11T08:43:00Z,Open Charge Map Contributors,reject,Not the strongest candidate or evidence is insufficient.,,
ev_77fc5728b55f4d99cc959af21523941e67c9622bb899dff9eca367d5b31b19e4,273425,1,8,5,combined_evidence,146.4,False,True,0.333,1,True,Exploren,BP Pulse (AU),"121 Princes Hwy, Wollongong, 2519",60.0,2,Fairy Meadow [bp pulse],224 Princes Hwy,,Fairy Meadow,2519,CCS (Type 2),75,2,2,Operational,Public - Membership Required,55c/kWh,2023-08-09T11:24:00Z,Open Charge Map Contributors,auto_accept,High-confidence top candidate selected by combined_evidence.,,
ev_77fc5728b55f4d99cc959af21523941e67c9622bb899dff9eca367d5b31b19e4,235461,2,3,,rejected_candidate,2452.6,False,False,0.333,1,True,Exploren,Evie,"121 Princes Hwy, Wollongong, 2519",60.0,2,Wollongong Central - Regent St Carpark,Regent Street,,Wollongong,2500,CCS (Type 2) | CHAdeMO,50,4,1,Operational,Public - Membership Required,50c per kWh energy consumed.,2023-07-12T21:49:00Z,Open Charge Map Contributors,reject,Not the strongest candidate or evidence is insufficient.,,
ev_77fc5728b55f4d99cc959af21523941e67c9622bb899dff9eca367d5b31b19e4,131610,3,2,,rejected_candidate,853.5,False,False,0.333,1,False,Exploren,Chargefox,"121 Princes Hwy, Wollongong, 2519",60.0,2,Innovation Campus - University of Wollongong,Off Innovation Way,,North Wollongong,2500,CCS (Type 2) | Type I (AS 3112),3.45 | 180,3,2,Operational,Public,Free,2024-07-30T05:30:00Z,Open Charge Map Contributors,reject,Not the strongest candidate or evidence is insufficient.,,
ev_77fc5728b55f4d99cc959af21523941e67c9622bb899dff9eca367d5b31b19e4,460474,4,2,,rejected_candidate,2138.1,False,False,0.333,1,False,Exploren,EVX (AU),"121 Princes Hwy, Wollongong, 2519",60.0,2,Georges Place,Georges Place,,Wollongong,2500,Type 2 (Socket Only),22,2,2,Operational,Public - Membership Required,0.55,2025-08-25T07:52:00Z,Open Charge Map Contributors,reject,Not the strongest candidate or evidence is insufficient.,,
ev_77fc5728b55f4d99cc959af21523941e67c9622bb899dff9eca367d5b31b19e4,131841,5,2,,rejected_candidate,2392.1,False,False,0.333,1,False,Exploren,(Business Owner at Location),"121 Princes Hwy, Wollongong, 2519",60.0,2,Wollongong Central - P1 Basement Car Park,71 Market Street,,Wollongong ,2500,Unknown,,1,0,Operational,Public,Free,2025-08-25T07:52:00Z,Open Charge Map Contributors,reject,Not the strongest candidate or evidence is insufficient.,,
ev_d7e8eaa0c1f310cfeb4f9514093847c1fb2c28cafc7cf5eeeede05a76e55be5a,306015,1,14,4,close_coordinates_plus_identity,55.3,True,True,0.333,1,True,Chargefox,Chargefox,"126 Mackay Ave, Yoogali, 2680",24.0,1,Griffith City Volkswagen,Kurrajong Avenue,Yoogali,,2680,CCS (Type 2),24,1,1,Operational,Public - Membership Required,$0.40/kWh,2024-12-08T01:54:00Z,Open Charge Map Contributors,auto_accept,High-confidence top candidate selected by close_coordinates_plus_identity.,,
ev_d7e8eaa0c1f310cfeb4f9514093847c1fb2c28cafc7cf5eeeede05a76e55be5a,306014,2,10,,rejected_candidate,460.3,True,True,0.333,1,False,Chargefox,Chargefox,"126 Mackay Ave, Yoogali, 2680",24.0,1,Owen Toyota,Owen Drive,Yoogali,,2680,CCS (Type 2),50,2,2,Operational,Public - Membership Required,$0.40/kWh,2024-11-14T09:54:00Z,Open Charge Map Contributors,reject,Not the strongest candidate or evidence is insufficient.,,
ev_59f949f85f20276de5b579d641f6575556cf987dafea00517f88d2e261a02284,274452,1,8,0,manual_review,196.9,False,True,0.333,1,True,Chargefox,(Unknown Operator),"127 Conadilly St, Gunnedah, 2380",47.0,4,NRMA Fast Charger Gunnedah,Kepreotes Carpark,73 Little Barber Street,Gunnedah,2380,CCS (Type 2) | CHAdeMO,50,2,1,Operational,Public - Pay At Location,"$0, but payment will be required Oct-Dec 2023",2023-09-18T01:27:00Z,Open Charge Map Contributors,manual_review,Top candidate has partial evidence but does not satisfy the high-confidence rule.,accept,"Same Gunnedah postcode, compatible power and nearby town-centre carpark."
ev_59f949f85f20276de5b579d641f6575556cf987dafea00517f88d2e261a02284,289009,2,8,,rejected_candidate,1086971.8,True,True,0.0,0,True,Chargefox,Chargefox,"127 Conadilly St, Gunnedah, 2380",47.0,4,Warnambool Tourist Information Centre,91 Merri Street,,Warnambool,2380,CHAdeMO | CCS (Type 2),50,2,1,Operational,Public,payment may be required,2023-12-30T23:34:00Z,Open Charge Map Contributors,reject,Not the strongest candidate or evidence is insufficient.,,
ev_91dd00fa7130928eb72f678946657af7ba6c46a5b25a5bc4a469bdb34b3a86a5,272673,1,16,11,operator_postcode_address,225.2,True,True,1.0,3,True,Evie,Evie,"128 Flood Street, Leichhardt NSW 2040",75.0,4,Leichhardt Marketplace,128 Flood Street,,Leichhardt,2040,CCS (Type 2) | CHAdeMO,50,4,2,Operational,Public - Membership Required,,2023-07-16T12:44:00Z,Open Charge Map Contributors,auto_accept,High-confidence top candidate selected by operator_postcode_address.,,
ev_91dd00fa7130928eb72f678946657af7ba6c46a5b25a5bc4a469bdb34b3a86a5,272684,2,5,,rejected_candidate,2352.8,True,False,0.0,0,True,Evie,Evie,"128 Flood Street, Leichhardt NSW 2040",75.0,4,BP Ashfield,586A Parramatta Rd,,Croydon,2132,CCS (Type 2) | CHAdeMO,50,4,2,Operational,Public - Membership Required,,2023-07-16T21:56:00Z,Open Charge Map Contributors,reject,Not the strongest candidate or evidence is insufficient.,,
ev_91dd00fa7130928eb72f678946657af7ba6c46a5b25a5bc4a469bdb34b3a86a5,272641,3,5,,rejected_candidate,2361.4,True,False,0.0,0,True,Evie,Evie,"128 Flood Street, Leichhardt NSW 2040",75.0,4,Ashfield Mall,260A Liverpool Rd,,Ashfield,2131,CCS (Type 2) | CHAdeMO,50,4,2,Operational,Public - Membership Required,,2023-07-15T13:50:00Z,Open Charge Map Contributors,reject,Not the strongest candidate or evidence is insufficient.,,
ev_d78ba96b61211f7f07c87c28f8d301944e29e3abccfb867c8d0a8e1389610076,271003,1,9,6,operator_address_power,693369.7,True,False,0.5,2,True,Evie,Evie,"1-3 Dural St, Hornsby NSW 2077",50.0,4,Evie Kerang,1 -3 Albert St,,Kerang,3579,CCS (Type 2) | CHAdeMO,50,2,1,Operational,Public - Membership Required,$0.40 per kWh. Idle fee $4 per hour,2023-07-10T02:38:00Z,Open Charge Map Contributors,auto_accept,High-confidence top candidate selected by operator_address_power.,reject,Hornsby source does not match the Kerang OCM site.
ev_d78ba96b61211f7f07c87c28f8d301944e29e3abccfb867c8d0a8e1389610076,278525,2,3,,rejected_candidate,1035.2,False,True,0.0,0,False,Evie,Ampol AmpCharge,"1-3 Dural St, Hornsby NSW 2077",50.0,4,Ampol Waitara,"Corner Pacific Highway, Unwin Road",,Waitara,2077,CCS (Type 2),,1,1,Planned For Future Date,Public - Membership Required,,2023-10-09T02:47:00Z,Open Charge Map Contributors,reject,Not the strongest candidate or evidence is insufficient.,,
ev_e71283aacf3920a67652a240f887792e9b36b85f102ffdae2858c72b9dde38e7,238124,1,15,13,operator_address_power,7.3,True,False,0.75,3,True,Evie,Evie,"13125 Hume Hwy, Sutton Forest, 2577",350.0,8,Sally’s Corner,Hume Hwy,,Sutton Forest Service Centre,,CCS (Type 2) | CHAdeMO,350,7,4,Operational,Public - Membership Required,65c per kWh energy consumed.,2023-07-12T22:58:00Z,Open Charge Map Contributors,auto_accept,High-confidence top candidate selected by operator_address_power.,,
ev_e71283aacf3920a67652a240f887792e9b36b85f102ffdae2858c72b9dde38e7,266620,2,2,,rejected_candidate,488.9,False,False,0.0,0,True,Evie,Tesla (Tesla-only charging),"13125 Hume Hwy, Sutton Forest, 2577",350.0,8,Exeter Supercharger,Sallys Corner Rd,,Exeter,2579,CCS (Type 2),250,6,6,Operational,Public - Membership Required,$0.66/kWh,2023-06-08T12:43:00Z,Open Charge Map Contributors,reject,Not the strongest candidate or evidence is insufficient.,,
ev_7e9f742355e309b07bb4479b22cc60ca80b3d7d22c707ddc555517cdfe7ec733,488762,1,8,8,manual_review,826076.7,True,False,0.5,1,False,Evie,Evie,"13-17 Princes Hwy, Albion Park Rail NSW 2527",50.0,2,Legana Park Drive,Legana Park Drive,,,7277,CCS (Type 2),75,4,4,Operational,Public - Membership Required,0.62/kWh + 0.09/kWh (9:00 AM-9:00 PM),2026-05-13T01:52:00Z,Open Charge Map Contributors,manual_review,Top candidate has partial evidence but does not satisfy the high-confidence rule.,,
ev_ef49fef7a355d35eefaa7d976668bc73b451ae7aae18a7a60f6fdf192a64c617,190393,1,13,13,operator_address_power,66.7,True,False,0.667,2,True,NRMA,NRMA,"132 Pound Street, Grafton, 2460",50.0,2,Grafton Public Library,Pound Street,,Grafton,,CCS (Type 2) | CHAdeMO,50,2,1,Operational,Public,,2021-12-06T13:23:00Z,Open Charge Map Contributors,auto_accept,High-confidence top candidate selected by operator_address_power.,,
ev_c4477878a5d03339fc24dc7752691c7d674eb2de710f5228cd6f366b0669f021,272641,1,4,4,rejected_candidate,2254.4,False,False,0.5,1,False,JOLT,Evie,"133 Liverpool Rd, Sydney, 2134",25.0,2,Ashfield Mall,260A Liverpool Rd,,Ashfield,2131,CCS (Type 2) | CHAdeMO,50,4,2,Operational,Public - Membership Required,,2023-07-15T13:50:00Z,Open Charge Map Contributors,reject,Not the strongest candidate or evidence is insufficient.,,
ev_c4477878a5d03339fc24dc7752691c7d674eb2de710f5228cd6f366b0669f021,157463,2,0,,rejected_candidate,2306.5,False,False,0.0,0,False,JOLT,EO Charging,"133 Liverpool Rd, Sydney, 2134",25.0,2,Canterbury Bankstown Council,21 Shakespeare St,,Campsie,2194,Type 2 (Socket Only),7,2,2,Operational,Public,Free,2020-06-09T06:22:00Z,Open Charge Map Contributors,reject,Not the strongest candidate or evidence is insufficient.,,
ev_c4477878a5d03339fc24dc7752691c7d674eb2de710f5228cd6f366b0669f021,272684,3,0,,rejected_candidate,2922.6,False,False,0.0,0,False,JOLT,Evie,"133 Liverpool Rd, Sydney, 2134",25.0,2,BP Ashfield,586A Parramatta Rd,,Croydon,2132,CCS (Type 2) | CHAdeMO,50,4,2,Operational,Public - Membership Required,,2023-07-16T21:56:00Z,Open Charge Map Contributors,reject,Not the strongest candidate or evidence is insufficient.,,
ev_12379629082e1804f33de5c76264f28f5807d09540dfc172f90871a7054826b0,272614,1,3,2,rejected_candidate,813.8,False,True,0.0,0,False,Ampol,Chargefox,"133 Wyndham St Cnr Mcevoy St, Alexandria, NSW, 2015",150.0,2,Mirvac South Eveleigh,2 Central Avenue,,Eveleigh,2015,CCS (Type 2) | CHAdeMO | Type 2 (Socket Only),22 | 50,8,4,Operational,Public - Membership Required,Free,2023-07-15T07:56:00Z,Open Charge Map Contributors,reject,Not the strongest candidate or evidence is insufficient.,,
ev_12379629082e1804f33de5c76264f28f5807d09540dfc172f90871a7054826b0,191062,2,1,,rejected_candidate,1332.0,False,False,0.0,0,True,Ampol,Chargefox,"133 Wyndham St Cnr Mcevoy St, Alexandria, NSW, 2015",150.0,2,Audi Centre Sydney ,895 South Dowling Street,,Zetland,2017,CCS (Type 2),165,1,1,Operational,Public - Membership Required,$0.70/kWh,2023-07-13T10:51:00Z,Open Charge Map Contributors,reject,Not the strongest candidate or evidence is insufficient.,,
ev_12379629082e1804f33de5c76264f28f5807d09540dfc172f90871a7054826b0,100404,3,1,,rejected_candidate,2179.1,False,False,0.0,0,True,Ampol,Tesla (Tesla-only charging),"133 Wyndham St Cnr Mcevoy St, Alexandria, NSW, 2015",150.0,2,Broadway Supercharger,1 Bay Street,,Broadway,2007,CCS (Type 2),120,8,8,Operational,Public - Membership Required,AUD 0.42/kWh;other tariffs for older cars,2025-03-21T01:01:00Z,Open Charge Map Contributors,reject,Not the strongest candidate or evidence is insufficient.,,
ev_12379629082e1804f33de5c76264f28f5807d09540dfc172f90871a7054826b0,272616,4,0,,rejected_candidate,1243.0,False,False,0.0,0,False,Ampol,Chargefox,"133 Wyndham St Cnr Mcevoy St, Alexandria, NSW, 2015",150.0,2,NRMA - Sydney,4 Defries Avenue,,Zetland,2017,CCS (Type 2) | CHAdeMO,50 | 350,4,4,Operational,Public - Membership Required,$0.45 - $0.60/kWh,2023-07-15T08:58:00Z,Open Charge Map Contributors,reject,Not the strongest candidate or evidence is insufficient.,,
ev_12379629082e1804f33de5c76264f28f5807d09540dfc172f90871a7054826b0,150024,5,0,,rejected_candidate,1404.8,False,False,0.0,0,False,Ampol,(Unknown Operator),"133 Wyndham St Cnr Mcevoy St, Alexandria, NSW, 2015",150.0,2,Supa Centa Moore Park,,,Kensington,2033,Tesla (Model S/X),17,1,1,Operational,Public,Free,2020-06-10T21:39:00Z,Open Charge Map Contributors,reject,Not the strongest candidate or evidence is insufficient.,,
ev_12379629082e1804f33de5c76264f28f5807d09540dfc172f90871a7054826b0,311308,6,0,,rejected_candidate,2130.3,False,False,0.0,0,False,Ampol,Tesla (including non-tesla),"133 Wyndham St Cnr Mcevoy St, Alexandria, NSW, 2015",150.0,2,Tesla Destination Charger,1 Bay Street,,Broadway,2007,CCS (Type 2),22,3,3,Operational,Public,0,2025-03-29T03:34:00Z,Open Charge Map Contributors,reject,Not the strongest candidate or evidence is insufficient.,,
ev_12379629082e1804f33de5c76264f28f5807d09540dfc172f90871a7054826b0,190875,7,0,,rejected_candidate,2292.3,False,False,0.0,0,False,Ampol,Jolt,"133 Wyndham St Cnr Mcevoy St, Alexandria, NSW, 2015",150.0,2,Kensington [Jolt],110 Anzac Pde,,Kensington,2033,CCS (Type 2) | CHAdeMO,25,2,1,Operational,Public - Membership Required,$0.00/kWh up to 7 kWh then $0.40/kWh,2023-07-13T10:53:00Z,Open Charge Map Contributors,reject,Not the strongest candidate or evidence is insufficient.,,
ev_12379629082e1804f33de5c76264f28f5807d09540dfc172f90871a7054826b0,193048,8,0,,rejected_candidate,2741.1,False,False,0.0,0,False,Ampol,Evie,"133 Wyndham St Cnr Mcevoy St, Alexandria, NSW, 2015",150.0,2,Marrickville Metro,Smidmore Street,,Sydney,2044,CCS (Type 2) | CHAdeMO,50,4,2,Operational,Public - Membership Required,,2023-07-16T13:40:00Z,Open Charge Map Contributors,reject,Not the strongest candidate or evidence is insufficient.,,
ev_12379629082e1804f33de5c76264f28f5807d09540dfc172f90871a7054826b0,273427,9,0,,rejected_candidate,2944.4,False,False,0.0,0,False,Ampol,BP Pulse (AU),"133 Wyndham St Cnr Mcevoy St, Alexandria, NSW, 2015",150.0,2,bp pulse Sydenham,339 Princes Hwy,,St Peters,2044,CCS (Type 2),75,2,2,Operational,Public - Membership Required,55c/kWh,2023-08-09T11:35:00Z,Open Charge Map Contributors,reject,Not the strongest candidate or evidence is insufficient.,,
ev_0ad7ce79c5f1cee66a642743f63d9ff894e3c8ad75e477f3908a5281da6a9752,190670,1,17,17,operator_postcode_address,27.4,True,True,1.0,3,False,NRMA,NRMA,"134 Lachlan St, Hay, 2711",180.0,4,Hay [NRMA],134 Lachlan St,,Hay,2711,CCS (Type 2) | CHAdeMO,50,2,1,Operational,Public,Currently free but will be fee at some point.,2021-12-17T02:59:00Z,Open Charge Map Contributors,auto_accept,High-confidence top candidate selected by operator_postcode_address.,,
ev_95dcf1e380063e890b96a43a3c3a971f22b7f40dadb9eddfbc2d2995803043c3,190670,1,16,16,operator_postcode_address,174.1,True,True,1.0,3,True,NRMA,NRMA,"134 Lachlan St, Hay, 2711",50.0,2,Hay [NRMA],134 Lachlan St,,Hay,2711,CCS (Type 2) | CHAdeMO,50,2,1,Operational,Public,Currently free but will be fee at some point.,2021-12-17T02:59:00Z,Open Charge Map Contributors,auto_accept,High-confidence top candidate selected by operator_postcode_address.,,
ev_fb43c1ea2458e79d4d70a95501e14ce09dfda172adaeee7a0043a47f92decc30,273433,1,16,10,operator_postcode_address,15.6,True,True,0.6,3,True,BP,BP Pulse (AU),"134-136 Grafton St, Coffs Harbour, 2450",75.0,2,Coffs Harbour [bp pulse],136 Pacific Highway,,Coffs Harbour,2450,CCS (Type 2) | CHAdeMO,75,2,1,Operational,Public - Membership Required,$0.55/kWh,2023-08-09T12:33:00Z,Open Charge Map Contributors,auto_accept,High-confidence top candidate selected by operator_postcode_address.,,
ev_fb43c1ea2458e79d4d70a95501e14ce09dfda172adaeee7a0043a47f92decc30,172852,2,6,,rejected_candidate,4009.6,False,True,0.4,2,True,BP,Chargefox,"134-136 Grafton St, Coffs Harbour, 2450",75.0,2,Coffs Harbour [Chargefox],Pacific Highway,,North Boambee Valley,2450,CCS (Type 2) | CHAdeMO,100 | 350,4,2,Operational,Public,$0.60/kWh,2023-07-13T22:16:00Z,Open Charge Map Contributors,reject,Not the strongest candidate or evidence is insufficient.,,
ev_fb43c1ea2458e79d4d70a95501e14ce09dfda172adaeee7a0043a47f92decc30,97619,3,5,,rejected_candidate,1702.4,False,True,0.4,2,False,BP,Tesla (Tesla-only charging),"134-136 Grafton St, Coffs Harbour, 2450",75.0,2,Coffs Harbour Supercharger [Tesla],253 Pacific Highway,,Coffs Harbour,2450,CCS (Type 2),120,6,6,Operational,Public - Membership Required,$0.52/kWh,2021-12-19T01:50:00Z,Open Charge Map Contributors,reject,Not the strongest candidate or evidence is insufficient.,,
ev_fb43c1ea2458e79d4d70a95501e14ce09dfda172adaeee7a0043a47f92decc30,474459,4,5,,rejected_candidate,2370.3,False,True,0.4,2,False,BP,(Unknown Operator),"134-136 Grafton St, Coffs Harbour, 2450",75.0,2,Big Banana Tesla Supercharger,351 Pacific Highway,,Coffs Harbour,2450,CCS (Type 2),300,2,16,Operational,Public - Membership Required,,2026-09-12T22:44:00Z,Open Charge Map Contributors,reject,Not the strongest candidate or evidence is insufficient.,,
ev_b82d8289f85eb30f54ff3bcf9807b1dd645ee29729d0f27e926b1126db542f12,190417,1,4,4,rejected_candidate,2940.0,False,True,0.0,0,True,JOLT,(Unknown Operator),"14 Everton Rd, Sydney, 2135",25.0,2,Richmond Tavistock No. 3 [Jolt],19 Richmond Road,Strathfield,Sydney,2135,CCS (Type 2) | CHAdeMO,25,2,1,Operational,Public,"Free up to 7kWh, charges thereafter",2022-01-25T14:22:00Z,Open Charge Map Contributors,reject,Not the strongest candidate or evidence is insufficient.,,
ev_b82d8289f85eb30f54ff3bcf9807b1dd645ee29729d0f27e926b1126db542f12,272618,2,0,,rejected_candidate,2521.4,False,False,0.0,0,False,JOLT,Chargefox,"14 Everton Rd, Sydney, 2135",25.0,2,ENGIE - DFO Homebush,3 -5 Underwood Road,,Homebush,2140,CCS (Type 2),120,2,2,Operational,Public - Membership Required,$0.45/kWh,2023-07-16T13:41:00Z,Open Charge Map Contributors,reject,Not the strongest candidate or evidence is insufficient.,,
ev_b82d8289f85eb30f54ff3bcf9807b1dd645ee29729d0f27e926b1126db542f12,272684,3,0,,rejected_candidate,2907.4,False,False,0.0,0,False,JOLT,Evie,"14 Everton Rd, Sydney, 2135",25.0,2,BP Ashfield,586A Parramatta Rd,,Croydon,2132,CCS (Type 2) | CHAdeMO,50,4,2,Operational,Public - Membership Required,,2023-07-16T21:56:00Z,Open Charge Map Contributors,reject,Not the strongest candidate or evidence is insufficient.,,
ev_e32c5161a807e364b08efa073a8dc57d63c40c901469ba0afdec02176ed65912,272619,1,3,3,rejected_candidate,2942.7,False,True,0.0,0,False,Exploren,Chargefox,"140 Denison St, Sydney, 2036",120.0,2,The Heffron Centre,439 Bunnerong Road,,Chifley,2036,CCS (Type 2) | CHAdeMO,25,8,8,Operational,Public - Membership Required,Free - $0.42/kWh,2023-07-15T09:08:00Z,Open Charge Map Contributors,reject,Not the strongest candidate or evidence is insufficient.,,
ev_06cfe2aaacd74edf566b37380bcf5642e706e805cd74c8dd75bd35cf646815d9,161845,1,13,13,close_coordinates_plus_identity,27.2,True,False,0.5,1,True,NRMA,NRMA,"140 Queen St, Berry, 2535",50.0,2,Berry NRMA,,,Berry,,CCS (Type 2) | CHAdeMO,50,2,1,Operational,Public,Currently free but will be fee at some point for non NRMA Members,2020-11-19T13:08:00Z,Open Charge Map Contributors,auto_accept,High-confidence top candidate selected by close_coordinates_plus_identity.,,
ev_eedbb688fdfc1d60b83fe5dcccc711a01894c0537ce8f51ef3e853a655fcb816,192687,1,5,5,manual_review,1943.3,True,False,0.0,0,True,JOLT,Jolt,"141 Morgan St, Sydney, 2209",25.0,2,Stanley St Peakhurst NSW,17-25 Stanley St,, Peakhurst ,2210,CCS (Type 2) | CHAdeMO,25,2,2,Operational,Public - Pay At Location,0.40,2023-06-06T12:14:00Z,Open Charge Map Contributors,manual_review,Top candidate has partial evidence but does not satisfy the high-confidence rule.,,
ev_eedbb688fdfc1d60b83fe5dcccc711a01894c0537ce8f51ef3e853a655fcb816,272617,2,0,,rejected_candidate,1935.3,False,False,0.0,0,False,JOLT,Chargefox,"141 Morgan St, Sydney, 2209",25.0,2,ENGIE - Roselands Shopping Centre,24 Roselands Drive,,Roselands,2196,CCS (Type 2),120,2,2,Operational,Public - Membership Required,$0.45/kWh,2023-07-15T09:01:00Z,Open Charge Map Contributors,reject,Not the strongest candidate or evidence is insufficient.,,
ev_5cb57763846dec85e772b974b54d76afbd2953027b68db66cae1cee5baa1ffc7,272617,1,10,9,close_coordinates_plus_identity,79.7,False,True,0.5,1,True,Engie,Chargefox,"141 Roselands Ave, Roselands NSW 2196",120.0,2,ENGIE - Roselands Shopping Centre,24 Roselands Drive,,Roselands,2196,CCS (Type 2),120,2,2,Operational,Public - Membership Required,$0.45/kWh,2023-07-15T09:01:00Z,Open Charge Map Contributors,auto_accept,High-confidence top candidate selected by close_coordinates_plus_identity.,,
ev_5cb57763846dec85e772b974b54d76afbd2953027b68db66cae1cee5baa1ffc7,273436,2,1,,rejected_candidate,1792.6,False,False,0.0,0,True,Engie,BP Pulse (AU),"141 Roselands Ave, Roselands NSW 2196",120.0,2,Wiley Park [bp pulse],24-42 King Georges Road,,Wiley Park,2195,CCS (Type 2) | CHAdeMO,75,2,1,Operational,Public - Membership Required,55c/kWh,2023-08-09T12:50:00Z,Open Charge Map Contributors,reject,Not the strongest candidate or evidence is insufficient.,,
ev_5cb57763846dec85e772b974b54d76afbd2953027b68db66cae1cee5baa1ffc7,192687,3,0,,rejected_candidate,2876.5,False,False,0.0,0,False,Engie,Jolt,"141 Roselands Ave, Roselands NSW 2196",120.0,2,Stanley St Peakhurst NSW,17-25 Stanley St,, Peakhurst ,2210,CCS (Type 2) | CHAdeMO,25,2,2,Operational,Public - Pay At Location,0.40,2023-06-06T12:14:00Z,Open Charge Map Contributors,reject,Not the strongest candidate or evidence is insufficient.,,
ev_b094493181b3e6dfc87a9410368d4a3ce178c1c5a5a3f0dad39d663e3d428b01,272630,1,5,1,manual_review,309.0,False,True,0.0,0,True,JOLT,Evie,"149 Alison Rd, Sydney, 2031",50.0,2,Royal Randwick,73 Belmore Road,,Randwick,2031,CCS (Type 2) | CHAdeMO,50,4,2,Operational,Public - Membership Required,,2023-07-15T12:06:00Z,Open Charge Map Contributors,manual_review,Top candidate has partial evidence but does not satisfy the high-confidence rule.,,
ev_b094493181b3e6dfc87a9410368d4a3ce178c1c5a5a3f0dad39d663e3d428b01,190875,2,4,,rejected_candidate,1512.3,True,False,0.0,0,False,JOLT,Jolt,"149 Alison Rd, Sydney, 2031",50.0,2,Kensington [Jolt],110 Anzac Pde,,Kensington,2033,CCS (Type 2) | CHAdeMO,25,2,1,Operational,Public - Membership Required,$0.00/kWh up to 7 kWh then $0.40/kWh,2023-07-13T10:53:00Z,Open Charge Map Contributors,reject,Not the strongest candidate or evidence is insufficient.,,
ev_b094493181b3e6dfc87a9410368d4a3ce178c1c5a5a3f0dad39d663e3d428b01,272634,3,1,,rejected_candidate,2392.9,False,False,0.0,0,True,JOLT,Evie,"149 Alison Rd, Sydney, 2031",50.0,2,Eastgate Bondi Junction,"91 Spring St , NSW 2022",,Bondi Junction,2022,CCS (Type 2) | CHAdeMO,50,4,2,Operational,Public - Membership Required,,2023-07-15T12:17:00Z,Open Charge Map Contributors,reject,Not the strongest candidate or evidence is insufficient.,,
ev_b094493181b3e6dfc87a9410368d4a3ce178c1c5a5a3f0dad39d663e3d428b01,272616,4,1,,rejected_candidate,2541.7,False,False,0.0,0,True,JOLT,Chargefox,"149 Alison Rd, Sydney, 2031",50.0,2,NRMA - Sydney,4 Defries Avenue,,Zetland,2017,CCS (Type 2) | CHAdeMO,50 | 350,4,4,Operational,Public - Membership Required,$0.45 - $0.60/kWh,2023-07-15T08:58:00Z,Open Charge Map Contributors,reject,Not the strongest candidate or evidence is insufficient.,,
ev_b094493181b3e6dfc87a9410368d4a3ce178c1c5a5a3f0dad39d663e3d428b01,272689,5,1,,rejected_candidate,2738.1,False,False,0.0,0,True,JOLT,Evie,"149 Alison Rd, Sydney, 2031",50.0,2,Dorhauer Lane,Dorhauer Lane,,Woollahra,2025,CCS (Type 2) | CHAdeMO,50,2,1,Operational,Public - Membership Required,,2023-07-16T22:09:00Z,Open Charge Map Contributors,reject,Not the strongest candidate or evidence is insufficient.,,
ev_b094493181b3e6dfc87a9410368d4a3ce178c1c5a5a3f0dad39d663e3d428b01,191062,6,0,,rejected_candidate,2461.5,False,False,0.0,0,False,JOLT,Chargefox,"149 Alison Rd, Sydney, 2031",50.0,2,Audi Centre Sydney ,895 South Dowling Street,,Zetland,2017,CCS (Type 2),165,1,1,Operational,Public - Membership Required,$0.70/kWh,2023-07-13T10:51:00Z,Open Charge Map Contributors,reject,Not the strongest candidate or evidence is insufficient.,,
ev_b094493181b3e6dfc87a9410368d4a3ce178c1c5a5a3f0dad39d663e3d428b01,150024,7,0,,rejected_candidate,2494.8,False,False,0.0,0,False,JOLT,(Unknown Operator),"149 Alison Rd, Sydney, 2031",50.0,2,Supa Centa Moore Park,,,Kensington,2033,Tesla (Model S/X),17,1,1,Operational,Public,Free,2020-06-10T21:39:00Z,Open Charge Map Contributors,reject,Not the strongest candidate or evidence is insufficient.,,
ev_4377620a088a80cf44882f19b84422fb6f1a4b036bdaa315c53ba300bbd148ce,480398,1,14,7,close_coordinates_plus_identity,53.6,True,True,0.333,1,True,Tesla,Tesla (including non-tesla),"15 Chancellors Dr, Thrumster , 2444",250.0,12,John Oxley Drive,John Oxley Drive,Thrumster,,2444,CCS (Type 2),250,1,12,Operational,Public - Membership Required,,2026-03-19T05:06:00Z,Open Charge Map Contributors,auto_accept,High-confidence top candidate selected by close_coordinates_plus_identity.,,
ev_4377620a088a80cf44882f19b84422fb6f1a4b036bdaa315c53ba300bbd148ce,172920,2,7,,rejected_candidate,86.3,False,True,0.333,1,False,Tesla,NRMA,"15 Chancellors Dr, Thrumster , 2444",250.0,12,Sovereign Place [NRMA],John Oxley Drive,,Thrumster,2444,CCS (Type 2),50,4,2,Operational,Public,$0.64/kWh,2026-07-14T23:42:00Z,Open Charge Map Contributors,reject,Not the strongest candidate or evidence is insufficient.,,
ev_4377620a088a80cf44882f19b84422fb6f1a4b036bdaa315c53ba300bbd148ce,79311,3,7,,rejected_candidate,2426.7,True,True,0.0,0,False,Tesla,Tesla (Tesla-only charging),"15 Chancellors Dr, Thrumster , 2444",250.0,12,Port Macquarie Supercharger [Tesla],764 Pacific Highway,,Port Macquarie,2444,CCS (Type 2),120,6,6,Operational,Public - Membership Required,AUD 0.52/kWh,2021-12-19T01:54:00Z,Open Charge Map Contributors,reject,Not the strongest candidate or evidence is insufficient.,,
ev_4377620a088a80cf44882f19b84422fb6f1a4b036bdaa315c53ba300bbd148ce,172921,4,6,,rejected_candidate,822.0,False,True,0.333,1,True,Tesla,Chargefox,"15 Chancellors Dr, Thrumster , 2444",250.0,12,Port Macquarie Service Centre [Chargefox],1063 Oxley Highway,,Thrumster,2444,CCS (Type 2) | CHAdeMO,100 | 350,4,2,Operational,Public,"$0.60/kWh, 20% discount for NRMA members",2026-09-01T11:39:00Z,Open Charge Map Contributors,reject,Not the strongest candidate or evidence is insufficient.,,
ev_9d787b70ecfaa9e6705594cd66d2812fa8f1c19de396d050c8898ed255ccf6e9,474457,1,0,0,rejected_candidate,1575.1,False,False,0.0,0,False,JOLT,Ampol AmpCharge,"15 Merriville Rd, Sydney, 2155",25.0,2,The Ponds Shopping Centre,The Ponds Boulevard,The Ponds,Sydney,2769,CCS (Type 2),150,,4,Operational,Public,0.75,2026-03-10T11:45:00Z,Open Charge Map Contributors,reject,Not the strongest candidate or evidence is insufficient.,,
ev_447b00582bf7e93d520752805059e9762cba30fad57921a4cff62df80db7295c,474457,1,0,0,rejected_candidate,1552.7,False,False,0.0,0,False,JOLT,Ampol AmpCharge,"15 Merriville Rd, Sydney, 2155",25.0,2,The Ponds Shopping Centre,The Ponds Boulevard,The Ponds,Sydney,2769,CCS (Type 2),150,,4,Operational,Public,0.75,2026-03-10T11:45:00Z,Open Charge Map Contributors,reject,Not the strongest candidate or evidence is insufficient.,,
ev_fac1e7ed35be342b97e2d171aee2380798291129e4c3ee6dd08a4439d2a18982,497953,1,9,0,manual_review,244207.5,True,False,0.5,1,True,Evie,Evie,"15 Ridge St, Sydney, 2060",75.0,4,Casey Market Town,15 Kingsland Pde,,Casey,2913,CCS (Type 2),75,4,4,Operational,Public,,2026-07-12T03:07:00Z,Open Charge Map Contributors,manual_review,Top candidate has partial evidence but does not satisfy the high-confidence rule.,,
ev_fac1e7ed35be342b97e2d171aee2380798291129e4c3ee6dd08a4439d2a18982,309473,2,9,,rejected_candidate,251439.5,True,False,0.5,1,True,Evie,Evie,"15 Ridge St, Sydney, 2060",75.0,4,Jamison Plaza,15 Jamison Centre,,Macquarie,2614,CCS (Type 2) | CHAdeMO,63 | 150,4,4,Operational,Public,,2026-06-30T06:32:00Z,Open Charge Map Contributors,reject,Not the strongest candidate or evidence is insufficient.,,
ev_fac1e7ed35be342b97e2d171aee2380798291129e4c3ee6dd08a4439d2a18982,272632,3,5,,rejected_candidate,1424.2,True,False,0.0,0,True,Evie,Evie,"15 Ridge St, Sydney, 2060",75.0,4,Civic Plaza 88 Christie,88 Christie St,,St Leonards,2065,CCS (Type 2) | CHAdeMO,50,4,2,Operational,Public - Membership Required,,2023-07-15T12:12:00Z,Open Charge Map Contributors,reject,Not the strongest candidate or evidence is insufficient.,,
ev_fac1e7ed35be342b97e2d171aee2380798291129e4c3ee6dd08a4439d2a18982,272694,4,5,,rejected_candidate,2607.0,True,False,0.0,0,True,Evie,Evie,"15 Ridge St, Sydney, 2060",75.0,4,Northbridge Plaza,9 Eastern Valley Way,,Northbridge,2063,CCS (Type 2) | CHAdeMO,50,4,1,Operational,Public - Membership Required,,2023-07-16T23:09:00Z,Open Charge Map Contributors,reject,Not the strongest candidate or evidence is insufficient.,,
ev_fac1e7ed35be342b97e2d171aee2380798291129e4c3ee6dd08a4439d2a18982,272613,5,0,,rejected_candidate,2240.9,False,False,0.0,0,False,Evie,Chargefox,"15 Ridge St, Sydney, 2060",75.0,4,TLE Electrical Artarmon,65 Reserve Road,,St Leonards,2065,CCS (Type 2) | CHAdeMO,22,2,1,Operational,Public - Membership Required,$0.30/kWh,2023-07-15T07:52:00Z,Open Charge Map Contributors,reject,Not the strongest candidate or evidence is insufficient.,,
ev_fac1e7ed35be342b97e2d171aee2380798291129e4c3ee6dd08a4439d2a18982,55007,6,0,,rejected_candidate,2600.4,False,False,0.0,0,False,Evie,Tesla (Tesla-only charging),"15 Ridge St, Sydney, 2060",75.0,4,Park Hyatt Sydney,7 Hickson Road,,The Rocks,2000,Tesla (Model S/X),7.6,2,2,Operational,Public - Pay At Location,Free,2017-01-31T18:52:00Z,Open Charge Map Contributors,reject,Not the strongest candidate or evidence is insufficient.,,
ev_a54d312ac691446d2c01a66a507dba3f06ee27d1f65c3395fd5325f780aaba74,190679,1,9,9,close_coordinates_plus_identity,1.6,True,False,0.0,0,True,NRMA,NRMA,"15 Victory St, Braidwood, NSW 2622, Australia",50.0,4,Cobar [NRMA],3 Broomfield Street,,Cobar,2835,CCS (Type 2) | CHAdeMO,50,2,1,Operational,Public - Membership Required,FREE,2022-01-08T10:59:00Z,Open Charge Map Contributors,auto_accept,High-confidence top candidate selected by close_coordinates_plus_identity.,,
ev_62e324e9ec9244ac20163eee64e5469dc5304c11dc5861cf4a4a2c8eb6fc8a4a,272615,1,4,4,rejected_candidate,985.2,False,True,0.0,0,True,Ampol,Chargefox,"1509-1511 Pittwater Rd, Sydney, 2101",150.0,2,ENGIE - Warriewood Square,12 Jacksons Road,,Warriewood,2101,CCS (Type 2),120,2,2,Operational,Public - Membership Required,$0.45/kWh,2023-07-15T07:59:00Z,Open Charge Map Contributors,reject,Not the strongest candidate or evidence is insufficient.,,
ev_45b6d28f2a66738f95533da7918362af13297dbe10f67f0638b628ef94a8b7f6,272619,1,4,4,rejected_candidate,2146.1,False,True,0.0,0,True,JOLT,Chargefox,"151 Beauchamp Rd, Sydney, 2036",25.0,2,The Heffron Centre,439 Bunnerong Road,,Chifley,2036,CCS (Type 2) | CHAdeMO,25,8,8,Operational,Public - Membership Required,Free - $0.42/kWh,2023-07-15T09:08:00Z,Open Charge Map Contributors,reject,Not the strongest candidate or evidence is insufficient.,,
ev_6b03c3e0a316d1c6306bc55f56b03d66f61421d5cb9d100cce911505737fc0b7,272675,1,15,15,operator_postcode_address,723.1,True,True,1.0,3,True,Evie,Evie,"152 Pacific Hwy, 36 Josephson St, Swansea NSW 2281",50.0,4,Swansea,152 Pacific Hwy,Swansea,,2281,CCS (Type 2) | CHAdeMO,50,4,2,Operational,Public - Membership Required,,2023-07-16T12:52:00Z,Open Charge Map Contributors,auto_accept,High-confidence top candidate selected by operator_postcode_address.,,
ev_7ea097f46c2d821db7b00997855b3714399d0831607110cf13df0a7e4a68c0d1,274056,1,16,16,operator_postcode_address,25.0,True,True,0.6,3,True,Ampol,Ampol AmpCharge,"153 Coreen Ave Cnr Castlereagh Rd, Penrith, NSW, 2750",125.0,2,Ampol Foodary Penrith,153 Coreen Ave,,Penrith,2750,CCS (Type 2) | CHAdeMO,100 | 180,2,1,Operational,Public - Membership Required,$0.69/kWh for pay-as-you-go charging.,2023-08-31T09:47:00Z,Open Charge Map Contributors,auto_accept,High-confidence top candidate selected by operator_postcode_address.,,
ev_23a3e09ea6e215ce59ece0567678e8fd2a5b4c4e969d6db14e369deb7e63de16,271060,1,1,1,rejected_candidate,1692.6,False,False,0.0,0,True,Wevolt,Evie,"156 Melbourne St, Mulwala, 2647",80.0,4,Evie Yarrawonga,6 - 12 Hovell Street,,Yarrawonga,3730,CCS (Type 2) | CHAdeMO,50,2,1,Operational,Public - Membership Required,$0.45 per kWh. Parking overstay charges may apply,2023-07-10T02:38:00Z,Open Charge Map Contributors,reject,Not the strongest candidate or evidence is insufficient.,,
ev_b9dc0376cb640f3cc05c59596817a1aa278cc3f1fff9765de3e30b1501e76795,238125,1,13,0,operator_address_power,27.8,True,False,0.667,2,True,BP,BP Pulse (AU),"15620 Hume Hwy, Marulan, 2579",75.0,2,Marulan Roadhouse Southbound,15597 Hume Hwy,,Marulan,,CCS (Type 2) | CHAdeMO,75,2,1,Operational,Public - Membership Required,$0.55/kWh,2023-08-09T12:16:00Z,Open Charge Map Contributors,auto_accept,High-confidence top candidate selected by operator_address_power.,,
ev_b9dc0376cb640f3cc05c59596817a1aa278cc3f1fff9765de3e30b1501e76795,238126,2,13,,rejected_candidate,428.9,True,True,0.667,2,True,BP,BP Pulse (AU),"15620 Hume Hwy, Marulan, 2579",75.0,2,Marulan Roadhouse Northbound,Hume Highway,,Marulan,2579,CCS (Type 2) | CHAdeMO,75,2,1,Operational,Public - Membership Required,$0.55/kWh ,2023-08-09T12:16:00Z,Open Charge Map Contributors,reject,Not the strongest candidate or evidence is insufficient.,,
ev_01edb41e136d277bc0a478b2bcb91b69324b8d90f011fbf0fd3ce6b29a709f80,238126,1,16,6,operator_postcode_address,40.3,True,True,0.667,2,True,BP,BP Pulse (AU),"15666 Hume Hwy, Marulan, 2579",75.0,2,Marulan Roadhouse Northbound,Hume Highway,,Marulan,2579,CCS (Type 2) | CHAdeMO,75,2,1,Operational,Public - Membership Required,$0.55/kWh ,2023-08-09T12:16:00Z,Open Charge Map Contributors,auto_accept,High-confidence top candidate selected by operator_postcode_address.,,
ev_01edb41e136d277bc0a478b2bcb91b69324b8d90f011fbf0fd3ce6b29a709f80,238125,2,10,,rejected_candidate,493.3,True,False,0.667,2,True,BP,BP Pulse (AU),"15666 Hume Hwy, Marulan, 2579",75.0,2,Marulan Roadhouse Southbound,15597 Hume Hwy,,Marulan,,CCS (Type 2) | CHAdeMO,75,2,1,Operational,Public - Membership Required,$0.55/kWh,2023-08-09T12:16:00Z,Open Charge Map Contributors,reject,Not the strongest candidate or evidence is insufficient.,,
ev_ff09d194a0aafacc2bd5385a6909993405094e8df4166e1b39e14b3b6f3f213a,190680,1,9,4,close_coordinates_plus_identity,3.5,True,False,0.0,0,True,NRMA,NRMA,"157 Rouse Street, Tenterfield, NSW 2372, Australia",50.0,2,Nyngan [NRMA],18 Cobar Street,,Nyngan,2825,CCS (Type 2) | CHAdeMO,50,2,1,Operational,Public,Currently free but will be fee at some point for non NRMA Members,2022-12-23T23:20:00Z,Open Charge Map Contributors,auto_accept,High-confidence top candidate selected by close_coordinates_plus_identity.,,
ev_ff09d194a0aafacc2bd5385a6909993405094e8df4166e1b39e14b3b6f3f213a,312274,2,5,,rejected_candidate,540226.2,False,True,0.333,1,False,NRMA,Tesla (including non-tesla),"157 Rouse Street, Tenterfield, NSW 2372, Australia",50.0,2,Tesla Supercharger - Coles Tenterfield,1 Crown St,,Tenterfield,2372,CCS (Type 2),250,12,3,Operational,Public - Membership Required,$0.69/kWh,2025-05-07T05:24:00Z,Open Charge Map Contributors,reject,Not the strongest candidate or evidence is insufficient.,,
ev_ee83de18c7561554fc8405e119c22a3010fa045294b82f6854dfee78f43798df,190681,1,12,12,operator_postcode_address,651740.5,True,True,0.667,2,True,NRMA,NRMA,"15c Mitchell St, Bourke, NSW 2840, Australia",75.0,4,Bourke [NRMA],15 Mitchell St,,Bourke,2840,CCS (Type 2) | CHAdeMO,50,2,1,Planned For Future Date,Public,"Free currently, join NRMA as a thank you.",2021-12-17T03:45:00Z,Open Charge Map Contributors,auto_accept,High-confidence top candidate selected by operator_postcode_address.,,
ev_df09fbdd7f9c3e90cbe8f065c4f43125e60a79677b0aea8dd17369d8613dbd04,161845,1,8,8,manual_review,14245.1,True,False,0.5,1,False,NRMA,NRMA,"16 Berry St, Nowra, 2541",160.0,4,Berry NRMA,,,Berry,,CCS (Type 2) | CHAdeMO,50,2,1,Operational,Public,Currently free but will be fee at some point for non NRMA Members,2020-11-19T13:08:00Z,Open Charge Map Contributors,manual_review,Top candidate has partial evidence but does not satisfy the high-confidence rule.,,
ev_1b1ab490bb907eb48eed3803a3c020a1aaa6e761995e59401c09d9bd5222d1ae,128195,1,4,4,rejected_candidate,381.6,False,True,0.0,0,False,JOLT,ChargePoint,"16 Oaks Ave, Sydney, 2099",25.0,2,PCYC Car Park,Civic Parade,,Dee Why,2099,Type 1 (J1772) | Tesla (Model S/X) | Type 2 (Socket Only),7,6,2,Operational,Public - Membership Required,Free,2021-11-17T09:59:00Z,Open Charge Map Contributors,reject,Not the strongest candidate or evidence is insufficient.,,
ev_efba588204fae2063b43c20ff056a8836306e33bec4e28a2f1618641109bac37,190875,1,1,1,rejected_candidate,2835.6,False,False,0.0,0,True,Chargefox,Jolt,"16-20 Goodhope St, Sydney, 2021",30.0,2,Kensington [Jolt],110 Anzac Pde,,Kensington,2033,CCS (Type 2) | CHAdeMO,25,2,1,Operational,Public - Membership Required,$0.00/kWh up to 7 kWh then $0.40/kWh,2023-07-13T10:53:00Z,Open Charge Map Contributors,reject,Not the strongest candidate or evidence is insufficient.,,
ev_efba588204fae2063b43c20ff056a8836306e33bec4e28a2f1618641109bac37,272689,2,0,,rejected_candidate,1132.5,False,False,0.0,0,False,Chargefox,Evie,"16-20 Goodhope St, Sydney, 2021",30.0,2,Dorhauer Lane,Dorhauer Lane,,Woollahra,2025,CCS (Type 2) | CHAdeMO,50,2,1,Operational,Public - Membership Required,,2023-07-16T22:09:00Z,Open Charge Map Contributors,reject,Not the strongest candidate or evidence is insufficient.,,
ev_efba588204fae2063b43c20ff056a8836306e33bec4e28a2f1618641109bac37,272634,3,0,,rejected_candidate,2202.0,False,False,0.0,0,False,Chargefox,Evie,"16-20 Goodhope St, Sydney, 2021",30.0,2,Eastgate Bondi Junction,"91 Spring St , NSW 2022",,Bondi Junction,2022,CCS (Type 2) | CHAdeMO,50,4,2,Operational,Public - Membership Required,,2023-07-15T12:17:00Z,Open Charge Map Contributors,reject,Not the strongest candidate or evidence is insufficient.,,
ev_efba588204fae2063b43c20ff056a8836306e33bec4e28a2f1618641109bac37,54547,4,0,,rejected_candidate,2307.2,False,False,0.0,0,False,Chargefox,Tesla (Tesla-only charging),"16-20 Goodhope St, Sydney, 2021",30.0,2,Westfield Sydney - Valet Parking,135 King Street,,Sydney,2000,Tesla (Model S/X),7.6,2,2,Operational,Public,Free,2017-01-31T16:45:00Z,Open Charge Map Contributors,reject,Not the strongest candidate or evidence is insufficient.,,
ev_efba588204fae2063b43c20ff056a8836306e33bec4e28a2f1618641109bac37,150024,5,0,,rejected_candidate,2556.9,False,False,0.0,0,False,Chargefox,(Unknown Operator),"16-20 Goodhope St, Sydney, 2021",30.0,2,Supa Centa Moore Park,,,Kensington,2033,Tesla (Model S/X),17,1,1,Operational,Public,Free,2020-06-10T21:39:00Z,Open Charge Map Contributors,reject,Not the strongest candidate or evidence is insufficient.,,
ev_24965443d007e9f0b2b27c71ab1edd9ac4be9b3cd7a2aa9cfe8f5109d17a12ad,272632,1,5,2,manual_review,680.8,False,True,0.0,0,True,BP,Evie,"169 Willoughby Rd, Sydney, 2065",75.0,2,Civic Plaza 88 Christie,88 Christie St,,St Leonards,2065,CCS (Type 2) | CHAdeMO,50,4,2,Operational,Public - Membership Required,,2023-07-15T12:12:00Z,Open Charge Map Contributors,manual_review,Top candidate has partial evidence but does not satisfy the high-confidence rule.,,
ev_24965443d007e9f0b2b27c71ab1edd9ac4be9b3cd7a2aa9cfe8f5109d17a12ad,272613,2,3,,rejected_candidate,1111.9,False,True,0.0,0,False,BP,Chargefox,"169 Willoughby Rd, Sydney, 2065",75.0,2,TLE Electrical Artarmon,65 Reserve Road,,St Leonards,2065,CCS (Type 2) | CHAdeMO,22,2,1,Operational,Public - Membership Required,$0.30/kWh,2023-07-15T07:52:00Z,Open Charge Map Contributors,reject,Not the strongest candidate or evidence is insufficient.,,
ev_24965443d007e9f0b2b27c71ab1edd9ac4be9b3cd7a2aa9cfe8f5109d17a12ad,272694,3,1,,rejected_candidate,1379.8,False,False,0.0,0,True,BP,Evie,"169 Willoughby Rd, Sydney, 2065",75.0,2,Northbridge Plaza,9 Eastern Valley Way,,Northbridge,2063,CCS (Type 2) | CHAdeMO,50,4,1,Operational,Public - Membership Required,,2023-07-16T23:09:00Z,Open Charge Map Contributors,reject,Not the strongest candidate or evidence is insufficient.,,
ev_907e47894a28558ce9ede062bd7f652a5743ad7514f94a3916b0eab8a315d0a5,193937,1,9,1,manual_review,108561.7,True,False,0.5,1,True,Chargefox,Chargefox,"17 Smith St, Sydney, 2067",47.0,6,Sportsground No.2 [Chargefox],Smith Street,,Newcastle,2300,Type 2 (Socket Only) | CCS (Type 2),22 | 60,6,5,Partly Operational (Mixed),Public - Membership Required,Free,2023-07-29T09:40:00Z,Open Charge Map Contributors,manual_review,Top candidate has partial evidence but does not satisfy the high-confidence rule.,,
ev_907e47894a28558ce9ede062bd7f652a5743ad7514f94a3916b0eab8a315d0a5,189744,2,8,,rejected_candidate,710789.5,True,False,0.5,1,False,Chargefox,Chargefox,"17 Smith St, Sydney, 2067",47.0,6,CB Smith Reserve,99 Jukes Road,,Fawkner,3060,CCS (Type 2) | CHAdeMO,25,2,1,Operational,Public - Membership Required,Free,2023-07-05T13:15:00Z,Open Charge Map Contributors,reject,Not the strongest candidate or evidence is insufficient.,,
ev_907e47894a28558ce9ede062bd7f652a5743ad7514f94a3916b0eab8a315d0a5,270949,3,8,,rejected_candidate,718002.6,True,False,0.5,1,False,Chargefox,Chargefox,"17 Smith St, Sydney, 2067",47.0,6,RMIT - City Campus,17-21 Cardigan Street,,Carlton,3053,CCS (Type 2) | Type 2 (Socket Only),22 | 75,4,1,Operational,Public - Membership Required,AUD 0.30 per kWh,2023-07-10T02:38:00Z,Open Charge Map Contributors,reject,Not the strongest candidate or evidence is insufficient.,,
ev_907e47894a28558ce9ede062bd7f652a5743ad7514f94a3916b0eab8a315d0a5,16228,4,8,,rejected_candidate,3287200.2,True,False,0.5,1,False,Chargefox,Chargefox,"17 Smith St, Sydney, 2067",47.0,6,"Department of Biodiversity, Conservation and Attractions KMCSC",17 Dick Perry Ave,,Kensington,6151,Type 2 (Socket Only),7,2,1,Operational,Private - Restricted Access,,2022-12-23T21:59:00Z,Open Charge Map Contributors,reject,Not the strongest candidate or evidence is insufficient.,,
ev_907e47894a28558ce9ede062bd7f652a5743ad7514f94a3916b0eab8a315d0a5,266872,5,7,,rejected_candidate,1477.4,True,True,0.0,0,False,Chargefox,Chargefox,"17 Smith St, Sydney, 2067",47.0,6,Chatswood Chase Chargefox,345 Victoria Avenue,,Chatswood,2067,CCS (Type 2),120,2,2,Operational,Public - Membership Required,$0.45/kWh,2023-07-13T08:44:00Z,Open Charge Map Contributors,reject,Not the strongest candidate or evidence is insufficient.,,
ev_907e47894a28558ce9ede062bd7f652a5743ad7514f94a3916b0eab8a315d0a5,272694,6,1,,rejected_candidate,2773.2,False,False,0.0,0,True,Chargefox,Evie,"17 Smith St, Sydney, 2067",47.0,6,Northbridge Plaza,9 Eastern Valley Way,,Northbridge,2063,CCS (Type 2) | CHAdeMO,50,4,1,Operational,Public - Membership Required,,2023-07-16T23:09:00Z,Open Charge Map Contributors,reject,Not the strongest candidate or evidence is insufficient.,,
ev_f66b004646dfb235cc596c8c421fb1a5ccb4afd04aded96e19aa7d6b8f19f403,192687,1,16,16,operator_postcode_address,236.6,True,True,1.0,2,True,JOLT,Jolt,"17 Stanley St, Sydney, 2210",25.0,2,Stanley St Peakhurst NSW,17-25 Stanley St,, Peakhurst ,2210,CCS (Type 2) | CHAdeMO,25,2,2,Operational,Public - Pay At Location,0.40,2023-06-06T12:14:00Z,Open Charge Map Contributors,auto_accept,High-confidence top candidate selected by operator_postcode_address.,,
ev_0d5b32871d5bc6906b4287c8218180841e0651cf394b92b438c6d27c7596ec05,191177,1,14,7,operator_postcode_address,517757.6,True,True,1.0,3,True,NRMA,NRMA,"17 Stewart St, Wollongong NSW 2500, Australia",75.0,4,Stewart Street Carpark [NRMA],17 Stewart Street,,Wollongong,2500,CCS (Type 2) | CHAdeMO,50 | 75 | 150,4,2,Operational,Public,FREE,2023-02-20T17:51:00Z,Open Charge Map Contributors,auto_accept,High-confidence top candidate selected by operator_postcode_address.,,
ev_0d5b32871d5bc6906b4287c8218180841e0651cf394b92b438c6d27c7596ec05,266480,2,7,,rejected_candidate,119.8,True,False,0.0,0,True,NRMA,NRMA,"17 Stewart St, Wollongong NSW 2500, Australia",75.0,4,NRMA Inverell,59 Evans Street,,Inverell ,2360,CCS (Type 2) | CHAdeMO,50 | 70,2,1,Operational,Public - Membership Required,FREE,2023-06-06T12:14:00Z,Open Charge Map Contributors,reject,Not the strongest candidate or evidence is insufficient.,,
ev_0d5b32871d5bc6906b4287c8218180841e0651cf394b92b438c6d27c7596ec05,235461,3,6,,rejected_candidate,517299.8,False,True,0.333,1,True,NRMA,Evie,"17 Stewart St, Wollongong NSW 2500, Australia",75.0,4,Wollongong Central - Regent St Carpark,Regent Street,,Wollongong,2500,CCS (Type 2) | CHAdeMO,50,4,1,Operational,Public - Membership Required,50c per kWh energy consumed.,2023-07-12T21:49:00Z,Open Charge Map Contributors,reject,Not the strongest candidate or evidence is insufficient.,,
ev_0d5b32871d5bc6906b4287c8218180841e0651cf394b92b438c6d27c7596ec05,131610,4,5,,rejected_candidate,514616.7,False,True,0.333,1,False,NRMA,Chargefox,"17 Stewart St, Wollongong NSW 2500, Australia",75.0,4,Innovation Campus - University of Wollongong,Off Innovation Way,,North Wollongong,2500,CCS (Type 2) | Type I (AS 3112),3.45 | 180,3,2,Operational,Public,Free,2024-07-30T05:30:00Z,Open Charge Map Contributors,reject,Not the strongest candidate or evidence is insufficient.,,
ev_0d5b32871d5bc6906b4287c8218180841e0651cf394b92b438c6d27c7596ec05,460474,5,5,,rejected_candidate,516661.7,False,True,0.333,1,False,NRMA,EVX (AU),"17 Stewart St, Wollongong NSW 2500, Australia",75.0,4,Georges Place,Georges Place,,Wollongong,2500,Type 2 (Socket Only),22,2,2,Operational,Public - Membership Required,0.55,2025-08-25T07:52:00Z,Open Charge Map Contributors,reject,Not the strongest candidate or evidence is insufficient.,,
ev_0d5b32871d5bc6906b4287c8218180841e0651cf394b92b438c6d27c7596ec05,131841,6,5,,rejected_candidate,517232.2,False,True,0.333,1,False,NRMA,(Business Owner at Location),"17 Stewart St, Wollongong NSW 2500, Australia",75.0,4,Wollongong Central - P1 Basement Car Park,71 Market Street,,Wollongong ,2500,Unknown,,1,0,Operational,Public,Free,2025-08-25T07:52:00Z,Open Charge Map Contributors,reject,Not the strongest candidate or evidence is insufficient.,,
ev_c6d52ecc3b33435845304ad1cff1975b727bbad8567ece427d09c12d4959c1e3,489555,1,14,14,operator_postcode_address,1284.1,True,True,1.0,4,True,Exploren,Exploren,"173 The Vineyards Rd, Lake George, 2581",60.0,2,Lake George Winery,173 The Vineyards Road,,Lake George,2581,CCS (Type 2),60,2,1,Operational,Public - Membership Required,$0.58/kWh,2026-05-18T12:30:00Z,Open Charge Map Contributors,auto_accept,High-confidence top candidate selected by operator_postcode_address.,,
ev_5178ef2bbe95e772345a5651aaaab94ab880a4bcc7fc797a8d8b180a576e0692,190680,1,12,3,operator_postcode_address,350950.8,True,True,0.667,2,True,NRMA,NRMA,"18 Dandaloo St, Nyngan, NSW 2825, Australia",75.0,4,Nyngan [NRMA],18 Cobar Street,,Nyngan,2825,CCS (Type 2) | CHAdeMO,50,2,1,Operational,Public,Currently free but will be fee at some point for non NRMA Members,2022-12-23T23:20:00Z,Open Charge Map Contributors,auto_accept,High-confidence top candidate selected by operator_postcode_address.,,
ev_5178ef2bbe95e772345a5651aaaab94ab880a4bcc7fc797a8d8b180a576e0692,266500,2,9,,rejected_candidate,26.6,True,False,0.0,0,True,NRMA,NRMA,"18 Dandaloo St, Nyngan, NSW 2825, Australia",75.0,4,NRMA Scone,116 Liverpool Street,,Scone,2337,CCS (Type 2) | CHAdeMO,50,2,1,Operational,Public - Membership Required,FREE,2023-06-08T03:24:00Z,Open Charge Map Contributors,reject,Not the strongest candidate or evidence is insufficient.,,
ev_e50c3aa62c1d4907fa2bd8baaa91029e29503c6d4a49dd40953f46ac82e8274b,272598,1,8,0,manual_review,889190.3,True,False,0.5,1,False,Chargefox,Chargefox,"18 Silver St, Sydney, 2031",42.0,2,George Town Council Chambers,16 - 18 Anne Street,,George Town,7253,CCS (Type 2) | CHAdeMO,75,2,1,Operational,Public - Membership Required,$0.40 - $0.55/kWh,2024-09-27T12:46:00Z,Open Charge Map Contributors,manual_review,Top candidate has partial evidence but does not satisfy the high-confidence rule.,,
ev_e50c3aa62c1d4907fa2bd8baaa91029e29503c6d4a49dd40953f46ac82e8274b,498406,2,8,,rejected_candidate,1261619.6,True,False,0.5,1,False,Chargefox,Chargefox,"18 Silver St, Sydney, 2031",42.0,2,Leigh Creek South Motors,18 Black Oak Dr,,Leigh Creek,5731,CCS (Type 2) | Type 2 (Socket Only),7 | 150,4,1,Operational,Public - Membership Required,,2026-07-12T00:34:00Z,Open Charge Map Contributors,reject,Not the strongest candidate or evidence is insufficient.,,
ev_e50c3aa62c1d4907fa2bd8baaa91029e29503c6d4a49dd40953f46ac82e8274b,148115,3,8,,rejected_candidate,3288677.9,True,False,0.5,1,False,Chargefox,Chargefox,"18 Silver St, Sydney, 2031",42.0,2,Horizon Power Bentley Head Office,18 Brodie-Hall Drive,,Bentley,6102,Type 2 (Socket Only),22,2,1,Operational,Public - Membership Required,Free,2023-07-13T23:29:00Z,Open Charge Map Contributors,reject,Not the strongest candidate or evidence is insufficient.,,
ev_e50c3aa62c1d4907fa2bd8baaa91029e29503c6d4a49dd40953f46ac82e8274b,272630,4,6,,rejected_candidate,238.3,False,True,0.0,0,True,Chargefox,Evie,"18 Silver St, Sydney, 2031",42.0,2,Royal Randwick,73 Belmore Road,,Randwick,2031,CCS (Type 2) | CHAdeMO,50,4,2,Operational,Public - Membership Required,,2023-07-15T12:06:00Z,Open Charge Map Contributors,reject,Not the strongest candidate or evidence is insufficient.,,
ev_e50c3aa62c1d4907fa2bd8baaa91029e29503c6d4a49dd40953f46ac82e8274b,272616,5,5,,rejected_candidate,2590.3,True,False,0.0,0,True,Chargefox,Chargefox,"18 Silver St, Sydney, 2031",42.0,2,NRMA - Sydney,4 Defries Avenue,,Zetland,2017,CCS (Type 2) | CHAdeMO,50 | 350,4,4,Operational,Public - Membership Required,$0.45 - $0.60/kWh,2023-07-15T08:58:00Z,Open Charge Map Contributors,reject,Not the strongest candidate or evidence is insufficient.,,
ev_e50c3aa62c1d4907fa2bd8baaa91029e29503c6d4a49dd40953f46ac82e8274b,191062,6,4,,rejected_candidate,2506.5,True,False,0.0,0,False,Chargefox,Chargefox,"18 Silver St, Sydney, 2031",42.0,2,Audi Centre Sydney ,895 South Dowling Street,,Zetland,2017,CCS (Type 2),165,1,1,Operational,Public - Membership Required,$0.70/kWh,2023-07-13T10:51:00Z,Open Charge Map Contributors,reject,Not the strongest candidate or evidence is insufficient.,,
ev_e50c3aa62c1d4907fa2bd8baaa91029e29503c6d4a49dd40953f46ac82e8274b,272634,7,1,,rejected_candidate,2454.2,False,False,0.0,0,True,Chargefox,Evie,"18 Silver St, Sydney, 2031",42.0,2,Eastgate Bondi Junction,"91 Spring St , NSW 2022",,Bondi Junction,2022,CCS (Type 2) | CHAdeMO,50,4,2,Operational,Public - Membership Required,,2023-07-15T12:17:00Z,Open Charge Map Contributors,reject,Not the strongest candidate or evidence is insufficient.,,
ev_e50c3aa62c1d4907fa2bd8baaa91029e29503c6d4a49dd40953f46ac82e8274b,272689,8,1,,rejected_candidate,2813.6,False,False,0.0,0,True,Chargefox,Evie,"18 Silver St, Sydney, 2031",42.0,2,Dorhauer Lane,Dorhauer Lane,,Woollahra,2025,CCS (Type 2) | CHAdeMO,50,2,1,Operational,Public - Membership Required,,2023-07-16T22:09:00Z,Open Charge Map Contributors,reject,Not the strongest candidate or evidence is insufficient.,,
ev_e50c3aa62c1d4907fa2bd8baaa91029e29503c6d4a49dd40953f46ac82e8274b,190875,9,0,,rejected_candidate,1568.2,False,False,0.0,0,False,Chargefox,Jolt,"18 Silver St, Sydney, 2031",42.0,2,Kensington [Jolt],110 Anzac Pde,,Kensington,2033,CCS (Type 2) | CHAdeMO,25,2,1,Operational,Public - Membership Required,$0.00/kWh up to 7 kWh then $0.40/kWh,2023-07-13T10:53:00Z,Open Charge Map Contributors,reject,Not the strongest candidate or evidence is insufficient.,,
ev_e50c3aa62c1d4907fa2bd8baaa91029e29503c6d4a49dd40953f46ac82e8274b,150024,10,0,,rejected_candidate,2553.2,False,False,0.0,0,False,Chargefox,(Unknown Operator),"18 Silver St, Sydney, 2031",42.0,2,Supa Centa Moore Park,,,Kensington,2033,Tesla (Model S/X),17,1,1,Operational,Public,Free,2020-06-10T21:39:00Z,Open Charge Map Contributors,reject,Not the strongest candidate or evidence is insufficient.,,
ev_4e96a6bd56d649faa62716702fd7dec5d2cf56fc831ba2965c043ab0d41a3cf8,265390,1,18,9,operator_postcode_address,18.3,True,True,1.0,4,True,Evie,Evie,"18 Victoria Avenue, Castle Hill NSW 2154",50.0,4,HomeCo Castle Hill,18 Victoria Avenue,,Castle Hill,2154,CCS (Type 2) | CHAdeMO,50,4,2,Operational,Public - Membership Required,$0.45 per kWh. Parking overstay charges may apply,2023-07-15T14:02:00Z,Open Charge Map Contributors,auto_accept,High-confidence top candidate selected by operator_postcode_address.,,
ev_4e96a6bd56d649faa62716702fd7dec5d2cf56fc831ba2965c043ab0d41a3cf8,271062,2,9,,rejected_candidate,710533.4,True,False,0.5,1,True,Evie,Evie,"18 Victoria Avenue, Castle Hill NSW 2154",50.0,4,Victoria Street,Victoria Street,,Macedon,3440,CCS (Type 2) | CHAdeMO,50,2,1,Operational,Public - Membership Required,$0.45 per kWh,2023-07-10T02:38:00Z,Open Charge Map Contributors,reject,Not the strongest candidate or evidence is insufficient.,,
ev_d62ac77480811c2d5bcf1e5eda7784e8c996c368b3123a9e67ee2a6cce251b62,109340,1,15,15,operator_address_power,0.0,True,False,1.0,3,True,Tesla,Tesla (including non-tesla),"185 Princes Hwy, Narooma , 2546",130.0,8,Narooma Supercharger,185 Princes Highway,,Narooma,,CCS (Type 2),120,4,4,Operational,Public - Membership Required,AUD 0.42/kWh;other tariffs for older cars,2023-08-30T06:15:00Z,Open Charge Map Contributors,auto_accept,High-confidence top candidate selected by operator_address_power.,,
ev_335e0a18e948eb62f240641f3113b1d4694f01d1b544eec965bc9bea9a3fec84,272686,1,18,12,operator_postcode_address,14.9,True,True,1.0,2,True,Evie,Evie,"188 Raglan St, Sydney, 2088",50.0,4,Raglan Street West,188 Raglan St,,Mosman,2088,CCS (Type 2) | CHAdeMO,50,4,1,Operational,Public - Membership Required,,2023-07-16T22:00:00Z,Open Charge Map Contributors,auto_accept,High-confidence top candidate selected by operator_postcode_address.,,
ev_335e0a18e948eb62f240641f3113b1d4694f01d1b544eec965bc9bea9a3fec84,191164,2,6,,rejected_candidate,659.0,True,False,0.0,0,True,Evie,Evie,"188 Raglan St, Sydney, 2088",50.0,4,Evie Mosman,6 Myahgah Road,,Mosman,,CHAdeMO | CCS (Type 2),50,2,1,Operational,Public - Membership Required,$0.40/kWh,2023-07-16T22:01:00Z,Open Charge Map Contributors,reject,Not the strongest candidate or evidence is insufficient.,,
ev_ffcb26bd4701f323c2817c64f57fca6f432b8663141c6e337b62779b53168593,171646,1,11,4,combined_evidence,151.1,True,True,0.333,1,False,Tesla,Tesla (including non-tesla),"19 Princes Hwy, Figtree NSW 2525, Australia",175.0,6,Wollongong Supercharger,Figtree Grove Shopping Centre,The Avenue,Figtree,2525,CCS (Type 2),250,6,6,Operational,Public - Membership Required,$0.69/kWh,2023-08-30T06:17:00Z,Open Charge Map Contributors,auto_accept,High-confidence top candidate selected by combined_evidence.,,
ev_ffcb26bd4701f323c2817c64f57fca6f432b8663141c6e337b62779b53168593,131564,2,7,,rejected_candidate,91.3,False,True,0.333,1,False,Tesla,,"19 Princes Hwy, Figtree NSW 2525, Australia",175.0,6,Figtree Grove Shopping Centre ,The Avenue,,Figtree ,2525,Type 2 (Socket Only),22,2,2,Operational,Public,Free,2023-07-13T23:36:00Z,Open Charge Map Contributors,reject,Not the strongest candidate or evidence is insufficient.,,
ev_ffcb26bd4701f323c2817c64f57fca6f432b8663141c6e337b62779b53168593,235461,3,0,,rejected_candidate,2934.2,False,False,0.0,0,False,Tesla,Evie,"19 Princes Hwy, Figtree NSW 2525, Australia",175.0,6,Wollongong Central - Regent St Carpark,Regent Street,,Wollongong,2500,CCS (Type 2) | CHAdeMO,50,4,1,Operational,Public - Membership Required,50c per kWh energy consumed.,2023-07-12T21:49:00Z,Open Charge Map Contributors,reject,Not the strongest candidate or evidence is insufficient.,,
ev_ff60e67d080d77fe9ededf67c85c7e1f4fad83b746b540018d332a0793562de1,190417,1,11,8,close_address_power,1.7,False,False,1.0,2,True,JOLT,(Unknown Operator),"19 Richmond Rd, Sydney, 2140",25.0,2,Richmond Tavistock No. 3 [Jolt],19 Richmond Road,Strathfield,Sydney,2135,CCS (Type 2) | CHAdeMO,25,2,1,Operational,Public,"Free up to 7kWh, charges thereafter",2022-01-25T14:22:00Z,Open Charge Map Contributors,auto_accept,High-confidence top candidate selected by close_address_power.,,
ev_ff60e67d080d77fe9ededf67c85c7e1f4fad83b746b540018d332a0793562de1,272618,2,3,,rejected_candidate,1621.2,False,True,0.0,0,False,JOLT,Chargefox,"19 Richmond Rd, Sydney, 2140",25.0,2,ENGIE - DFO Homebush,3 -5 Underwood Road,,Homebush,2140,CCS (Type 2),120,2,2,Operational,Public - Membership Required,$0.45/kWh,2023-07-16T13:41:00Z,Open Charge Map Contributors,reject,Not the strongest candidate or evidence is insufficient.,,
ev_ff60e67d080d77fe9ededf67c85c7e1f4fad83b746b540018d332a0793562de1,191394,3,0,,rejected_candidate,2277.8,False,False,0.0,0,False,JOLT,NRMA,"19 Richmond Rd, Sydney, 2140",25.0,2,NRMA Olympic Park,9 Murray Rose Ave,,Sydney Olympic Park,2127,CCS (Type 2) | CHAdeMO,50,2,1,Operational,Public,Free,2022-02-09T13:05:00Z,Open Charge Map Contributors,reject,Not the strongest candidate or evidence is insufficient.,,
ev_228eef339b0c2905f4ba44059824668359ad72a3c77651be8a36ee31d0a54db3,265390,1,1,1,rejected_candidate,2300.4,False,False,0.0,0,True,BP,Evie,"19 Windsor Rd, Sydney, 2155",75.0,2,HomeCo Castle Hill,18 Victoria Avenue,,Castle Hill,2154,CCS (Type 2) | CHAdeMO,50,4,2,Operational,Public - Membership Required,$0.45 per kWh. Parking overstay charges may apply,2023-07-15T14:02:00Z,Open Charge Map Contributors,reject,Not the strongest candidate or evidence is insufficient.,,
ev_4d6b8dff7317e9dafe5b708263d0986eee6bb518afd0ea10c1156623d90c3523,297042,1,9,9,operator_address_power,16419.6,True,False,0.5,2,True,Ampol,Ampol AmpCharge,"198 Great Western Highway, Hazelbrook, NSW, 2779",125.0,2,AmpCharge Charging Station,78 Great Western Highway,,Glenbrook,2773,CCS (Type 2) | CHAdeMO,150,2,1,Operational,Public - Membership Required,,2024-03-30T04:59:00Z,Open Charge Map Contributors,auto_accept,High-confidence top candidate selected by operator_address_power.,reject,Hazelbrook and Glenbrook addresses differ; 16.4 km separation.
ev_4d6b8dff7317e9dafe5b708263d0986eee6bb518afd0ea10c1156623d90c3523,266540,2,0,,rejected_candidate,2071.9,False,False,0.0,0,False,Ampol,Evie,"198 Great Western Highway, Hazelbrook, NSW, 2779",125.0,2,Evie Lawson,4-6 New Street,,Lawson,2783,CCS (Type 2) | CHAdeMO,50,4,2,Operational,Public,$0.45 per kWh. ,2023-07-15T13:41:00Z,Open Charge Map Contributors,reject,Not the strongest candidate or evidence is insufficient.,,
ev_017fab597ec7a791a283237a294b0479f14cf09a0e6a4d4fc460ef5e2dfcfcdb,133760,1,9,1,close_coordinates_plus_identity,17.9,False,True,0.333,1,False,Evie,ChargePoint,"1985 Camden Valley Way, Prestons NSW 2170",150.0,4,Woolworths Prestons,Corfield Road,Prestons,Sydney,2170,Type 1 (J1772),6.6,4,4,Operational,Public,Free,2019-12-08T11:44:00Z,Open Charge Map Contributors,auto_accept,High-confidence top candidate selected by close_coordinates_plus_identity.,,
ev_017fab597ec7a791a283237a294b0479f14cf09a0e6a4d4fc460ef5e2dfcfcdb,272694,2,8,,rejected_candidate,36239.7,True,False,0.5,2,False,Evie,Evie,"1985 Camden Valley Way, Prestons NSW 2170",150.0,4,Northbridge Plaza,9 Eastern Valley Way,,Northbridge,2063,CCS (Type 2) | CHAdeMO,50,4,1,Operational,Public - Membership Required,,2023-07-16T23:09:00Z,Open Charge Map Contributors,reject,Not the strongest candidate or evidence is insufficient.,,
ev_017fab597ec7a791a283237a294b0479f14cf09a0e6a4d4fc460ef5e2dfcfcdb,272688,3,7,,rejected_candidate,4206.3,True,True,0.0,0,False,Evie,Evie,"1985 Camden Valley Way, Prestons NSW 2170",150.0,4,Casula Mall,1 Ingham Dr,,Casula,2170,CCS (Type 2) | CHAdeMO,50,4,2,Operational,Public - Membership Required,,2023-07-16T22:04:00Z,Open Charge Map Contributors,reject,Not the strongest candidate or evidence is insufficient.,,
ev_f48a872bed181fed67846192ef9030161e5dfcba85566c2780ba36905640ab71,272619,1,3,3,rejected_candidate,1451.6,False,True,0.0,0,False,Evie,Chargefox,"2 Coast Hospital Rd, Sydney, 2036",75.0,2,The Heffron Centre,439 Bunnerong Road,,Chifley,2036,CCS (Type 2) | CHAdeMO,25,8,8,Operational,Public - Membership Required,Free - $0.42/kWh,2023-07-15T09:08:00Z,Open Charge Map Contributors,reject,Not the strongest candidate or evidence is insufficient.,,
ev_2b8d11ee6bef9ed765687e832435acfd72174d8440c0e6b8abd683c0f2292ba3,272500,1,18,18,operator_postcode_address,6.1,True,True,1.0,3,True,Evie,Evie,"2 Hercules Street, Murrumbateman, 2582",50.0,2,Murrumbateman Country Inn,2 Hercules Street,,Murrumbateman,2582,CCS (Type 2) | CHAdeMO,50,2,1,Operational,Public - Membership Required,Pricing set to 50c per kWh of charging.,2023-09-18T05:45:00Z,Open Charge Map Contributors,auto_accept,High-confidence top candidate selected by operator_postcode_address.,,
ev_89beffcb616821fd74c6e8bf7126c5be8c97ef325cab8daaf9b3c38ffbfa6d41,460617,1,18,18,operator_postcode_address,13.1,True,True,1.0,3,True,Tesla,Tesla (including non-tesla),"2 Ocean Dr, Kew, 2439",250.0,8,Kew Tesla Supercharger,2 Ocean Drive,,Kew,2439,CCS (Type 2),250,8,8,Operational,Public - Membership Required,$0.52/kWh - $0.72/kWh,2025-09-01T05:09:00Z,Open Charge Map Contributors,auto_accept,High-confidence top candidate selected by operator_postcode_address.,,
ev_d2fa70f8a621586f74d9f228575a0613f0e0e55a5b4a90e97a0ac0771308a796,190757,1,9,9,manual_review,35460.9,True,False,0.5,1,True,JOLT,Jolt,"2 Premier St, Sydney, 2217",25.0,2,Mona Vale [JOLT],2 Bungan St,,Mona Vale,2103,CCS (Type 2) | CHAdeMO,25,2,1,Operational,Public - Membership Required,$0.00/kWh up to 7 kWh then $0.46/kWh,2023-02-11T08:43:00Z,Open Charge Map Contributors,manual_review,Top candidate has partial evidence but does not satisfy the high-confidence rule.,,
ev_403554bb7220cd34e5757cb6ef94dae023b61c885e4ceff82705078f712aacf7,272614,1,9,0,manual_review,5781.4,True,False,0.5,1,True,Chargefox,Chargefox,"2 Riddell St, Sydney, 2023",40.0,2,Mirvac South Eveleigh,2 Central Avenue,,Eveleigh,2015,CCS (Type 2) | CHAdeMO | Type 2 (Socket Only),22 | 50,8,4,Operational,Public - Membership Required,Free,2023-07-15T07:56:00Z,Open Charge Map Contributors,manual_review,Top candidate has partial evidence but does not satisfy the high-confidence rule.,,
ev_403554bb7220cd34e5757cb6ef94dae023b61c885e4ceff82705078f712aacf7,258482,2,9,,rejected_candidate,249347.9,True,False,0.5,1,True,Chargefox,Chargefox,"2 Riddell St, Sydney, 2023",40.0,2,sgfleet,Building 2,1 Dairy Road,Fyshwick,2609,CHAdeMO | CCS (Type 2),25,2,2,Operational,Public - Membership Required,$0.30/kWh,2023-07-13T09:22:00Z,Open Charge Map Contributors,reject,Not the strongest candidate or evidence is insufficient.,,
ev_403554bb7220cd34e5757cb6ef94dae023b61c885e4ceff82705078f712aacf7,210899,3,9,,rejected_candidate,719261.4,True,False,0.5,1,True,Chargefox,Chargefox,"2 Riddell St, Sydney, 2023",40.0,2,Middy’s Port Melbourne,2 Thackray Road,,Port Melbourne,3207,CCS (Type 2) | CHAdeMO,25,2,1,Operational,Private - Restricted Access,$0.40 per kWh (at all times),2023-07-05T13:16:00Z,Open Charge Map Contributors,reject,Not the strongest candidate or evidence is insufficient.,,
ev_403554bb7220cd34e5757cb6ef94dae023b61c885e4ceff82705078f712aacf7,193937,4,8,,rejected_candidate,116072.8,True,False,0.5,1,False,Chargefox,Chargefox,"2 Riddell St, Sydney, 2023",40.0,2,Sportsground No.2 [Chargefox],Smith Street,,Newcastle,2300,Type 2 (Socket Only) | CCS (Type 2),22 | 60,6,5,Partly Operational (Mixed),Public - Membership Required,Free,2023-07-29T09:40:00Z,Open Charge Map Contributors,reject,Not the strongest candidate or evidence is insufficient.,,
ev_403554bb7220cd34e5757cb6ef94dae023b61c885e4ceff82705078f712aacf7,272599,5,8,,rejected_candidate,913113.7,True,False,0.5,1,False,Chargefox,Chargefox,"2 Riddell St, Sydney, 2023",40.0,2,Inveresk QVMAG Car Park,2 Invermay Road,,Invermay,7250,Type 2 (Socket Only),22,1,1,Operational,Public - Membership Required,$0.30/kWh,2023-07-15T06:46:00Z,Open Charge Map Contributors,reject,Not the strongest candidate or evidence is insufficient.,,
ev_403554bb7220cd34e5757cb6ef94dae023b61c885e4ceff82705078f712aacf7,272714,6,8,,rejected_candidate,1153794.5,True,False,0.5,1,False,Chargefox,Chargefox,"2 Riddell St, Sydney, 2023",40.0,2,Electric Highway - Dingo,2 Palmer Street,,Dingo,4702,CCS (Type 2) | CHAdeMO | Type 2 (Socket Only),22 | 75,4,1,Operational,Public - Membership Required,,2023-07-17T13:39:00Z,Open Charge Map Contributors,reject,Not the strongest candidate or evidence is insufficient.,,
ev_403554bb7220cd34e5757cb6ef94dae023b61c885e4ceff82705078f712aacf7,498404,7,8,,rejected_candidate,1157143.3,True,False,0.5,1,False,Chargefox,Chargefox,"2 Riddell St, Sydney, 2023",40.0,2,Steamtown Heritage Rail Centre,1/2 Telford Ave,,Peterborough ,5422,Type 2 (Socket Only),7,3,3,Operational,Public - Membership Required,,2026-07-12T00:17:00Z,Open Charge Map Contributors,reject,Not the strongest candidate or evidence is insufficient.,,
ev_403554bb7220cd34e5757cb6ef94dae023b61c885e4ceff82705078f712aacf7,304459,8,8,,rejected_candidate,1169484.4,True,False,0.5,1,False,Chargefox,Chargefox,"2 Riddell St, Sydney, 2023",40.0,2,RAA Charge Brickworks,2 Ashwin Parade,,Torrensville,5031,CCS (Type 2) | Type 2 (Socket Only) | CHAdeMO,7 | 200,4,3,Operational,Public - Pay At Location,"DC is Evening peak 68c kWh (5:00pm to 10:00pm), Standard 59c kWh (all other times), AC is Evening peak 32c kWh (5:00pm to 10:00pm), Standard 25c kWh (all other times)",2024-10-14T08:09:00Z,Open Charge Map Contributors,reject,Not the strongest candidate or evidence is insufficient.,,
ev_403554bb7220cd34e5757cb6ef94dae023b61c885e4ceff82705078f712aacf7,281065,9,8,,rejected_candidate,1264538.2,True,False,0.5,1,False,Chargefox,Chargefox,"2 Riddell St, Sydney, 2023",40.0,2,RAA Charge Wharflands,Lot 2 Warflands Esplanade,,Port Augusta,,CCS (Type 2) | CHAdeMO,200,4,1,Operational,Public - Membership Required,0.59-0.68,2023-12-04T23:49:00Z,Open Charge Map Contributors,reject,Not the strongest candidate or evidence is insufficient.,,
ev_403554bb7220cd34e5757cb6ef94dae023b61c885e4ceff82705078f712aacf7,209951,10,8,,rejected_candidate,3318277.6,True,False,0.5,1,False,Chargefox,Chargefox,"2 Riddell St, Sydney, 2023",40.0,2,Butler McDonalds,2 Altrincham Grove,,Butler,6036,CCS (Type 2) | CHAdeMO,124,2,1,Operational,Public,$0.60 per kWh,2024-07-17T15:39:00Z,Open Charge Map Contributors,reject,Not the strongest candidate or evidence is insufficient.,,
ev_403554bb7220cd34e5757cb6ef94dae023b61c885e4ceff82705078f712aacf7,272634,11,1,,rejected_candidate,1172.1,False,False,0.0,0,True,Chargefox,Evie,"2 Riddell St, Sydney, 2023",40.0,2,Eastgate Bondi Junction,"91 Spring St , NSW 2022",,Bondi Junction,2022,CCS (Type 2) | CHAdeMO,50,4,2,Operational,Public - Membership Required,,2023-07-15T12:17:00Z,Open Charge Map Contributors,reject,Not the strongest candidate or evidence is insufficient.,,
ev_403554bb7220cd34e5757cb6ef94dae023b61c885e4ceff82705078f712aacf7,272689,12,1,,rejected_candidate,1845.1,False,False,0.0,0,True,Chargefox,Evie,"2 Riddell St, Sydney, 2023",40.0,2,Dorhauer Lane,Dorhauer Lane,,Woollahra,2025,CCS (Type 2) | CHAdeMO,50,2,1,Operational,Public - Membership Required,,2023-07-16T22:09:00Z,Open Charge Map Contributors,reject,Not the strongest candidate or evidence is insufficient.,,
ev_8156cda3bb7a266b15e1f3513baccfb35e4431a4ef67049779b707d96c1e4355,191165,1,15,10,operator_address_power,3.7,True,False,1.0,4,True,Evie,Evie,"2 Rosenthal Ave, Lane Cove NSW 2066",50.0,4,Evie Lane Cove,2 Rosenthal Ave,“The Canopy”,Lane Cove,,CCS (Type 2) | CHAdeMO,50,4,2,Operational,Public - Membership Required,$0.40/kWh,2023-07-15T12:03:00Z,Open Charge Map Contributors,auto_accept,High-confidence top candidate selected by operator_address_power.,,
ev_8156cda3bb7a266b15e1f3513baccfb35e4431a4ef67049779b707d96c1e4355,272632,2,5,,rejected_candidate,2645.7,True,False,0.0,0,True,Evie,Evie,"2 Rosenthal Ave, Lane Cove NSW 2066",50.0,4,Civic Plaza 88 Christie,88 Christie St,,St Leonards,2065,CCS (Type 2) | CHAdeMO,50,4,2,Operational,Public - Membership Required,,2023-07-15T12:12:00Z,Open Charge Map Contributors,reject,Not the strongest candidate or evidence is insufficient.,,
ev_8156cda3bb7a266b15e1f3513baccfb35e4431a4ef67049779b707d96c1e4355,272613,3,0,,rejected_candidate,1917.5,False,False,0.0,0,False,Evie,Chargefox,"2 Rosenthal Ave, Lane Cove NSW 2066",50.0,4,TLE Electrical Artarmon,65 Reserve Road,,St Leonards,2065,CCS (Type 2) | CHAdeMO,22,2,1,Operational,Public - Membership Required,$0.30/kWh,2023-07-15T07:52:00Z,Open Charge Map Contributors,reject,Not the strongest candidate or evidence is insufficient.,,
ev_8156cda3bb7a266b15e1f3513baccfb35e4431a4ef67049779b707d96c1e4355,266872,4,0,,rejected_candidate,2624.4,False,False,0.0,0,False,Evie,Chargefox,"2 Rosenthal Ave, Lane Cove NSW 2066",50.0,4,Chatswood Chase Chargefox,345 Victoria Avenue,,Chatswood,2067,CCS (Type 2),120,2,2,Operational,Public - Membership Required,$0.45/kWh,2023-07-13T08:44:00Z,Open Charge Map Contributors,reject,Not the strongest candidate or evidence is insufficient.,,
ev_ce08481f2eb040683153c7f92783df3896d035a20afec0d08a13ec8e72ff9f9c,272614,1,9,0,manual_review,32187.9,True,False,0.5,1,True,Chargefox,Chargefox,"2 Sentry Dr, Sydney, 2768",40.0,4,Mirvac South Eveleigh,2 Central Avenue,,Eveleigh,2015,CCS (Type 2) | CHAdeMO | Type 2 (Socket Only),22 | 50,8,4,Operational,Public - Membership Required,Free,2023-07-15T07:56:00Z,Open Charge Map Contributors,manual_review,Top candidate has partial evidence but does not satisfy the high-confidence rule.,,
ev_ce08481f2eb040683153c7f92783df3896d035a20afec0d08a13ec8e72ff9f9c,258482,2,9,,rejected_candidate,239929.8,True,False,0.5,1,True,Chargefox,Chargefox,"2 Sentry Dr, Sydney, 2768",40.0,4,sgfleet,Building 2,1 Dairy Road,Fyshwick,2609,CHAdeMO | CCS (Type 2),25,2,2,Operational,Public - Membership Required,$0.30/kWh,2023-07-13T09:22:00Z,Open Charge Map Contributors,reject,Not the strongest candidate or evidence is insufficient.,,
ev_ce08481f2eb040683153c7f92783df3896d035a20afec0d08a13ec8e72ff9f9c,210899,3,9,,rejected_candidate,707551.1,True,False,0.5,1,True,Chargefox,Chargefox,"2 Sentry Dr, Sydney, 2768",40.0,4,Middy’s Port Melbourne,2 Thackray Road,,Port Melbourne,3207,CCS (Type 2) | CHAdeMO,25,2,1,Operational,Private - Restricted Access,$0.40 per kWh (at all times),2023-07-05T13:16:00Z,Open Charge Map Contributors,reject,Not the strongest candidate or evidence is insufficient.,,
ev_ce08481f2eb040683153c7f92783df3896d035a20afec0d08a13ec8e72ff9f9c,193937,4,8,,rejected_candidate,117580.5,True,False,0.5,1,False,Chargefox,Chargefox,"2 Sentry Dr, Sydney, 2768",40.0,4,Sportsground No.2 [Chargefox],Smith Street,,Newcastle,2300,Type 2 (Socket Only) | CCS (Type 2),22 | 60,6,5,Partly Operational (Mixed),Public - Membership Required,Free,2023-07-29T09:40:00Z,Open Charge Map Contributors,reject,Not the strongest candidate or evidence is insufficient.,,
ev_ce08481f2eb040683153c7f92783df3896d035a20afec0d08a13ec8e72ff9f9c,272599,5,8,,rejected_candidate,919060.0,True,False,0.5,1,False,Chargefox,Chargefox,"2 Sentry Dr, Sydney, 2768",40.0,4,Inveresk QVMAG Car Park,2 Invermay Road,,Invermay,7250,Type 2 (Socket Only),22,1,1,Operational,Public - Membership Required,$0.30/kWh,2023-07-15T06:46:00Z,Open Charge Map Contributors,reject,Not the strongest candidate or evidence is insufficient.,,
ev_ce08481f2eb040683153c7f92783df3896d035a20afec0d08a13ec8e72ff9f9c,498404,6,8,,rejected_candidate,1125493.5,True,False,0.5,1,False,Chargefox,Chargefox,"2 Sentry Dr, Sydney, 2768",40.0,4,Steamtown Heritage Rail Centre,1/2 Telford Ave,,Peterborough ,5422,Type 2 (Socket Only),7,3,3,Operational,Public - Membership Required,,2026-07-12T00:17:00Z,Open Charge Map Contributors,reject,Not the strongest candidate or evidence is insufficient.,,
ev_ce08481f2eb040683153c7f92783df3896d035a20afec0d08a13ec8e72ff9f9c,272714,7,8,,rejected_candidate,1130653.9,True,False,0.5,1,False,Chargefox,Chargefox,"2 Sentry Dr, Sydney, 2768",40.0,4,Electric Highway - Dingo,2 Palmer Street,,Dingo,4702,CCS (Type 2) | CHAdeMO | Type 2 (Socket Only),22 | 75,4,1,Operational,Public - Membership Required,,2023-07-17T13:39:00Z,Open Charge Map Contributors,reject,Not the strongest candidate or evidence is insufficient.,,
ev_ce08481f2eb040683153c7f92783df3896d035a20afec0d08a13ec8e72ff9f9c,304459,8,8,,rejected_candidate,1141757.9,True,False,0.5,1,False,Chargefox,Chargefox,"2 Sentry Dr, Sydney, 2768",40.0,4,RAA Charge Brickworks,2 Ashwin Parade,,Torrensville,5031,CCS (Type 2) | Type 2 (Socket Only) | CHAdeMO,7 | 200,4,3,Operational,Public - Pay At Location,"DC is Evening peak 68c kWh (5:00pm to 10:00pm), Standard 59c kWh (all other times), AC is Evening peak 32c kWh (5:00pm to 10:00pm), Standard 25c kWh (all other times)",2024-10-14T08:09:00Z,Open Charge Map Contributors,reject,Not the strongest candidate or evidence is insufficient.,,
ev_ce08481f2eb040683153c7f92783df3896d035a20afec0d08a13ec8e72ff9f9c,281065,9,8,,rejected_candidate,1232344.9,True,False,0.5,1,False,Chargefox,Chargefox,"2 Sentry Dr, Sydney, 2768",40.0,4,RAA Charge Wharflands,Lot 2 Warflands Esplanade,,Port Augusta,,CCS (Type 2) | CHAdeMO,200,4,1,Operational,Public - Membership Required,0.59-0.68,2023-12-04T23:49:00Z,Open Charge Map Contributors,reject,Not the strongest candidate or evidence is insufficient.,,
ev_ce08481f2eb040683153c7f92783df3896d035a20afec0d08a13ec8e72ff9f9c,209951,10,8,,rejected_candidate,3289025.9,True,False,0.5,1,False,Chargefox,Chargefox,"2 Sentry Dr, Sydney, 2768",40.0,4,Butler McDonalds,2 Altrincham Grove,,Butler,6036,CCS (Type 2) | CHAdeMO,124,2,1,Operational,Public,$0.60 per kWh,2024-07-17T15:39:00Z,Open Charge Map Contributors,reject,Not the strongest candidate or evidence is insufficient.,,
ev_ce08481f2eb040683153c7f92783df3896d035a20afec0d08a13ec8e72ff9f9c,474457,11,0,,rejected_candidate,1624.7,False,False,0.0,0,False,Chargefox,Ampol AmpCharge,"2 Sentry Dr, Sydney, 2768",40.0,4,The Ponds Shopping Centre,The Ponds Boulevard,The Ponds,Sydney,2769,CCS (Type 2),150,,4,Operational,Public,0.75,2026-03-10T11:45:00Z,Open Charge Map Contributors,reject,Not the strongest candidate or evidence is insufficient.,,
ev_8e919babc12a3d23a683db9d8c1c256c14eef1fa447a779687b641e23ec8102e,299904,1,5,3,manual_review,1520.7,False,True,0.333,1,False,Evie,Exploren,"2 Stewart St, Lithgow, 2790",150.0,4,Club Lithgow,"2c Lithgow St, ",,Lithgow,2790,Type 2 (Socket Only),22,4,4,Operational,Public,See Exploren app.,2024-06-17T11:11:00Z,Open Charge Map Contributors,manual_review,Top candidate has partial evidence but does not satisfy the high-confidence rule.,,
ev_8e919babc12a3d23a683db9d8c1c256c14eef1fa447a779687b641e23ec8102e,154488,2,2,,rejected_candidate,2354.1,False,False,0.333,1,False,Evie,NRMA,"2 Stewart St, Lithgow, 2790",150.0,4,Lithgow Workmen's Club,Tank St,,Lithgow,,CCS (Type 2) | CHAdeMO,50,4,2,Operational,Public,60c / 54c for members of NRMA,2024-06-14T12:05:00Z,Open Charge Map Contributors,reject,Not the strongest candidate or evidence is insufficient.,,
ev_5c41eca268526f7815bba1d786874b4a8115b04c1b61513560329cbd4656815e,306014,1,9,1,manual_review,444672.9,True,False,0.5,1,True,Chargefox,Chargefox,"20 Owen St, Sydney, 2761",47.0,2,Owen Toyota,Owen Drive,Yoogali,,2680,CCS (Type 2),50,2,2,Operational,Public - Membership Required,$0.40/kWh,2024-11-14T09:54:00Z,Open Charge Map Contributors,manual_review,Top candidate has partial evidence but does not satisfy the high-confidence rule.,,
ev_5c41eca268526f7815bba1d786874b4a8115b04c1b61513560329cbd4656815e,273227,2,8,,rejected_candidate,807280.2,True,False,0.5,1,False,Chargefox,Chargefox,"20 Owen St, Sydney, 2761",47.0,2,Electric Highway - Kingaroy,20 Glendon St,,Kingaroy,4610,CCS (Type 2) | CHAdeMO | Type 2 (Socket Only),22 | 75,4,4,Operational,Public - Membership Required,$0.30 per kWh,2023-07-29T10:22:00Z,Open Charge Map Contributors,reject,Not the strongest candidate or evidence is insufficient.,,
ev_5c41eca268526f7815bba1d786874b4a8115b04c1b61513560329cbd4656815e,172373,3,8,,rejected_candidate,813332.6,True,False,0.5,1,False,Chargefox,Chargefox,"20 Owen St, Sydney, 2761",47.0,2,Kawana Shopping World,20 Bermagui Crescent,,Buddina,4575,Type 2 (Tethered Connector) ,7,2,2,Operational,Public,Free,2023-07-13T22:18:00Z,Open Charge Map Contributors,reject,Not the strongest candidate or evidence is insufficient.,,
ev_5c41eca268526f7815bba1d786874b4a8115b04c1b61513560329cbd4656815e,272507,4,8,,rejected_candidate,975318.6,True,False,0.5,1,False,Chargefox,Chargefox,"20 Owen St, Sydney, 2761",47.0,2,Electric Highway Tasmania - Waratah,Bishoff Hotel,20 Main St,Waratah,,CCS (Type 2) | CHAdeMO,24,2,1,Operational,Public - Membership Required,"0.25 per kWh + 0.15 per minute 9am - 6pm, 0.10 per minute other times",2023-07-13T07:39:00Z,Open Charge Map Contributors,reject,Not the strongest candidate or evidence is insufficient.,,
ev_5c41eca268526f7815bba1d786874b4a8115b04c1b61513560329cbd4656815e,303446,5,8,,rejected_candidate,1132753.4,True,False,0.5,1,False,Chargefox,Chargefox,"20 Owen St, Sydney, 2761",47.0,2,K Park Playhouse Lane,20 Playhouse Ln,,Adelaide,5000,CCS (Type 2) | CHAdeMO,125,2,1,Operational,Public - Membership Required,$0.50/kWh,2024-08-25T01:12:00Z,Open Charge Map Contributors,reject,Not the strongest candidate or evidence is insufficient.,,
ev_5c41eca268526f7815bba1d786874b4a8115b04c1b61513560329cbd4656815e,273933,6,4,,rejected_candidate,2533.1,True,False,0.0,0,False,Chargefox,Chargefox,"20 Owen St, Sydney, 2761",47.0,2,Chargefox,Level 4,Rooty Hill Station Commuter Carpark,Rooty Hill,2766,Type 2 (Socket Only),7.4,10,10,Partly Operational (Mixed),Public - Membership Required,,2023-09-06T03:31:00Z,Open Charge Map Contributors,reject,Not the strongest candidate or evidence is insufficient.,,
ev_5c41eca268526f7815bba1d786874b4a8115b04c1b61513560329cbd4656815e,267345,7,4,,rejected_candidate,2759.6,True,False,0.0,0,False,Chargefox,Chargefox,"20 Owen St, Sydney, 2761",47.0,2,Chargefox Teachers Mutual Bank,Teachers Mutual Bank,5 Beames Ave,Rooty Hill,2766,Type 2 (Socket Only),,2,1,Operational,Public - Membership Required,,2023-07-13T08:39:00Z,Open Charge Map Contributors,reject,Not the strongest candidate or evidence is insufficient.,,
ev_424ed1705110e6714d2e685d13e21ef18249f5e8e3ec2ff4abbf844df0a9329e,193048,1,13,12,operator_address_power,28.6,True,False,0.667,2,True,Evie,Evie,"20 Smidmore St, Marrickville NSW 2204",50.0,4,Marrickville Metro,Smidmore Street,,Sydney,2044,CCS (Type 2) | CHAdeMO,50,4,2,Operational,Public - Membership Required,,2023-07-16T13:40:00Z,Open Charge Map Contributors,auto_accept,High-confidence top candidate selected by operator_address_power.,,
ev_424ed1705110e6714d2e685d13e21ef18249f5e8e3ec2ff4abbf844df0a9329e,272614,2,1,,rejected_candidate,2681.0,False,False,0.0,0,True,Evie,Chargefox,"20 Smidmore St, Marrickville NSW 2204",50.0,4,Mirvac South Eveleigh,2 Central Avenue,,Eveleigh,2015,CCS (Type 2) | CHAdeMO | Type 2 (Socket Only),22 | 50,8,4,Operational,Public - Membership Required,Free,2023-07-15T07:56:00Z,Open Charge Map Contributors,reject,Not the strongest candidate or evidence is insufficient.,,
ev_424ed1705110e6714d2e685d13e21ef18249f5e8e3ec2ff4abbf844df0a9329e,273427,3,0,,rejected_candidate,942.9,False,False,0.0,0,False,Evie,BP Pulse (AU),"20 Smidmore St, Marrickville NSW 2204",50.0,4,bp pulse Sydenham,339 Princes Hwy,,St Peters,2044,CCS (Type 2),75,2,2,Operational,Public - Membership Required,55c/kWh,2023-08-09T11:35:00Z,Open Charge Map Contributors,reject,Not the strongest candidate or evidence is insufficient.,,
ev_34e3025447cadfc5f5d1491ffc68712687a3ec3f9bcfddd16cd39e6f7055afdc,235461,1,12,3,close_coordinates_plus_identity,85.7,True,True,0.333,1,True,Evie,Evie,"200 Crown St, Wollongong NSW 2500",50.0,4,Wollongong Central - Regent St Carpark,Regent Street,,Wollongong,2500,CCS (Type 2) | CHAdeMO,50,4,1,Operational,Public - Membership Required,50c per kWh energy consumed.,2023-07-12T21:49:00Z,Open Charge Map Contributors,auto_accept,High-confidence top candidate selected by close_coordinates_plus_identity.,,
ev_34e3025447cadfc5f5d1491ffc68712687a3ec3f9bcfddd16cd39e6f7055afdc,131841,2,9,,rejected_candidate,64.2,False,True,0.333,1,False,Evie,(Business Owner at Location),"200 Crown St, Wollongong NSW 2500",50.0,4,Wollongong Central - P1 Basement Car Park,71 Market Street,,Wollongong ,2500,Unknown,,1,0,Operational,Public,Free,2025-08-25T07:52:00Z,Open Charge Map Contributors,reject,Not the strongest candidate or evidence is insufficient.,,
ev_34e3025447cadfc5f5d1491ffc68712687a3ec3f9bcfddd16cd39e6f7055afdc,191177,3,6,,rejected_candidate,876.0,False,True,0.333,1,True,Evie,NRMA,"200 Crown St, Wollongong NSW 2500",50.0,4,Stewart Street Carpark [NRMA],17 Stewart Street,,Wollongong,2500,CCS (Type 2) | CHAdeMO,50 | 75 | 150,4,2,Operational,Public,FREE,2023-02-20T17:51:00Z,Open Charge Map Contributors,reject,Not the strongest candidate or evidence is insufficient.,,
ev_34e3025447cadfc5f5d1491ffc68712687a3ec3f9bcfddd16cd39e6f7055afdc,460474,4,5,,rejected_candidate,1090.8,False,True,0.333,1,False,Evie,EVX (AU),"200 Crown St, Wollongong NSW 2500",50.0,4,Georges Place,Georges Place,,Wollongong,2500,Type 2 (Socket Only),22,2,2,Operational,Public - Membership Required,0.55,2025-08-25T07:52:00Z,Open Charge Map Contributors,reject,Not the strongest candidate or evidence is insufficient.,,
ev_34e3025447cadfc5f5d1491ffc68712687a3ec3f9bcfddd16cd39e6f7055afdc,131610,5,5,,rejected_candidate,2738.8,False,True,0.333,1,False,Evie,Chargefox,"200 Crown St, Wollongong NSW 2500",50.0,4,Innovation Campus - University of Wollongong,Off Innovation Way,,North Wollongong,2500,CCS (Type 2) | Type I (AS 3112),3.45 | 180,3,2,Operational,Public,Free,2024-07-30T05:30:00Z,Open Charge Map Contributors,reject,Not the strongest candidate or evidence is insufficient.,,
ev_34e3025447cadfc5f5d1491ffc68712687a3ec3f9bcfddd16cd39e6f7055afdc,273425,6,0,,rejected_candidate,2333.5,False,False,0.0,0,False,Evie,BP Pulse (AU),"200 Crown St, Wollongong NSW 2500",50.0,4,Fairy Meadow [bp pulse],224 Princes Hwy,,Fairy Meadow,2519,CCS (Type 2),75,2,2,Operational,Public - Membership Required,55c/kWh,2023-08-09T11:24:00Z,Open Charge Map Contributors,reject,Not the strongest candidate or evidence is insufficient.,,
ev_23818f39f504723bb2a784859e8bc2347db36ebbb7068a41a9e87a4d56a1a454,172652,1,18,13,operator_postcode_address,10.6,True,True,0.75,3,True,Evie,Evie,"201 Manning River Drive, Taree, 2430",150.0,4,Taree South Service Centre [Evie],Manning River Drive,Glenthorne,,2430,CCS (Type 2) | CHAdeMO,100 | 350,4,4,Operational,Public - Membership Required,$0.60/kWh,2023-07-15T13:54:00Z,Open Charge Map Contributors,auto_accept,High-confidence top candidate selected by operator_postcode_address.,,
ev_23818f39f504723bb2a784859e8bc2347db36ebbb7068a41a9e87a4d56a1a454,460625,2,5,,rejected_candidate,4038.0,False,True,0.25,1,False,Evie,Tesla (including non-tesla),"201 Manning River Drive, Taree, 2430",150.0,4,Tesla Supercharger Taree,37 Wynter Street,,Taree,2430,CCS (Type 2),250,12,12,Operational,Public - Membership Required,,2026-09-05T11:22:00Z,Open Charge Map Contributors,reject,Not the strongest candidate or evidence is insufficient.,,
ev_df77ea6c30dfd09000e191b051d3acc15053a26680427f4f6368efe0746edcd0,79851,1,13,2,operator_address_power,8.3,True,False,0.667,2,True,Tesla,Tesla (Tesla-only charging),"201 Sloane St, Goulburn , 2580",130.0,16,Goulburn Supercharger [Tesla],201 Sloan St,,Goulburn,,CCS (Type 2),120,8,8,Operational,Public - Membership Required,$0.52/kWh,2021-12-19T02:14:00Z,Open Charge Map Contributors,auto_accept,High-confidence top candidate selected by operator_address_power.,,
ev_df77ea6c30dfd09000e191b051d3acc15053a26680427f4f6368efe0746edcd0,189983,2,11,,rejected_candidate,79.4,False,True,1.0,3,False,Tesla,(Unknown Operator),"201 Sloane St, Goulburn , 2580",130.0,16,Goulburn Visitor Information Centre,201 Sloane St,,Goulburn,2580,Type 2 (Tethered Connector) ,7,1,1,Operational,Public,,2021-11-15T08:13:00Z,Open Charge Map Contributors,reject,Not the strongest candidate or evidence is insufficient.,,
ev_df77ea6c30dfd09000e191b051d3acc15053a26680427f4f6368efe0746edcd0,190003,3,7,,rejected_candidate,2749.4,False,True,0.5,1,False,Tesla,NRMA,"201 Sloane St, Goulburn , 2580",130.0,16,Sydney Road,Sydney Road,Bradfordville,Goulburn,2580,CCS (Type 2),210,4,4,Operational,Public - Membership Required,$0.64 / kWh,2026-07-15T01:58:00Z,Open Charge Map Contributors,reject,Not the strongest candidate or evidence is insufficient.,,
ev_df77ea6c30dfd09000e191b051d3acc15053a26680427f4f6368efe0746edcd0,189982,4,5,,rejected_candidate,1159.9,False,True,0.333,1,False,Tesla,(Unknown Operator),"201 Sloane St, Goulburn , 2580",130.0,16,Best Western Plus Goulburn,77 Lagoon St,,Goulburn,2580,Type 2 (Tethered Connector) ,22,1,2,Operational,Public - Pay At Location,,2021-11-15T08:11:00Z,Open Charge Map Contributors,reject,Not the strongest candidate or evidence is insufficient.,,
ev_df77ea6c30dfd09000e191b051d3acc15053a26680427f4f6368efe0746edcd0,296038,5,5,,rejected_candidate,3190.9,False,True,0.333,1,False,Tesla,Chargefox,"201 Sloane St, Goulburn , 2580",130.0,16,KFC Goulburn,Lockyer Street,,Goulburn,2580,CCS (Type 2),75,2,2,Operational,Public - Membership Required,,2025-01-24T09:21:00Z,Open Charge Map Contributors,reject,Not the strongest candidate or evidence is insufficient.,,
ev_4ecf08fbeb901b4b91d1c6eebaf5cf32554d9e6751dc5f71422d83dd148cd1b8,266501,1,15,6,operator_postcode_address,131.0,True,True,1.0,4,False,Tesla,Tesla (Tesla-only charging),20-22 Camden Rd Campbelltown NSW 2560 Australia,175.0,12,Campbelltown Supercharger,20-22 Camden Road,,Campbelltown,2560,CCS (Type 2),250,12,12,Operational,Public - Membership Required,$0.66/kWh,2023-06-08T03:24:00Z,Open Charge Map Contributors,auto_accept,High-confidence top candidate selected by operator_postcode_address.,,
ev_4ecf08fbeb901b4b91d1c6eebaf5cf32554d9e6751dc5f71422d83dd148cd1b8,299879,2,9,,rejected_candidate,223.5,False,True,0.5,2,False,Tesla,Chargefox,20-22 Camden Rd Campbelltown NSW 2560 Australia,175.0,12,Chargefox Charging Station,38 Camden Rd,,Campbelltown,2560,CCS (Type 2) | CHAdeMO,65 | 75,4,1,Operational,Public - Membership Required,$0.60/kWh,2024-06-11T09:50:00Z,Open Charge Map Contributors,reject,Not the strongest candidate or evidence is insufficient.,,
ev_e52c67cc0a493e85aa9f50c4bc6819bc77b8c36f76d3d7667fa6865985428ca2,161844,1,6,4,combined_evidence,658.7,False,True,0.25,1,False,Evie,NRMA,"205 Old Hume Hwy, Mittagong, 2575",150.0,4,Mittagong NRMA,9 Bessemer Street,RSL club,Mittagong,2575,CCS (Type 2) | CHAdeMO,50,6,5,Operational,Public,Currently free but will be fee at some point for non NRMA Members.,2025-10-12T01:54:00Z,Open Charge Map Contributors,auto_accept,High-confidence top candidate selected by combined_evidence.,,
ev_e52c67cc0a493e85aa9f50c4bc6819bc77b8c36f76d3d7667fa6865985428ca2,60564,2,2,,rejected_candidate,1398.2,False,False,0.25,1,False,Evie,ChargePoint,"205 Old Hume Hwy, Mittagong, 2575",150.0,4,Mittagong NSW Main Street,62-70 Main Street,,Mittagong ,2576,Type 1 (J1772),7.2,1,1,Operational,Public - Membership Required,if you are not a member of Charge Point ask at the desk of the Visitor Centre 9 am - 5pmfor help. ,2020-11-19T12:10:00Z,Open Charge Map Contributors,reject,Not the strongest candidate or evidence is insufficient.,,
ev_7bd753beab56b2ecafb9c6c6f1098f666cf5d911f95ac6b01595c3b7267f23af,133760,1,0,0,rejected_candidate,951.5,False,False,0.0,0,False,Ampol,ChargePoint,"2072 Camden Valley Way, Edmondson Park, NSW, 2174",125.0,2,Woolworths Prestons,Corfield Road,Prestons,Sydney,2170,Type 1 (J1772),6.6,4,4,Operational,Public,Free,2019-12-08T11:44:00Z,Open Charge Map Contributors,reject,Not the strongest candidate or evidence is insufficient.,,
ev_bc33d511b7715a055223ed8e1124e70e9c17427383f93197e717a159113754f4,479816,1,15,5,operator_postcode_address,401.7,True,True,0.8,4,True,Ampol,Ampol AmpCharge,"211 Lake Entrance Rd, Shellharbour City Centre, 2529",150.0,10,Shellharbour Ampcharge,Lake Entrance Road,,Shellharbour City Centre,2529,CCS (Type 2),180,10,10,Operational,Public - Membership Required,$0.60/kWh for pay-as-you-go charging.,2026-03-09T04:11:00Z,Open Charge Map Contributors,auto_accept,High-confidence top candidate selected by operator_postcode_address.,,
ev_bc33d511b7715a055223ed8e1124e70e9c17427383f93197e717a159113754f4,131895,2,10,,rejected_candidate,324.6,False,True,1.0,5,False,Ampol,Tesla (Tesla-only charging),"211 Lake Entrance Rd, Shellharbour City Centre, 2529",150.0,10,Stockland,211 Lake Entrance Road,,Shellharbour City Centre,2529,Tesla (Model S/X),7.2,2,2,Partly Operational (Mixed),Public,Free,2021-12-23T12:47:00Z,Open Charge Map Contributors,reject,Not the strongest candidate or evidence is insufficient.,,
ev_bc33d511b7715a055223ed8e1124e70e9c17427383f93197e717a159113754f4,131881,3,6,,rejected_candidate,319.1,False,True,0.4,2,False,Ampol,ChargePoint,"211 Lake Entrance Rd, Shellharbour City Centre, 2529",150.0,10,Stockland Shellharbour Shopping Centre ( Shellharbour Square) - West,Lamerton Crescent,,Shellharbour City Centre,2529,Type 1 (J1772) | Type 2 (Tethered Connector) ,7.2,4,2,Partly Operational (Mixed),Public,Free,2021-12-23T12:46:00Z,Open Charge Map Contributors,reject,Not the strongest candidate or evidence is insufficient.,,
ev_c5498178a1dddfc6965b2db83956cb746bfc557b4b2ba910f9b64a22f3513fd6,192687,1,5,5,manual_review,1646.2,True,False,0.0,0,True,JOLT,Jolt,"22 Cook Ln, Sydney, 2223",25.0,2,Stanley St Peakhurst NSW,17-25 Stanley St,, Peakhurst ,2210,CCS (Type 2) | CHAdeMO,25,2,2,Operational,Public - Pay At Location,0.40,2023-06-06T12:14:00Z,Open Charge Map Contributors,manual_review,Top candidate has partial evidence but does not satisfy the high-confidence rule.,,
ev_bd471c0b40e8f005ec03aed3dad2bf73e1a1f8918edc5cff96df1e342ef05204,272635,1,11,11,combined_evidence,500.8,True,True,0.25,1,True,Evie,Evie,"220 Taren Point Rd, Caringbah NSW 2229",75.0,4,BP Caringbah,54-76 Captain Cook Drive,,Caringbah,2229,CCS (Type 2) | CHAdeMO,50,4,2,Operational,Public - Membership Required,,2023-07-15T12:20:00Z,Open Charge Map Contributors,auto_accept,High-confidence top candidate selected by combined_evidence.,,
ev_e02e1bfb00ba7de60f0c980c428022af3e470defaf4c48337b3c9a4e0e83f4da,272693,1,18,9,operator_postcode_address,13.4,True,True,1.0,3,True,Evie,Evie,"221 Wolseley St, Jamisontown NSW 2750",350.0,4,Jamisontown,221 Wolseley Street,,Jamisontown,2750,CCS (Type 2) | CHAdeMO,50 | 350,4,2,Operational,Public - Membership Required,,2023-07-16T23:05:00Z,Open Charge Map Contributors,auto_accept,High-confidence top candidate selected by operator_postcode_address.,,
ev_e02e1bfb00ba7de60f0c980c428022af3e470defaf4c48337b3c9a4e0e83f4da,190406,2,9,,rejected_candidate,194.2,False,True,0.667,2,False,Evie,(Unknown Operator),"221 Wolseley St, Jamisontown NSW 2750",350.0,4,Supercheap auto,2227 Wolseley Street,,Jamisontown‎ ,2750,Type 2 (Tethered Connector) ,22,2,2,Operational,Public - Membership Required,,2021-12-06T13:08:00Z,Open Charge Map Contributors,reject,Not the strongest candidate or evidence is insufficient.,,
ev_f0aeb3c170c1be4bcb9ce075211b28fd7a019d014e9cfea34bf7581c474c472c,272684,1,0,0,rejected_candidate,2297.8,False,False,0.0,0,False,JOLT,Evie,"22-24 Park Ave, Sydney, 2134",25.0,2,BP Ashfield,586A Parramatta Rd,,Croydon,2132,CCS (Type 2) | CHAdeMO,50,4,2,Operational,Public - Membership Required,,2023-07-16T21:56:00Z,Open Charge Map Contributors,reject,Not the strongest candidate or evidence is insufficient.,,
ev_f0aeb3c170c1be4bcb9ce075211b28fd7a019d014e9cfea34bf7581c474c472c,272641,2,0,,rejected_candidate,2655.0,False,False,0.0,0,False,JOLT,Evie,"22-24 Park Ave, Sydney, 2134",25.0,2,Ashfield Mall,260A Liverpool Rd,,Ashfield,2131,CCS (Type 2) | CHAdeMO,50,4,2,Operational,Public - Membership Required,,2023-07-15T13:50:00Z,Open Charge Map Contributors,reject,Not the strongest candidate or evidence is insufficient.,,
ev_f4e2ef148e7f6c438999155a3bd15c95813c520cb4abe6d1b90a42e3b0514070,273425,1,16,13,operator_postcode_address,37.9,True,True,0.667,2,True,BP,BP Pulse (AU),"224 Princes Hwy, Wollongong, 2519",75.0,2,Fairy Meadow [bp pulse],224 Princes Hwy,,Fairy Meadow,2519,CCS (Type 2),75,2,2,Operational,Public - Membership Required,55c/kWh,2023-08-09T11:24:00Z,Open Charge Map Contributors,auto_accept,High-confidence top candidate selected by operator_postcode_address.,,
ev_f4e2ef148e7f6c438999155a3bd15c95813c520cb4abe6d1b90a42e3b0514070,235461,2,3,,rejected_candidate,2296.2,False,False,0.333,1,True,BP,Evie,"224 Princes Hwy, Wollongong, 2519",75.0,2,Wollongong Central - Regent St Carpark,Regent Street,,Wollongong,2500,CCS (Type 2) | CHAdeMO,50,4,1,Operational,Public - Membership Required,50c per kWh energy consumed.,2023-07-12T21:49:00Z,Open Charge Map Contributors,reject,Not the strongest candidate or evidence is insufficient.,,
ev_f4e2ef148e7f6c438999155a3bd15c95813c520cb4abe6d1b90a42e3b0514070,191177,3,3,,rejected_candidate,2901.0,False,False,0.333,1,True,BP,NRMA,"224 Princes Hwy, Wollongong, 2519",75.0,2,Stewart Street Carpark [NRMA],17 Stewart Street,,Wollongong,2500,CCS (Type 2) | CHAdeMO,50 | 75 | 150,4,2,Operational,Public,FREE,2023-02-20T17:51:00Z,Open Charge Map Contributors,reject,Not the strongest candidate or evidence is insufficient.,,
ev_f4e2ef148e7f6c438999155a3bd15c95813c520cb4abe6d1b90a42e3b0514070,131610,4,2,,rejected_candidate,835.2,False,False,0.333,1,False,BP,Chargefox,"224 Princes Hwy, Wollongong, 2519",75.0,2,Innovation Campus - University of Wollongong,Off Innovation Way,,North Wollongong,2500,CCS (Type 2) | Type I (AS 3112),3.45 | 180,3,2,Operational,Public,Free,2024-07-30T05:30:00Z,Open Charge Map Contributors,reject,Not the strongest candidate or evidence is insufficient.,,
ev_f4e2ef148e7f6c438999155a3bd15c95813c520cb4abe6d1b90a42e3b0514070,460474,5,2,,rejected_candidate,1966.2,False,False,0.333,1,False,BP,EVX (AU),"224 Princes Hwy, Wollongong, 2519",75.0,2,Georges Place,Georges Place,,Wollongong,2500,Type 2 (Socket Only),22,2,2,Operational,Public - Membership Required,0.55,2025-08-25T07:52:00Z,Open Charge Map Contributors,reject,Not the strongest candidate or evidence is insufficient.,,
ev_f4e2ef148e7f6c438999155a3bd15c95813c520cb4abe6d1b90a42e3b0514070,131841,6,2,,rejected_candidate,2233.2,False,False,0.333,1,False,BP,(Business Owner at Location),"224 Princes Hwy, Wollongong, 2519",75.0,2,Wollongong Central - P1 Basement Car Park,71 Market Street,,Wollongong ,2500,Unknown,,1,0,Operational,Public,Free,2025-08-25T07:52:00Z,Open Charge Map Contributors,reject,Not the strongest candidate or evidence is insufficient.,,
ev_c9f5c210274f61224f4cf5ed9c3ea07a499e7f97fcead507898565efe3ce2942,170607,1,11,4,operator_postcode_address,2234.5,True,True,0.5,2,False,Evie,Evie,"224 Prospect Hwy, Seven Hills NSW 2147",150.0,4,Ampol Woolworths MetroGo Seven Hills,38 Abbott Rd,,Seven Hills,2147,CCS (Type 2),300,6,2,Operational,Public - Membership Required,$0.60 per kWh,2026-06-15T09:28:00Z,Open Charge Map Contributors,auto_accept,High-confidence top candidate selected by operator_postcode_address.,reject,Different Seven Hills street address; 2.2 km separation.
ev_c9f5c210274f61224f4cf5ed9c3ea07a499e7f97fcead507898565efe3ce2942,273870,2,7,,rejected_candidate,1992.8,False,True,0.5,2,False,Evie,BP Pulse (AU),"224 Prospect Hwy, Seven Hills NSW 2147",150.0,4,bp pulse Seven Hills,26 Abbott Road,,Seven Hills,2147,CCS (Type 2),75,2,2,Operational,Public - Membership Required,55c/kWh,2023-08-23T12:22:00Z,Open Charge Map Contributors,reject,Not the strongest candidate or evidence is insufficient.,,
ev_5082f9a35c4393709a9b7a2713a0823751eb539c42cc421b35e72b6f98992fe5,272688,1,3,0,rejected_candidate,1752.8,False,True,0.0,0,False,JOLT,Evie,"2260 Camden Valley Way, Sydney, 2170",25.0,2,Casula Mall,1 Ingham Dr,,Casula,2170,CCS (Type 2) | CHAdeMO,50,4,2,Operational,Public - Membership Required,,2023-07-16T22:04:00Z,Open Charge Map Contributors,reject,Not the strongest candidate or evidence is insufficient.,,
ev_5082f9a35c4393709a9b7a2713a0823751eb539c42cc421b35e72b6f98992fe5,133760,2,3,,rejected_candidate,2920.9,False,True,0.0,0,False,JOLT,ChargePoint,"2260 Camden Valley Way, Sydney, 2170",25.0,2,Woolworths Prestons,Corfield Road,Prestons,Sydney,2170,Type 1 (J1772),6.6,4,4,Operational,Public,Free,2019-12-08T11:44:00Z,Open Charge Map Contributors,reject,Not the strongest candidate or evidence is insufficient.,,
ev_627710ed0d58c31e28883a894eeaf517e4cbce73708ef099017f6abbef4576eb,272688,1,3,0,rejected_candidate,1751.8,False,True,0.0,0,False,JOLT,Evie,"2260 Camden Valley Way, Sydney, 2170",25.0,2,Casula Mall,1 Ingham Dr,,Casula,2170,CCS (Type 2) | CHAdeMO,50,4,2,Operational,Public - Membership Required,,2023-07-16T22:04:00Z,Open Charge Map Contributors,reject,Not the strongest candidate or evidence is insufficient.,,
ev_627710ed0d58c31e28883a894eeaf517e4cbce73708ef099017f6abbef4576eb,133760,2,3,,rejected_candidate,2939.5,False,True,0.0,0,False,JOLT,ChargePoint,"2260 Camden Valley Way, Sydney, 2170",25.0,2,Woolworths Prestons,Corfield Road,Prestons,Sydney,2170,Type 1 (J1772),6.6,4,4,Operational,Public,Free,2019-12-08T11:44:00Z,Open Charge Map Contributors,reject,Not the strongest candidate or evidence is insufficient.,,
ev_07ccc8a34a245ce9bce74dc793e03d39cb24c8e300f8cb270d0416ed6db4a38e,191162,1,15,15,operator_address_power,71.3,True,False,0.75,3,True,Evie,Evie,"227 Railway Terrace, Schofields NSW 2762",50.0,4,Coles Schofields,227 Railway Rerrace,,Schofields,,CCS (Type 2) | CHAdeMO,50,4,2,Operational,Public - Membership Required,$0.40/kWh,2023-07-15T11:54:00Z,Open Charge Map Contributors,auto_accept,High-confidence top candidate selected by operator_address_power.,,
ev_64f080b3aa82a5d314b0daf7bdee824d0b90b33e4f8b4d6719086b52643388da,272675,1,7,7,manual_review,1016.7,False,True,0.667,2,False,Everty,Evie,"228-234 Pacific Hwy, Swansea NSW, 2281",25.0,2,Swansea,152 Pacific Hwy,Swansea,,2281,CCS (Type 2) | CHAdeMO,50,4,2,Operational,Public - Membership Required,,2023-07-16T12:52:00Z,Open Charge Map Contributors,manual_review,Top candidate has partial evidence but does not satisfy the high-confidence rule.,,
ev_5f878250d286e193cdd566958d913d3895196de5f04a498fef9ef678d79fa60f,79490,1,16,7,operator_postcode_address,83.7,True,True,1.0,2,True,Tesla,Tesla (Tesla-only charging),"2285 Pacific Hwy, Heatherbrae, 2324",130.0,12,Heatherbrae Supercharger [Tesla],2285 Pacific Highway,,Heatherbrae,2324,CCS (Type 2),120,6,6,Operational,Public - Membership Required,$0.52/kWh,2021-12-19T02:07:00Z,Open Charge Map Contributors,auto_accept,High-confidence top candidate selected by operator_postcode_address.,,
ev_5f878250d286e193cdd566958d913d3895196de5f04a498fef9ef678d79fa60f,79311,2,9,,rejected_candidate,182245.0,True,False,0.5,1,True,Tesla,Tesla (Tesla-only charging),"2285 Pacific Hwy, Heatherbrae, 2324",130.0,12,Port Macquarie Supercharger [Tesla],764 Pacific Highway,,Port Macquarie,2444,CCS (Type 2),120,6,6,Operational,Public - Membership Required,AUD 0.52/kWh,2021-12-19T01:54:00Z,Open Charge Map Contributors,reject,Not the strongest candidate or evidence is insufficient.,,
ev_5f878250d286e193cdd566958d913d3895196de5f04a498fef9ef678d79fa60f,97619,3,9,,rejected_candidate,308742.4,True,False,0.5,1,True,Tesla,Tesla (Tesla-only charging),"2285 Pacific Hwy, Heatherbrae, 2324",130.0,12,Coffs Harbour Supercharger [Tesla],253 Pacific Highway,,Coffs Harbour,2450,CCS (Type 2),120,6,6,Operational,Public - Membership Required,$0.52/kWh,2021-12-19T01:50:00Z,Open Charge Map Contributors,reject,Not the strongest candidate or evidence is insufficient.,,
ev_5f878250d286e193cdd566958d913d3895196de5f04a498fef9ef678d79fa60f,460280,4,8,,rejected_candidate,430827.4,True,False,0.5,1,False,Tesla,Tesla (including non-tesla),"2285 Pacific Hwy, Heatherbrae, 2324",130.0,12,New Italy Tesla SuperCharger,8725 Pacific Motorway,,Richmond Valley New Italy,2472,CCS (Type 2),250,12,12,Operational,Public - Membership Required,,2025-08-25T07:52:00Z,Open Charge Map Contributors,reject,Not the strongest candidate or evidence is insufficient.,,
ev_5f878250d286e193cdd566958d913d3895196de5f04a498fef9ef678d79fa60f,297859,5,7,,rejected_candidate,2917.2,True,True,0.0,0,False,Tesla,Tesla (including non-tesla),"2285 Pacific Hwy, Heatherbrae, 2324",130.0,12,Terrace Central [Tesla],Glenelg Street,,Raymond Terrace,2324,CCS (Type 2),250,12,12,Operational,Public - Membership Required,$0.68/kWh,2026-03-05T09:39:00Z,Open Charge Map Contributors,reject,Not the strongest candidate or evidence is insufficient.,,
ev_9058aebc325026425ac8298419c48a62b010ae9c9aef4c667ec3da5612f0c8c9,272630,1,1,1,rejected_candidate,1604.9,False,False,0.0,0,True,JOLT,Evie,"230 Arden St, Sydney, 2034",50.0,2,Royal Randwick,73 Belmore Road,,Randwick,2031,CCS (Type 2) | CHAdeMO,50,4,2,Operational,Public - Membership Required,,2023-07-15T12:06:00Z,Open Charge Map Contributors,reject,Not the strongest candidate or evidence is insufficient.,,
ev_5f0a9c7f149dacf62be2998fd6544312f5ca91b9dda62452cfe0b68b294b5551,79490,1,9,0,manual_review,1005.9,False,True,1.0,2,False,BP,Tesla (Tesla-only charging),"2398 Pacific Hwy, Heatherbrae, 2324",75.0,2,Heatherbrae Supercharger [Tesla],2285 Pacific Highway,,Heatherbrae,2324,CCS (Type 2),120,6,6,Operational,Public - Membership Required,$0.52/kWh,2021-12-19T02:07:00Z,Open Charge Map Contributors,manual_review,Top candidate has partial evidence but does not satisfy the high-confidence rule.,,
ev_5f0a9c7f149dacf62be2998fd6544312f5ca91b9dda62452cfe0b68b294b5551,508148,2,9,,rejected_candidate,78212.4,True,False,0.5,1,True,BP,BP Pulse (AU),"2398 Pacific Hwy, Heatherbrae, 2324",75.0,2,Pacific Highway,Pacific Highway,Wyoming,,2250,CCS (Type 2) | CHAdeMO,60 | 150 | 300,7,6,Operational,Public - Membership Required,55c/kWh,2026-09-09T01:02:00Z,Open Charge Map Contributors,reject,Not the strongest candidate or evidence is insufficient.,,
ev_5f0a9c7f149dacf62be2998fd6544312f5ca91b9dda62452cfe0b68b294b5551,273433,3,9,,rejected_candidate,306416.7,True,False,0.5,1,True,BP,BP Pulse (AU),"2398 Pacific Hwy, Heatherbrae, 2324",75.0,2,Coffs Harbour [bp pulse],136 Pacific Highway,,Coffs Harbour,2450,CCS (Type 2) | CHAdeMO,75,2,1,Operational,Public - Membership Required,$0.55/kWh,2023-08-09T12:33:00Z,Open Charge Map Contributors,reject,Not the strongest candidate or evidence is insufficient.,,
ev_5f0a9c7f149dacf62be2998fd6544312f5ca91b9dda62452cfe0b68b294b5551,273432,4,9,,rejected_candidate,583860.0,True,False,0.5,1,True,BP,BP Pulse (AU),"2398 Pacific Hwy, Heatherbrae, 2324",75.0,2,bp pulse Loganholme,4080 Pacific Highway,,Loganholme,4129,CCS (Type 2) | CHAdeMO,75,4,1,Operational,Public - Membership Required,55c/kWh,2023-08-09T12:27:00Z,Open Charge Map Contributors,reject,Not the strongest candidate or evidence is insufficient.,,
ev_5f0a9c7f149dacf62be2998fd6544312f5ca91b9dda62452cfe0b68b294b5551,273434,5,9,,rejected_candidate,589226.5,True,False,0.5,1,True,BP,BP Pulse (AU),"2398 Pacific Hwy, Heatherbrae, 2324",75.0,2,Springwood [bp pulse],3388 Pacific Highway,,Springwood,4127,CHAdeMO | CCS (Type 2),75,2,1,Operational,Public - Membership Required,55c/kWh,2023-08-09T12:40:00Z,Open Charge Map Contributors,reject,Not the strongest candidate or evidence is insufficient.,,
ev_5f0a9c7f149dacf62be2998fd6544312f5ca91b9dda62452cfe0b68b294b5551,297859,6,3,,rejected_candidate,2229.7,False,True,0.0,0,False,BP,Tesla (including non-tesla),"2398 Pacific Hwy, Heatherbrae, 2324",75.0,2,Terrace Central [Tesla],Glenelg Street,,Raymond Terrace,2324,CCS (Type 2),250,12,12,Operational,Public - Membership Required,$0.68/kWh,2026-03-05T09:39:00Z,Open Charge Map Contributors,reject,Not the strongest candidate or evidence is insufficient.,,
ev_4c7cc8dd3b71579d91c636b09ad8fec0cbd4a70ad0a9f4dd4510befd7db75b85,190392,1,18,12,operator_postcode_address,29.3,True,True,1.0,3,True,Evie,Evie,"24 Cooper St, Macksville, 2447",350.0,4,Evie Macksville,24 Cooper St,Ampol Foodary,Macksville,2447,CCS (Type 2) | CHAdeMO,350,4,2,Operational,Public - Membership Required,$0.60 per kWh,2023-07-16T12:45:00Z,Open Charge Map Contributors,auto_accept,High-confidence top candidate selected by operator_postcode_address.,,
ev_4c7cc8dd3b71579d91c636b09ad8fec0cbd4a70ad0a9f4dd4510befd7db75b85,135413,2,6,,rejected_candidate,473.7,False,True,0.333,1,False,Evie,(Unknown Operator),"24 Cooper St, Macksville, 2447",350.0,4,River Street Car Park,Cnr River Street and Princess Street,,Macksville,2447,Type 2 (Socket Only),22,1,1,Operational,Public,Free,2019-12-20T08:52:00Z,Open Charge Map Contributors,reject,Not the strongest candidate or evidence is insufficient.,,
ev_e8b5e82f875b629239ab3ec696bca73dd020e91650cf480754c014c8514a8d42,266620,1,18,14,operator_postcode_address,8.5,True,True,0.75,3,True,Tesla,Tesla (Tesla-only charging),"24 Sallys Corner Rd, Exeter , 2579",250.0,6,Exeter Supercharger,Sallys Corner Rd,,Exeter,2579,CCS (Type 2),250,6,6,Operational,Public - Membership Required,$0.66/kWh,2023-06-08T12:43:00Z,Open Charge Map Contributors,auto_accept,High-confidence top candidate selected by operator_postcode_address.,,
ev_e8b5e82f875b629239ab3ec696bca73dd020e91650cf480754c014c8514a8d42,238124,2,4,,rejected_candidate,476.1,False,False,0.25,1,True,Tesla,Evie,"24 Sallys Corner Rd, Exeter , 2579",250.0,6,Sally’s Corner,Hume Hwy,,Sutton Forest Service Centre,,CCS (Type 2) | CHAdeMO,350,7,4,Operational,Public - Membership Required,65c per kWh energy consumed.,2023-07-12T22:58:00Z,Open Charge Map Contributors,reject,Not the strongest candidate or evidence is insufficient.,,
ev_692fa13ab82034a891fb291855fa9243fc6cacbd75babc2e65a762e90d046cb3,273436,1,18,16,operator_postcode_address,27.4,True,True,1.0,4,True,BP,BP Pulse (AU),"24-42 King Georges Rd, Sydney, 2195",75.0,2,Wiley Park [bp pulse],24-42 King Georges Road,,Wiley Park,2195,CCS (Type 2) | CHAdeMO,75,2,1,Operational,Public - Membership Required,55c/kWh,2023-08-09T12:50:00Z,Open Charge Map Contributors,auto_accept,High-confidence top candidate selected by operator_postcode_address.,,
ev_692fa13ab82034a891fb291855fa9243fc6cacbd75babc2e65a762e90d046cb3,272617,2,2,,rejected_candidate,1726.0,False,False,0.25,1,False,BP,Chargefox,"24-42 King Georges Rd, Sydney, 2195",75.0,2,ENGIE - Roselands Shopping Centre,24 Roselands Drive,,Roselands,2196,CCS (Type 2),120,2,2,Operational,Public - Membership Required,$0.45/kWh,2023-07-15T09:01:00Z,Open Charge Map Contributors,reject,Not the strongest candidate or evidence is insufficient.,,
ev_5cca0f37ff7365974f4f6023b672928e78f6c06078a39d2ccd02eba17af2e518,191160,1,5,2,manual_review,2988.0,True,False,0.0,0,True,Evie,Evie,"247 Belmore Rd, Riverwood NSW 2210",75.0,4,Bankstown [Evie],9-49 Chapel Road,,Bankstown,,CCS (Type 2) | CHAdeMO,50,4,2,Operational,Public - Membership Required,$0.40/kWh,2023-07-16T12:30:00Z,Open Charge Map Contributors,manual_review,Top candidate has partial evidence but does not satisfy the high-confidence rule.,,
ev_5cca0f37ff7365974f4f6023b672928e78f6c06078a39d2ccd02eba17af2e518,192687,2,3,,rejected_candidate,1675.4,False,True,0.0,0,False,Evie,Jolt,"247 Belmore Rd, Riverwood NSW 2210",75.0,4,Stanley St Peakhurst NSW,17-25 Stanley St,, Peakhurst ,2210,CCS (Type 2) | CHAdeMO,25,2,2,Operational,Public - Pay At Location,0.40,2023-06-06T12:14:00Z,Open Charge Map Contributors,reject,Not the strongest candidate or evidence is insufficient.,,
ev_5cca0f37ff7365974f4f6023b672928e78f6c06078a39d2ccd02eba17af2e518,272617,3,0,,rejected_candidate,2573.8,False,False,0.0,0,False,Evie,Chargefox,"247 Belmore Rd, Riverwood NSW 2210",75.0,4,ENGIE - Roselands Shopping Centre,24 Roselands Drive,,Roselands,2196,CCS (Type 2),120,2,2,Operational,Public - Membership Required,$0.45/kWh,2023-07-15T09:01:00Z,Open Charge Map Contributors,reject,Not the strongest candidate or evidence is insufficient.,,
ev_5cca0f37ff7365974f4f6023b672928e78f6c06078a39d2ccd02eba17af2e518,308738,4,0,,rejected_candidate,2995.1,False,False,0.0,0,False,Evie,Tesla (including non-tesla),"247 Belmore Rd, Riverwood NSW 2210",75.0,4,Tesla Supercharger Bankstown,Chapel Road,,Bankstown,,CCS (Type 2),250,6,6,Operational,Public - Membership Required,$0.69/kWh,2025-03-04T03:29:00Z,Open Charge Map Contributors,reject,Not the strongest candidate or evidence is insufficient.,,
ev_245d7ecb73e9de3d612b678cbc5e53df22092558806ca26330921ddf915e6d86,272637,1,18,14,operator_postcode_address,13.5,True,True,1.0,4,True,Evie,Evie,"25 Frenchs Forest Rd E, Frenchs Forest NSW 2086",150.0,4,Allambie Grove Business Park,25 Frenchs Forest Rd E,,Frenchs Forest,2086,CCS (Type 2),150,4,4,Operational,Public - Membership Required,,2026-09-14T05:28:00Z,Open Charge Map Contributors,auto_accept,High-confidence top candidate selected by operator_postcode_address.,,
ev_245d7ecb73e9de3d612b678cbc5e53df22092558806ca26330921ddf915e6d86,298207,2,4,,rejected_candidate,2948.9,False,False,0.5,2,False,Evie,(Unknown Operator),"25 Frenchs Forest Rd E, Frenchs Forest NSW 2086",150.0,4,Opposite Malbara Crescent,Blackbutts Road,,Frenchs Forest,2085,Unknown,,1,1,Operational,Public - Membership Required,,2024-05-10T08:24:00Z,Open Charge Map Contributors,reject,Not the strongest candidate or evidence is insufficient.,,
ev_245d7ecb73e9de3d612b678cbc5e53df22092558806ca26330921ddf915e6d86,298208,3,4,,rejected_candidate,2948.9,False,False,0.667,2,False,Evie,(Unknown Operator),"25 Frenchs Forest Rd E, Frenchs Forest NSW 2086",150.0,4,Blackbutts Road,Blackbutts Road,,Frenchs Forest,2085,CCS (Type 2),,1,1,Operational,Public - Membership Required,,2024-05-10T08:24:00Z,Open Charge Map Contributors,reject,Not the strongest candidate or evidence is insufficient.,,
ev_0f287c7284d21a11f877dad1ae542215883974400c050cc5eab296c9cae7f278,307990,1,13,6,operator_address_power,43.8,True,False,0.667,2,True,Chargefox,Chargefox,"250 Comur St, Yass, 2582",47.0,4,Woolworths Yass,Comur Street,,Yass,,CCS (Type 2),50,4,4,Operational,Public - Membership Required,,2025-01-23T07:44:00Z,Open Charge Map Contributors,auto_accept,High-confidence top candidate selected by operator_address_power.,,
ev_0f287c7284d21a11f877dad1ae542215883974400c050cc5eab296c9cae7f278,296045,2,7,,rejected_candidate,214.2,False,True,0.333,1,False,Chargefox,Tesla (including non-tesla),"250 Comur St, Yass, 2582",47.0,4,Tesla Superchargers Yass,Lead Street,,Yass,2582,CCS (Type 2),250,12,1,Operational,Public - Membership Required,$0.52/kWh,2024-03-06T09:49:00Z,Open Charge Map Contributors,reject,Not the strongest candidate or evidence is insufficient.,,
ev_0f287c7284d21a11f877dad1ae542215883974400c050cc5eab296c9cae7f278,190005,3,7,,rejected_candidate,550.9,False,True,0.333,1,True,Chargefox,NRMA,"250 Comur St, Yass, 2582",47.0,4,Banjo Paterson Park [NRMA],81 Meehan Street,,Yass,2582,CCS (Type 2) | CHAdeMO,50,2,1,Operational,Public - Membership Required,FREE,2021-12-19T02:14:00Z,Open Charge Map Contributors,reject,Not the strongest candidate or evidence is insufficient.,,
ev_0f287c7284d21a11f877dad1ae542215883974400c050cc5eab296c9cae7f278,190410,4,6,,rejected_candidate,463.6,False,True,0.333,1,False,Chargefox,(Unknown Operator),"250 Comur St, Yass, 2582",47.0,4,Yass Soldiers Club,86 Meehan St,,Yass,2582,Type 2 (Tethered Connector) ,22,1,1,Operational,"Private - For Staff, Visitors or Customers",FREE,2022-02-09T13:09:00Z,Open Charge Map Contributors,reject,Not the strongest candidate or evidence is insufficient.,,
ev_ae66468491cafa54e2f15edd06c201c95b3ac2c8e6759a28584900ba612ecab2,97619,1,18,8,operator_postcode_address,0.1,True,True,1.0,4,True,Tesla,Tesla (Tesla-only charging),"253 Pacific Hwy, Coffs Harbour, 2450",130.0,12,Coffs Harbour Supercharger [Tesla],253 Pacific Highway,,Coffs Harbour,2450,CCS (Type 2),120,6,6,Operational,Public - Membership Required,$0.52/kWh,2021-12-19T01:50:00Z,Open Charge Map Contributors,auto_accept,High-confidence top candidate selected by operator_postcode_address.,,
ev_ae66468491cafa54e2f15edd06c201c95b3ac2c8e6759a28584900ba612ecab2,172852,2,10,,rejected_candidate,5707.1,False,True,0.75,3,True,Tesla,Chargefox,"253 Pacific Hwy, Coffs Harbour, 2450",130.0,12,Coffs Harbour [Chargefox],Pacific Highway,,North Boambee Valley,2450,CCS (Type 2) | CHAdeMO,100 | 350,4,2,Operational,Public,$0.60/kWh,2023-07-13T22:16:00Z,Open Charge Map Contributors,reject,Not the strongest candidate or evidence is insufficient.,,
ev_ae66468491cafa54e2f15edd06c201c95b3ac2c8e6759a28584900ba612ecab2,474459,3,9,,rejected_candidate,819.2,False,True,0.75,3,False,Tesla,(Unknown Operator),"253 Pacific Hwy, Coffs Harbour, 2450",130.0,12,Big Banana Tesla Supercharger,351 Pacific Highway,,Coffs Harbour,2450,CCS (Type 2),300,2,16,Operational,Public - Membership Required,,2026-09-12T22:44:00Z,Open Charge Map Contributors,reject,Not the strongest candidate or evidence is insufficient.,,
ev_ae66468491cafa54e2f15edd06c201c95b3ac2c8e6759a28584900ba612ecab2,273433,4,9,,rejected_candidate,1715.2,False,True,0.75,3,False,Tesla,BP Pulse (AU),"253 Pacific Hwy, Coffs Harbour, 2450",130.0,12,Coffs Harbour [bp pulse],136 Pacific Highway,,Coffs Harbour,2450,CCS (Type 2) | CHAdeMO,75,2,1,Operational,Public - Membership Required,$0.55/kWh,2023-08-09T12:33:00Z,Open Charge Map Contributors,reject,Not the strongest candidate or evidence is insufficient.,,
ev_ae66468491cafa54e2f15edd06c201c95b3ac2c8e6759a28584900ba612ecab2,311704,5,7,,rejected_candidate,8739.5,True,True,0.0,0,False,Tesla,Tesla (including non-tesla),"253 Pacific Hwy, Coffs Harbour, 2450",130.0,12,Moonee Beach,2 Moonee Beach Rd,,Moonee Beach,2450,CCS (Type 2),250,15,15,Operational,Public - Membership Required,$0.56/kWh,2025-04-28T11:06:00Z,Open Charge Map Contributors,reject,Not the strongest candidate or evidence is insufficient.,,
ev_8829f26ef02d7c7033ac69ab5fae62cb200dcbc2bfc48fe6908c071103f2cc70,272615,1,3,3,rejected_candidate,2659.1,False,True,0.0,0,False,JOLT,Chargefox,"25-47 Ocean St, Sydney, 2101",25.0,2,ENGIE - Warriewood Square,12 Jacksons Road,,Warriewood,2101,CCS (Type 2),120,2,2,Operational,Public - Membership Required,$0.45/kWh,2023-07-15T07:59:00Z,Open Charge Map Contributors,reject,Not the strongest candidate or evidence is insufficient.,,
ev_a622f5bebf9f8e47788fcd9d447a0063553e0680a5bd85fbefb2ed11925c7f10,97619,1,12,3,operator_postcode_address,691.8,True,True,0.5,2,False,Tesla,Tesla (Tesla-only charging),"26 Aspect Dr, Coffs Harbour, 2450",60.0,4,Coffs Harbour Supercharger [Tesla],253 Pacific Highway,,Coffs Harbour,2450,CCS (Type 2),120,6,6,Operational,Public - Membership Required,$0.52/kWh,2021-12-19T01:50:00Z,Open Charge Map Contributors,auto_accept,High-confidence top candidate selected by operator_postcode_address.,,
ev_a622f5bebf9f8e47788fcd9d447a0063553e0680a5bd85fbefb2ed11925c7f10,474459,2,9,,rejected_candidate,136.2,False,True,0.5,2,False,Tesla,(Unknown Operator),"26 Aspect Dr, Coffs Harbour, 2450",60.0,4,Big Banana Tesla Supercharger,351 Pacific Highway,,Coffs Harbour,2450,CCS (Type 2),300,2,16,Operational,Public - Membership Required,,2026-09-12T22:44:00Z,Open Charge Map Contributors,reject,Not the strongest candidate or evidence is insufficient.,,
ev_a622f5bebf9f8e47788fcd9d447a0063553e0680a5bd85fbefb2ed11925c7f10,273433,3,8,,rejected_candidate,2250.7,False,True,0.5,2,True,Tesla,BP Pulse (AU),"26 Aspect Dr, Coffs Harbour, 2450",60.0,4,Coffs Harbour [bp pulse],136 Pacific Highway,,Coffs Harbour,2450,CCS (Type 2) | CHAdeMO,75,2,1,Operational,Public - Membership Required,$0.55/kWh,2023-08-09T12:33:00Z,Open Charge Map Contributors,reject,Not the strongest candidate or evidence is insufficient.,,
ev_a622f5bebf9f8e47788fcd9d447a0063553e0680a5bd85fbefb2ed11925c7f10,172852,4,7,,rejected_candidate,6233.0,False,True,0.5,2,False,Tesla,Chargefox,"26 Aspect Dr, Coffs Harbour, 2450",60.0,4,Coffs Harbour [Chargefox],Pacific Highway,,North Boambee Valley,2450,CCS (Type 2) | CHAdeMO,100 | 350,4,2,Operational,Public,$0.60/kWh,2023-07-13T22:16:00Z,Open Charge Map Contributors,reject,Not the strongest candidate or evidence is insufficient.,,
ev_a622f5bebf9f8e47788fcd9d447a0063553e0680a5bd85fbefb2ed11925c7f10,311704,5,7,,rejected_candidate,8057.7,True,True,0.0,0,False,Tesla,Tesla (including non-tesla),"26 Aspect Dr, Coffs Harbour, 2450",60.0,4,Moonee Beach,2 Moonee Beach Rd,,Moonee Beach,2450,CCS (Type 2),250,15,15,Operational,Public - Membership Required,$0.56/kWh,2025-04-28T11:06:00Z,Open Charge Map Contributors,reject,Not the strongest candidate or evidence is insufficient.,,
ev_a163a343b88ac14a7487c9a2b3f79a4bd365973c6ce4052654f1da68e97b1aa7,272618,1,0,0,rejected_candidate,2525.9,False,False,0.0,0,False,Evie,Chargefox,"26 Bent St, Sydney, 2137",75.0,2,ENGIE - DFO Homebush,3 -5 Underwood Road,,Homebush,2140,CCS (Type 2),120,2,2,Operational,Public - Membership Required,$0.45/kWh,2023-07-16T13:41:00Z,Open Charge Map Contributors,reject,Not the strongest candidate or evidence is insufficient.,,
ev_9867e00742a07ac870361adfd69334d775ce64681c234f7e52bd7553964fb5b8,190683,1,14,5,operator_postcode_address,494538.8,True,True,1.0,3,True,NRMA,NRMA,"26 Neilly St, Walgett, NSW 2832, Australia",75.0,2,Walgett [NRMA],26 Neilly Street,,Walgett,2832,CCS (Type 2) | CHAdeMO,50,2,1,Operational,Public - Membership Required,FREE,2021-12-17T04:13:00Z,Open Charge Map Contributors,auto_accept,High-confidence top candidate selected by operator_postcode_address.,,
ev_9867e00742a07ac870361adfd69334d775ce64681c234f7e52bd7553964fb5b8,260392,2,9,,rejected_candidate,29.4,True,False,0.0,0,True,NRMA,NRMA,"26 Neilly St, Walgett, NSW 2832, Australia",75.0,2,Little Walker Street,Little Walker Street,,,2470,CCS (Type 2) | CHAdeMO,50,4,2,Operational,Public,,2023-04-23T10:48:00Z,Open Charge Map Contributors,reject,Not the strongest candidate or evidence is insufficient.,,
ev_783787cf59dea4fbcbf17afea760eeb0bf5142b9a07c314abf3cbdbbff4db273,273935,1,0,0,rejected_candidate,2691.3,False,False,0.0,0,False,Evie,Chargefox,"260 Jersey Rd, Plumpton NSW 2761",75.0,4,The Mount Druitt Hub,Ayres Grove Carpark,,Mount Druitt,2770,Type 2 (Socket Only),7.4,1,1,Operational,Public - Membership Required,,2023-09-06T03:31:00Z,Open Charge Map Contributors,reject,Not the strongest candidate or evidence is insufficient.,,
ev_783787cf59dea4fbcbf17afea760eeb0bf5142b9a07c314abf3cbdbbff4db273,273933,2,0,,rejected_candidate,2897.8,False,False,0.0,0,False,Evie,Chargefox,"260 Jersey Rd, Plumpton NSW 2761",75.0,4,Chargefox,Level 4,Rooty Hill Station Commuter Carpark,Rooty Hill,2766,Type 2 (Socket Only),7.4,10,10,Partly Operational (Mixed),Public - Membership Required,,2023-09-06T03:31:00Z,Open Charge Map Contributors,reject,Not the strongest candidate or evidence is insufficient.,,
ev_8488cd5fb77e82c931f863b4b4f560fc3086eec4cae8d9c8cfd37694f9b243b9,272641,1,18,11,operator_postcode_address,0.0,True,True,1.0,3,True,Evie,Evie,"260A Liverpool Rd, Ashfield NSW 2131",50.0,4,Ashfield Mall,260A Liverpool Rd,,Ashfield,2131,CCS (Type 2) | CHAdeMO,50,4,2,Operational,Public - Membership Required,,2023-07-15T13:50:00Z,Open Charge Map Contributors,auto_accept,High-confidence top candidate selected by operator_postcode_address.,,
ev_8488cd5fb77e82c931f863b4b4f560fc3086eec4cae8d9c8cfd37694f9b243b9,272684,2,7,,rejected_candidate,1732.2,True,False,0.333,1,True,Evie,Evie,"260A Liverpool Rd, Ashfield NSW 2131",50.0,4,BP Ashfield,586A Parramatta Rd,,Croydon,2132,CCS (Type 2) | CHAdeMO,50,4,2,Operational,Public - Membership Required,,2023-07-16T21:56:00Z,Open Charge Map Contributors,reject,Not the strongest candidate or evidence is insufficient.,,
ev_8488cd5fb77e82c931f863b4b4f560fc3086eec4cae8d9c8cfd37694f9b243b9,272673,3,5,,rejected_candidate,2529.7,True,False,0.0,0,True,Evie,Evie,"260A Liverpool Rd, Ashfield NSW 2131",50.0,4,Leichhardt Marketplace,128 Flood Street,,Leichhardt,2040,CCS (Type 2) | CHAdeMO,50,4,2,Operational,Public - Membership Required,,2023-07-16T12:44:00Z,Open Charge Map Contributors,reject,Not the strongest candidate or evidence is insufficient.,,
ev_8488cd5fb77e82c931f863b4b4f560fc3086eec4cae8d9c8cfd37694f9b243b9,157457,4,0,,rejected_candidate,2502.8,False,False,0.0,0,False,Evie,EO Charging,"260A Liverpool Rd, Ashfield NSW 2131",50.0,4,Charles Street Parking/Charging,10B Charles St,2193,Canterbury,,Type 2 (Socket Only),7,1,1,Operational,Public,Free,2020-06-10T21:39:00Z,Open Charge Map Contributors,reject,Not the strongest candidate or evidence is insufficient.,,
ev_8488cd5fb77e82c931f863b4b4f560fc3086eec4cae8d9c8cfd37694f9b243b9,157463,5,0,,rejected_candidate,2709.5,False,False,0.0,0,False,Evie,EO Charging,"260A Liverpool Rd, Ashfield NSW 2131",50.0,4,Canterbury Bankstown Council,21 Shakespeare St,,Campsie,2194,Type 2 (Socket Only),7,2,2,Operational,Public,Free,2020-06-09T06:22:00Z,Open Charge Map Contributors,reject,Not the strongest candidate or evidence is insufficient.,,
ev_3a408cf1e9ca5c81f7ad0e8de13725bb7b6354be9ec9f2346bc463ad8b44c904,128195,1,6,6,combined_evidence,464.5,False,True,0.4,2,False,Evie,ChargePoint,"27-33 Oaks Ave, Dee Why NSW 2099",150.0,4,PCYC Car Park,Civic Parade,,Dee Why,2099,Type 1 (J1772) | Tesla (Model S/X) | Type 2 (Socket Only),7,6,2,Operational,Public - Membership Required,Free,2021-11-17T09:59:00Z,Open Charge Map Contributors,auto_accept,High-confidence top candidate selected by combined_evidence.,,
ev_d3448439265646ffef014a0dbe5af4556bde54af215b209462ed469e8bda8488,190915,1,9,9,close_coordinates_plus_identity,41.6,True,False,0.0,0,True,NRMA,NRMA,"28 Auburn Street, Moree, NSW 2400, Australia",50.0,2,NRMA Jerilderie,Powell Street,,Jerilderie,2716,CCS (Type 2) | CHAdeMO,50,2,1,Operational,Public,FREE,2022-01-04T11:52:00Z,Open Charge Map Contributors,auto_accept,High-confidence top candidate selected by close_coordinates_plus_identity.,,
ev_067307a4285c0091bdd248c44cc6a3e3022f044b9616e611db7e31b1f3f7d09a,273195,1,13,13,close_coordinates_plus_identity,18.5,False,True,0.75,3,False,EVUp,Chargefox,"28 Lawson St, Byron Bay, 2481",100.0,2,Byron Bay Library,Lawson Street,,Byron Bay,2481,CCS (Type 2) | CHAdeMO,50,2,1,Operational,Public - Membership Required,$0.40 per kWh,2023-07-28T12:55:00Z,Open Charge Map Contributors,auto_accept,High-confidence top candidate selected by close_coordinates_plus_identity.,,
ev_f6a1e98bc1cc8df6bcc3de94e85cbfa099d9bd86a30cc9cd4171be7b9f5bf809,190224,1,13,4,close_coordinates_plus_identity,63.4,True,False,0.5,1,True,Evie,Evie,"2848 Pacific Hwy, Tyndale NSW, 2464",350.0,4,Tyndale Shell Roadhouse,2848 Big River Way,,Tyndale,2460,CCS (Type 2) | CHAdeMO,350,4,2,Operational,Public - Membership Required,$0.60,2023-07-16T22:10:00Z,Open Charge Map Contributors,auto_accept,High-confidence top candidate selected by close_coordinates_plus_identity.,,
ev_f6a1e98bc1cc8df6bcc3de94e85cbfa099d9bd86a30cc9cd4171be7b9f5bf809,190350,2,9,,rejected_candidate,190349.0,True,False,0.5,1,True,Evie,Evie,"2848 Pacific Hwy, Tyndale NSW, 2464",350.0,4,Coles Express Coomera,487 Old Pacific Hwy,,Coomera,,CCS (Type 2) | CHAdeMO,350,4,2,Operational,Public - Membership Required,$0.60 per kWh,2023-07-15T13:32:00Z,Open Charge Map Contributors,reject,Not the strongest candidate or evidence is insufficient.,,
ev_f6a1e98bc1cc8df6bcc3de94e85cbfa099d9bd86a30cc9cd4171be7b9f5bf809,272671,3,8,,rejected_candidate,171820.7,True,False,0.5,1,False,Evie,Evie,"2848 Pacific Hwy, Tyndale NSW, 2464",350.0,4,Pacific Fair,"2726 Hooker Blvd , QLD 4218",,Broadbeach,4218,CCS (Type 2) | CHAdeMO,50,4,2,Operational,Public - Membership Required,,2023-07-16T12:38:00Z,Open Charge Map Contributors,reject,Not the strongest candidate or evidence is insufficient.,,
ev_f6a1e98bc1cc8df6bcc3de94e85cbfa099d9bd86a30cc9cd4171be7b9f5bf809,272675,4,8,,rejected_candidate,417255.1,True,False,0.5,1,False,Evie,Evie,"2848 Pacific Hwy, Tyndale NSW, 2464",350.0,4,Swansea,152 Pacific Hwy,Swansea,,2281,CCS (Type 2) | CHAdeMO,50,4,2,Operational,Public - Membership Required,,2023-07-16T12:52:00Z,Open Charge Map Contributors,reject,Not the strongest candidate or evidence is insufficient.,,
ev_8a2bedcbb47ee3df88d3dfb871afd48ad111790a24ec25ec3d69071affa8aa01,265390,1,0,0,rejected_candidate,2370.7,False,False,0.0,0,False,JOLT,Evie,"29 Windsor Rd, Sydney, 2155",25.0,2,HomeCo Castle Hill,18 Victoria Avenue,,Castle Hill,2154,CCS (Type 2) | CHAdeMO,50,4,2,Operational,Public - Membership Required,$0.45 per kWh. Parking overstay charges may apply,2023-07-15T14:02:00Z,Open Charge Map Contributors,reject,Not the strongest candidate or evidence is insufficient.,,
ev_71e3c6013daae0a4a7f438cbb1c896c4467dddb2b7a39ff7adce614ddb0823c1,192687,1,8,8,manual_review,1731.8,True,True,0.0,0,True,JOLT,Jolt,"293 Belmore Rd, Sydney, 2210",25.0,2,Stanley St Peakhurst NSW,17-25 Stanley St,, Peakhurst ,2210,CCS (Type 2) | CHAdeMO,25,2,2,Operational,Public - Pay At Location,0.40,2023-06-06T12:14:00Z,Open Charge Map Contributors,manual_review,Top candidate has partial evidence but does not satisfy the high-confidence rule.,,
ev_71e3c6013daae0a4a7f438cbb1c896c4467dddb2b7a39ff7adce614ddb0823c1,272617,2,0,,rejected_candidate,2367.1,False,False,0.0,0,False,JOLT,Chargefox,"293 Belmore Rd, Sydney, 2210",25.0,2,ENGIE - Roselands Shopping Centre,24 Roselands Drive,,Roselands,2196,CCS (Type 2),120,2,2,Operational,Public - Membership Required,$0.45/kWh,2023-07-15T09:01:00Z,Open Charge Map Contributors,reject,Not the strongest candidate or evidence is insufficient.,,
ev_71e3c6013daae0a4a7f438cbb1c896c4467dddb2b7a39ff7adce614ddb0823c1,191160,3,0,,rejected_candidate,2898.3,False,False,0.0,0,False,JOLT,Evie,"293 Belmore Rd, Sydney, 2210",25.0,2,Bankstown [Evie],9-49 Chapel Road,,Bankstown,,CCS (Type 2) | CHAdeMO,50,4,2,Operational,Public - Membership Required,$0.40/kWh,2023-07-16T12:30:00Z,Open Charge Map Contributors,reject,Not the strongest candidate or evidence is insufficient.,,
ev_71e3c6013daae0a4a7f438cbb1c896c4467dddb2b7a39ff7adce614ddb0823c1,308738,4,0,,rejected_candidate,2918.4,False,False,0.0,0,False,JOLT,Tesla (including non-tesla),"293 Belmore Rd, Sydney, 2210",25.0,2,Tesla Supercharger Bankstown,Chapel Road,,Bankstown,,CCS (Type 2),250,6,6,Operational,Public - Membership Required,$0.69/kWh,2025-03-04T03:29:00Z,Open Charge Map Contributors,reject,Not the strongest candidate or evidence is insufficient.,,
ev_37b5157ea5153add0ebf9703e9712ec28345b561edd3d2a8bd758233ad289a15,126130,1,15,15,operator_postcode_address,16.9,True,True,0.5,2,False,NRMA,NRMA,"29-55 Twynam St, Narrandera, 2700",180.0,4,Narrandera Marie Bashir Park [NRMA],31 Twynam Street,,Narrandera,2700,CHAdeMO | CCS (Type 2),50,,1,Operational,Public - Membership Required,$0.66/kWh,2024-11-12T12:09:00Z,Open Charge Map Contributors,auto_accept,High-confidence top candidate selected by operator_postcode_address.,,
ev_fec3786fd162daf6c650bb038f72995c75a793ceed095b04a6f6435541821e68,126130,1,14,14,operator_postcode_address,203.7,True,True,0.5,2,True,NRMA,NRMA,"29-55 Twynam St, Narrandera, 2700",50.0,2,Narrandera Marie Bashir Park [NRMA],31 Twynam Street,,Narrandera,2700,CHAdeMO | CCS (Type 2),50,,1,Operational,Public - Membership Required,$0.66/kWh,2024-11-12T12:09:00Z,Open Charge Map Contributors,auto_accept,High-confidence top candidate selected by operator_postcode_address.,,
ev_58f80009316380c0cbbab396d3e644addc2aeb193d9195d63fc47ec25dd40183,157566,1,18,5,operator_postcode_address,12.9,True,True,1.0,4,True,NRMA,NRMA,"2A Beach Rd, Batemans Bay, 2536",50.0,2,Batemans Bay Visitor Centre [NRMA],2A Beach Road,,Batemans Bay,2536,CCS (Type 2) | CHAdeMO,50,2,1,Operational,Public,,2021-12-19T02:29:00Z,Open Charge Map Contributors,auto_accept,High-confidence top candidate selected by operator_postcode_address.,,
ev_58f80009316380c0cbbab396d3e644addc2aeb193d9195d63fc47ec25dd40183,209950,2,13,,rejected_candidate,218.6,True,True,0.5,2,False,NRMA,NRMA,"2A Beach Rd, Batemans Bay, 2536",50.0,2,Batemans Bay Regional Arts Aquatic & Leisure Centre [NRMA],12 Vesper Street,,Batemans Bay,2536,CHAdeMO | CCS (Type 2),75,4,2,Operational,Public - Membership Required,FREE,2022-11-16T10:13:00Z,Open Charge Map Contributors,reject,Not the strongest candidate or evidence is insufficient.,,
ev_58f80009316380c0cbbab396d3e644addc2aeb193d9195d63fc47ec25dd40183,190706,3,9,,rejected_candidate,264.6,False,True,0.5,2,True,NRMA,Evie,"2A Beach Rd, Batemans Bay, 2536",50.0,2,Dan Murphy's,51 Orient Street,,Batemans Bay,2536,CCS (Type 2) | CHAdeMO,50,2,1,Operational,Public - Membership Required,50c per kWh energy consumed.,2023-07-12T22:38:00Z,Open Charge Map Contributors,reject,Not the strongest candidate or evidence is insufficient.,,
ev_58f80009316380c0cbbab396d3e644addc2aeb193d9195d63fc47ec25dd40183,272603,4,5,,rejected_candidate,3195.7,False,True,0.25,1,False,NRMA,Chargefox,"2A Beach Rd, Batemans Bay, 2536",50.0,2,The Isla,222 Beach Road,,Batehaven,2536,Type 2 (Socket Only),7,1,1,Operational,Public - Membership Required,$0.60/kWh,2023-07-15T06:56:00Z,Open Charge Map Contributors,reject,Not the strongest candidate or evidence is insufficient.,,
ev_9bcb90f43d67ee9e988a609a2d405ef172628b1b8cf4ac692f398372fd97bc37,190679,1,14,5,operator_postcode_address,157126.3,True,True,1.0,3,True,NRMA,NRMA,"3 Broomfield St, Cobar, NSW 2835, Australia",50.0,2,Cobar [NRMA],3 Broomfield Street,,Cobar,2835,CCS (Type 2) | CHAdeMO,50,2,1,Operational,Public - Membership Required,FREE,2022-01-08T10:59:00Z,Open Charge Map Contributors,auto_accept,High-confidence top candidate selected by operator_postcode_address.,,
ev_9bcb90f43d67ee9e988a609a2d405ef172628b1b8cf4ac692f398372fd97bc37,190681,2,9,,rejected_candidate,0.5,True,False,0.0,0,True,NRMA,NRMA,"3 Broomfield St, Cobar, NSW 2835, Australia",50.0,2,Bourke [NRMA],15 Mitchell St,,Bourke,2840,CCS (Type 2) | CHAdeMO,50,2,1,Planned For Future Date,Public,"Free currently, join NRMA as a thank you.",2021-12-17T03:45:00Z,Open Charge Map Contributors,reject,Not the strongest candidate or evidence is insufficient.,,
ev_389629dbf64bd57c06e3d7c00018a83e8450d5d387dc6e6535ff7e550befb7c3,191183,1,3,3,rejected_candidate,2720.9,False,False,0.25,1,True,Chargefox,NRMA,"3 Corkhill Pl, Bega, 2550",42.0,2,NRMA Bega,Church Street Carpark,81 Gipps Street,Bega,,CCS (Type 2),50,2,1,Operational,Public - Membership Required,$0.74/kWh,2026-07-15T00:58:00Z,Open Charge Map Contributors,reject,Not the strongest candidate or evidence is insufficient.,,
ev_01851615c3c5b390b5c07046597eefe4f0162f33e5514dc2ca91549e3aecc73b,190417,1,4,2,rejected_candidate,2321.5,False,False,0.5,2,False,Evie,(Unknown Operator),"3 George St, North Strathfield NSW 2137",75.0,4,Richmond Tavistock No. 3 [Jolt],19 Richmond Road,Strathfield,Sydney,2135,CCS (Type 2) | CHAdeMO,25,2,1,Operational,Public,"Free up to 7kWh, charges thereafter",2022-01-25T14:22:00Z,Open Charge Map Contributors,reject,Not the strongest candidate or evidence is insufficient.,,
ev_01851615c3c5b390b5c07046597eefe4f0162f33e5514dc2ca91549e3aecc73b,272618,2,2,,rejected_candidate,1499.2,False,False,0.25,1,False,Evie,Chargefox,"3 George St, North Strathfield NSW 2137",75.0,4,ENGIE - DFO Homebush,3 -5 Underwood Road,,Homebush,2140,CCS (Type 2),120,2,2,Operational,Public - Membership Required,$0.45/kWh,2023-07-16T13:41:00Z,Open Charge Map Contributors,reject,Not the strongest candidate or evidence is insufficient.,,
ev_01851615c3c5b390b5c07046597eefe4f0162f33e5514dc2ca91549e3aecc73b,191394,3,1,,rejected_candidate,2686.0,False,False,0.0,0,True,Evie,NRMA,"3 George St, North Strathfield NSW 2137",75.0,4,NRMA Olympic Park,9 Murray Rose Ave,,Sydney Olympic Park,2127,CCS (Type 2) | CHAdeMO,50,2,1,Operational,Public,Free,2022-02-09T13:05:00Z,Open Charge Map Contributors,reject,Not the strongest candidate or evidence is insufficient.,,
ev_f4bbac3784fdf76314d93963e41a15e29d908be09a0ed53388cd50c6573d22b4,272684,1,2,2,rejected_candidate,1816.3,False,False,0.333,1,False,JOLT,Evie,"302-312 Parramatta Rd, Sydney, 2134",25.0,2,BP Ashfield,586A Parramatta Rd,,Croydon,2132,CCS (Type 2) | CHAdeMO,50,4,2,Operational,Public - Membership Required,,2023-07-16T21:56:00Z,Open Charge Map Contributors,reject,Not the strongest candidate or evidence is insufficient.,,
ev_f4bbac3784fdf76314d93963e41a15e29d908be09a0ed53388cd50c6573d22b4,272641,2,0,,rejected_candidate,2661.4,False,False,0.0,0,False,JOLT,Evie,"302-312 Parramatta Rd, Sydney, 2134",25.0,2,Ashfield Mall,260A Liverpool Rd,,Ashfield,2131,CCS (Type 2) | CHAdeMO,50,4,2,Operational,Public - Membership Required,,2023-07-15T13:50:00Z,Open Charge Map Contributors,reject,Not the strongest candidate or evidence is insufficient.,,
ev_694f8b612c8bd04be58a8986b035f191defda72b4f97ff79cf8bf9050b84da8a,508148,1,6,6,manual_review,160.2,False,True,0.0,0,True,Chargefox,BP Pulse (AU),"303 Henry Parry Dr, Central Coast, 2250",60.0,2,Pacific Highway,Pacific Highway,Wyoming,,2250,CCS (Type 2) | CHAdeMO,60 | 150 | 300,7,6,Operational,Public - Membership Required,55c/kWh,2026-09-09T01:02:00Z,Open Charge Map Contributors,manual_review,Top candidate has partial evidence but does not satisfy the high-confidence rule.,,
ev_b92182ca65c5fcaaf5d1e06fe45cb95828fecba3fc85fce079ea2555fb74a97f,90199,1,7,4,combined_evidence,570.4,True,False,0.25,1,False,Tesla,Tesla (Tesla-only charging),"30-36 Sharp St, Cooma, 2630",250.0,10,Cooma Supercharger,85-91 Commissioner Street,,Cooma,NSW 2630,CCS (Type 2),120,4,4,Operational,Public - Membership Required,AUD 0.42/kWh;other tariffs for older cars,2019-03-22T18:03:00Z,Open Charge Map Contributors,auto_accept,High-confidence top candidate selected by combined_evidence.,,
ev_b92182ca65c5fcaaf5d1e06fe45cb95828fecba3fc85fce079ea2555fb74a97f,190362,2,3,,rejected_candidate,1589.4,False,False,0.25,1,True,Tesla,Chargefox,"30-36 Sharp St, Cooma, 2630",250.0,10,ChargeFox Cooma,Snowy Hydro Discovery Centre,4-10 Yulin Ave,Cooma ,,CHAdeMO | CCS (Type 2),50 | 350,4,3,Operational,Public - Membership Required,AUD 0.65 per kWh,2023-07-05T13:14:00Z,Open Charge Map Contributors,reject,Not the strongest candidate or evidence is insufficient.,,
ev_9e46ae94fa2e9d4f409406380b70dda988e0fe5373390cd88f3ef8ea0647bab0,272617,1,1,1,rejected_candidate,2718.6,False,False,0.0,0,True,Exploren,Chargefox,"30A Richland St, Sydney, 2208",120.0,2,ENGIE - Roselands Shopping Centre,24 Roselands Drive,,Roselands,2196,CCS (Type 2),120,2,2,Operational,Public - Membership Required,$0.45/kWh,2023-07-15T09:01:00Z,Open Charge Map Contributors,reject,Not the strongest candidate or evidence is insufficient.,,
ev_407dbb0e53878271bda79b0a8c3c8f5098732cb7ded32bc40bb41c5b9a5e3969,168913,1,9,8,combined_evidence,243.3,False,True,0.5,1,False,Exploren,(Business Owner at Location),"316 Victoria Rd, Sydney, 2116",120.0,2,Abbott Road,19/287 Victoria Road,,Rydalmere,2116,Unknown,,1,1,Operational,(Unknown),,2021-07-02T10:48:00Z,Open Charge Map Contributors,auto_accept,High-confidence top candidate selected by combined_evidence.,,
ev_407dbb0e53878271bda79b0a8c3c8f5098732cb7ded32bc40bb41c5b9a5e3969,273428,2,1,,rejected_candidate,1513.0,False,False,0.0,0,True,Exploren,BP Pulse (AU),"316 Victoria Rd, Sydney, 2116",120.0,2,bp pulse Rosehill,Hassall Street,,Rosehill,2142,CCS (Type 2),75,2,2,Operational,Public - Membership Required,55c/kWh,2023-08-09T12:02:00Z,Open Charge Map Contributors,reject,Not the strongest candidate or evidence is insufficient.,,
ev_c70c456210fbd6b27fcb1aad4968b351677393ef22667e250d68d88e80064e77,190351,1,15,15,operator_address_power,4.6,True,False,1.0,2,True,Evie,Evie,"32 Sydney St, Tarcutta, 2652",350.0,4,Tarcutta Roadhouse [Evie],32 Sydney Street,,Tarcutta,,CCS (Type 2) | CHAdeMO,350,4,2,Operational,Public - Membership Required,65c per kwH energy consumed.,2023-07-12T22:53:00Z,Open Charge Map Contributors,auto_accept,High-confidence top candidate selected by operator_address_power.,,
ev_f15e3c83d0564da50fda29a44f850b9a51e4c15dd91df10a2e327dde7307a293,191467,1,11,11,close_coordinates_plus_identity,77.3,True,True,0.333,1,False,Chargefox,Chargefox,"320 Princes Hwy, Bomaderry, 2541",47.0,4,Woolworths Bomaderry,160 Cambewarra Road,,Bomaderry,2541,Type 2 (Socket Only),4.8,4,4,Operational,Public - Membership Required,FREE,2023-07-13T10:45:00Z,Open Charge Map Contributors,auto_accept,High-confidence top candidate selected by close_coordinates_plus_identity.,,
ev_bc2fc8665fc1a22bdba4f1629c545a67634b1916eeec036238dde138387ebec6,272700,1,16,16,operator_postcode_address,83.0,True,True,1.0,3,True,Evie,Evie,"322 Woodville Rd, Guildford NSW 2161",50.0,4,Red Rooster Guildford,322 Woodville Road,,Guildford,2161,CCS (Type 2) | CHAdeMO,50,4,2,Operational,Public - Membership Required,,2023-07-17T06:55:00Z,Open Charge Map Contributors,auto_accept,High-confidence top candidate selected by operator_postcode_address.,,
ev_f4e59a0ead51a401165276074011a3de95abde4404780faae3dcccf868e01b07,273427,1,16,12,operator_postcode_address,25.9,True,True,0.667,2,True,BP,BP Pulse (AU),"329-339 Princes Hwy, Sydney, 2044",75.0,2,bp pulse Sydenham,339 Princes Hwy,,St Peters,2044,CCS (Type 2),75,2,2,Operational,Public - Membership Required,55c/kWh,2023-08-09T11:35:00Z,Open Charge Map Contributors,auto_accept,High-confidence top candidate selected by operator_postcode_address.,,
ev_f4e59a0ead51a401165276074011a3de95abde4404780faae3dcccf868e01b07,193048,2,4,,rejected_candidate,935.7,False,True,0.0,0,True,BP,Evie,"329-339 Princes Hwy, Sydney, 2044",75.0,2,Marrickville Metro,Smidmore Street,,Sydney,2044,CCS (Type 2) | CHAdeMO,50,4,2,Operational,Public - Membership Required,,2023-07-16T13:40:00Z,Open Charge Map Contributors,reject,Not the strongest candidate or evidence is insufficient.,,
ev_ec83c4db1b6bbf7f8bdc411e2cb23f166062811f92dc0cc6e3c4027b5ff5fe2a,193903,1,6,6,manual_review,2860.7,True,False,0.333,1,False,Chargefox,Chargefox,"33 Moate St, Newcastle, 2298",60.0,2,University of Newcastle P6 [Chargefox],Ring Road,,Callaghan,2308,Type 2 (Socket Only),22,4,4,Operational,Public - Membership Required,Free,2022-07-06T18:32:00Z,Open Charge Map Contributors,manual_review,Top candidate has partial evidence but does not satisfy the high-confidence rule.,,
ev_0cab94963148e4da49cde49858087e32b998d2d378d298d1640df538bba5b057,272622,1,14,6,close_address_power,0.0,False,True,1.0,3,True,Evie,Chargefox,"330 Pennant Hills Rd, Pennant Hills NSW 2120",50.0,2,Pennant Hills Toyota,330 Pennant Hills Road,,Pennant Hills,2120,CCS (Type 2),50,2,2,Operational,Public - Membership Required,$0.60/kWh,2023-07-15T09:21:00Z,Open Charge Map Contributors,auto_accept,High-confidence top candidate selected by close_address_power.,,
ev_0cab94963148e4da49cde49858087e32b998d2d378d298d1640df538bba5b057,190054,2,8,,rejected_candidate,310.1,False,True,0.667,2,False,Evie,Exploren,"330 Pennant Hills Rd, Pennant Hills NSW 2120",50.0,2,Hillcrest Road,Hillcrest Road,Pennant Hills,,2120,Type 2 (Socket Only),9,2,2,Operational,Public - Membership Required,Free,2023-12-18T10:09:00Z,Open Charge Map Contributors,reject,Not the strongest candidate or evidence is insufficient.,,
ev_51cf10cf79ca60c9b87bde15364a49de21dc34352a6db25304b81d6163f3325c,79760,1,18,7,operator_postcode_address,7.4,True,True,1.0,4,True,Tesla,Tesla (Tesla-only charging),"34 Annie Pyers Dr, Gundagai , 2722",130.0,12,Gundagai Supercharger [Tesla],34 Annie Pyers Drive,,Gundagai,2722,CCS (Type 2),120,6,6,Operational,Public - Membership Required,$0.52/kWh,2021-12-19T02:16:00Z,Open Charge Map Contributors,auto_accept,High-confidence top candidate selected by operator_postcode_address.,,
ev_51cf10cf79ca60c9b87bde15364a49de21dc34352a6db25304b81d6163f3325c,471033,2,11,,rejected_candidate,112.1,False,True,0.75,3,False,Tesla,NRMA,"34 Annie Pyers Dr, Gundagai , 2722",130.0,12,Dog on the Tuckerbox,37 Annie Pyers Drive,,Gundagai,2722,CCS (Type 2),60,2,2,Operational,Public - Membership Required,0.70/kWh,2025-12-18T23:27:00Z,Open Charge Map Contributors,reject,Not the strongest candidate or evidence is insufficient.,,
ev_df342377a192371b2d4f7abdc52140d3d7e3cc72420f6cb6dee2a1dcbfb0432d,272496,1,3,3,rejected_candidate,1420.1,False,True,0.0,0,False,Ampol,Evie,"342 Kanahooka Rd, Brownsville, NSW, 2530",125.0,2,Evie Dapto Mall,Moombara Street,,Dapto,2530,CCS (Type 2) | CHAdeMO,50,4,2,Operational,Public - Membership Required,50c per kWh energy consumed.,2023-07-12T21:47:00Z,Open Charge Map Contributors,reject,Not the strongest candidate or evidence is insufficient.,,
ev_dc287a17896b1d0aadc7c90a31b21d08ae472a1b78dffd250418b67f0744ff0e,266872,1,14,14,close_address_power,67.9,False,True,1.0,3,True,Engie,Chargefox,"345 Victoria Ave, Chatswood NSW 2067",150.0,2,Chatswood Chase Chargefox,345 Victoria Avenue,,Chatswood,2067,CCS (Type 2),120,2,2,Operational,Public - Membership Required,$0.45/kWh,2023-07-13T08:44:00Z,Open Charge Map Contributors,auto_accept,High-confidence top candidate selected by close_address_power.,,
ev_dc287a17896b1d0aadc7c90a31b21d08ae472a1b78dffd250418b67f0744ff0e,272694,2,0,,rejected_candidate,2649.3,False,False,0.0,0,False,Engie,Evie,"345 Victoria Ave, Chatswood NSW 2067",150.0,2,Northbridge Plaza,9 Eastern Valley Way,,Northbridge,2063,CCS (Type 2) | CHAdeMO,50,4,1,Operational,Public - Membership Required,,2023-07-16T23:09:00Z,Open Charge Map Contributors,reject,Not the strongest candidate or evidence is insufficient.,,
ev_dc287a17896b1d0aadc7c90a31b21d08ae472a1b78dffd250418b67f0744ff0e,191165,3,0,,rejected_candidate,2660.5,False,False,0.0,0,False,Engie,Evie,"345 Victoria Ave, Chatswood NSW 2067",150.0,2,Evie Lane Cove,2 Rosenthal Ave,“The Canopy”,Lane Cove,,CCS (Type 2) | CHAdeMO,50,4,2,Operational,Public - Membership Required,$0.40/kWh,2023-07-15T12:03:00Z,Open Charge Map Contributors,reject,Not the strongest candidate or evidence is insufficient.,,
ev_dc287a17896b1d0aadc7c90a31b21d08ae472a1b78dffd250418b67f0744ff0e,272613,4,0,,rejected_candidate,2672.7,False,False,0.0,0,False,Engie,Chargefox,"345 Victoria Ave, Chatswood NSW 2067",150.0,2,TLE Electrical Artarmon,65 Reserve Road,,St Leonards,2065,CCS (Type 2) | CHAdeMO,22,2,1,Operational,Public - Membership Required,$0.30/kWh,2023-07-15T07:52:00Z,Open Charge Map Contributors,reject,Not the strongest candidate or evidence is insufficient.,,
ev_e35450a97b34519e66c79e2f48f6b43bf266753def1f170a0192674fb778e090,266872,1,16,7,operator_postcode_address,231.0,True,True,1.0,2,True,Chargefox,Chargefox,"345 Victoria Ave, Sydney, 2067",150.0,2,Chatswood Chase Chargefox,345 Victoria Avenue,,Chatswood,2067,CCS (Type 2),120,2,2,Operational,Public - Membership Required,$0.45/kWh,2023-07-13T08:44:00Z,Open Charge Map Contributors,auto_accept,High-confidence top candidate selected by operator_postcode_address.,,
ev_e35450a97b34519e66c79e2f48f6b43bf266753def1f170a0192674fb778e090,270908,2,9,,rejected_candidate,713778.0,True,False,0.5,1,True,Chargefox,Chargefox,"345 Victoria Ave, Sydney, 2067",150.0,2,ENGIE - VIctoria Gardens,620 Victoria St,,Richmond,3121,CHAdeMO | CCS (Type 2),100,2,1,Operational,Public - Membership Required,AUD 0.54 per kWh (3pm-10am) AUD 0.37 per kWh (10am - 3pm),2023-07-10T02:38:00Z,Open Charge Map Contributors,reject,Not the strongest candidate or evidence is insufficient.,,
ev_e35450a97b34519e66c79e2f48f6b43bf266753def1f170a0192674fb778e090,272613,3,4,,rejected_candidate,2837.0,True,False,0.0,0,False,Chargefox,Chargefox,"345 Victoria Ave, Sydney, 2067",150.0,2,TLE Electrical Artarmon,65 Reserve Road,,St Leonards,2065,CCS (Type 2) | CHAdeMO,22,2,1,Operational,Public - Membership Required,$0.30/kWh,2023-07-15T07:52:00Z,Open Charge Map Contributors,reject,Not the strongest candidate or evidence is insufficient.,,
ev_e35450a97b34519e66c79e2f48f6b43bf266753def1f170a0192674fb778e090,272694,4,0,,rejected_candidate,2728.1,False,False,0.0,0,False,Chargefox,Evie,"345 Victoria Ave, Sydney, 2067",150.0,2,Northbridge Plaza,9 Eastern Valley Way,,Northbridge,2063,CCS (Type 2) | CHAdeMO,50,4,1,Operational,Public - Membership Required,,2023-07-16T23:09:00Z,Open Charge Map Contributors,reject,Not the strongest candidate or evidence is insufficient.,,
ev_e35450a97b34519e66c79e2f48f6b43bf266753def1f170a0192674fb778e090,191165,5,0,,rejected_candidate,2821.6,False,False,0.0,0,False,Chargefox,Evie,"345 Victoria Ave, Sydney, 2067",150.0,2,Evie Lane Cove,2 Rosenthal Ave,“The Canopy”,Lane Cove,,CCS (Type 2) | CHAdeMO,50,4,2,Operational,Public - Membership Required,$0.40/kWh,2023-07-15T12:03:00Z,Open Charge Map Contributors,reject,Not the strongest candidate or evidence is insufficient.,,
ev_69c4e959a1a2fd748f2c727b421f17b5179badb2fbafceb80eecc7553c621a93,129982,1,11,11,close_coordinates_plus_identity,99.6,True,False,0.5,1,True,Tesla,Tesla (including non-tesla),"3483 Jerrys Plains Rd, Jerrys Plains, 2330",130.0,12,Hollydene Supercharger [Tesla],3483 Golden Hwy,,Jerry's Plains,,CCS (Type 2),120,6,6,Operational,Public - Membership Required,$0.52/kWh,2023-08-30T06:19:00Z,Open Charge Map Contributors,auto_accept,High-confidence top candidate selected by close_coordinates_plus_identity.,,
ev_4238b7f9adfac59ad9c6c913288b277e69a4b6cfab0a01995240643eb05c2cf3,272618,1,14,12,close_address_power,11.7,False,True,1.0,4,True,Engie,Chargefox,"3-5 Underwood Rd, Homebush NSW 2140",150.0,2,ENGIE - DFO Homebush,3 -5 Underwood Road,,Homebush,2140,CCS (Type 2),120,2,2,Operational,Public - Membership Required,$0.45/kWh,2023-07-16T13:41:00Z,Open Charge Map Contributors,auto_accept,High-confidence top candidate selected by close_address_power.,,
ev_4238b7f9adfac59ad9c6c913288b277e69a4b6cfab0a01995240643eb05c2cf3,190417,2,2,,rejected_candidate,1624.9,False,False,0.25,1,False,Engie,(Unknown Operator),"3-5 Underwood Rd, Homebush NSW 2140",150.0,2,Richmond Tavistock No. 3 [Jolt],19 Richmond Road,Strathfield,Sydney,2135,CCS (Type 2) | CHAdeMO,25,2,1,Operational,Public,"Free up to 7kWh, charges thereafter",2022-01-25T14:22:00Z,Open Charge Map Contributors,reject,Not the strongest candidate or evidence is insufficient.,,
ev_4238b7f9adfac59ad9c6c913288b277e69a4b6cfab0a01995240643eb05c2cf3,191394,3,0,,rejected_candidate,1242.4,False,False,0.0,0,False,Engie,NRMA,"3-5 Underwood Rd, Homebush NSW 2140",150.0,2,NRMA Olympic Park,9 Murray Rose Ave,,Sydney Olympic Park,2127,CCS (Type 2) | CHAdeMO,50,2,1,Operational,Public,Free,2022-02-09T13:05:00Z,Open Charge Map Contributors,reject,Not the strongest candidate or evidence is insufficient.,,
ev_a1e7a83b76f04ad43cf275b625a043cc5cb5b3628f6319bef9aceb3a8b2bb1bd,190875,1,4,3,rejected_candidate,1444.2,False,False,0.667,2,False,BP,Jolt,"368 Anzac Pde, Sydney, 2032",75.0,2,Kensington [Jolt],110 Anzac Pde,,Kensington,2033,CCS (Type 2) | CHAdeMO,25,2,1,Operational,Public - Membership Required,$0.00/kWh up to 7 kWh then $0.40/kWh,2023-07-13T10:53:00Z,Open Charge Map Contributors,reject,Not the strongest candidate or evidence is insufficient.,,
ev_a1e7a83b76f04ad43cf275b625a043cc5cb5b3628f6319bef9aceb3a8b2bb1bd,272630,2,1,,rejected_candidate,1391.3,False,False,0.0,0,True,BP,Evie,"368 Anzac Pde, Sydney, 2032",75.0,2,Royal Randwick,73 Belmore Road,,Randwick,2031,CCS (Type 2) | CHAdeMO,50,4,2,Operational,Public - Membership Required,,2023-07-15T12:06:00Z,Open Charge Map Contributors,reject,Not the strongest candidate or evidence is insufficient.,,
ev_a1e7a83b76f04ad43cf275b625a043cc5cb5b3628f6319bef9aceb3a8b2bb1bd,272616,3,1,,rejected_candidate,2060.2,False,False,0.0,0,True,BP,Chargefox,"368 Anzac Pde, Sydney, 2032",75.0,2,NRMA - Sydney,4 Defries Avenue,,Zetland,2017,CCS (Type 2) | CHAdeMO,50 | 350,4,4,Operational,Public - Membership Required,$0.45 - $0.60/kWh,2023-07-15T08:58:00Z,Open Charge Map Contributors,reject,Not the strongest candidate or evidence is insufficient.,,
ev_a1e7a83b76f04ad43cf275b625a043cc5cb5b3628f6319bef9aceb3a8b2bb1bd,191062,4,0,,rejected_candidate,1918.0,False,False,0.0,0,False,BP,Chargefox,"368 Anzac Pde, Sydney, 2032",75.0,2,Audi Centre Sydney ,895 South Dowling Street,,Zetland,2017,CCS (Type 2),165,1,1,Operational,Public - Membership Required,$0.70/kWh,2023-07-13T10:51:00Z,Open Charge Map Contributors,reject,Not the strongest candidate or evidence is insufficient.,,
ev_a1e7a83b76f04ad43cf275b625a043cc5cb5b3628f6319bef9aceb3a8b2bb1bd,150024,5,0,,rejected_candidate,2252.3,False,False,0.0,0,False,BP,(Unknown Operator),"368 Anzac Pde, Sydney, 2032",75.0,2,Supa Centa Moore Park,,,Kensington,2033,Tesla (Model S/X),17,1,1,Operational,Public,Free,2020-06-10T21:39:00Z,Open Charge Map Contributors,reject,Not the strongest candidate or evidence is insufficient.,,
ev_62252341d06e9055c34d6652204c371b9c9c93e1e7f0c5708d76db194378c010,161993,1,15,6,operator_postcode_address,20.1,True,True,0.5,1,False,NRMA,NRMA,"37 Nabiac St, Nabiac, 2312",50.0,2,Nabiac [NRMA],Nabiac Street,,Nabiac,2312,CCS (Type 2) | CHAdeMO,145 | 180,4,4,Operational,Public,$0.74/kWh,2026-07-14T23:37:00Z,Open Charge Map Contributors,auto_accept,High-confidence top candidate selected by operator_postcode_address.,,
ev_62252341d06e9055c34d6652204c371b9c9c93e1e7f0c5708d76db194378c010,471033,2,9,,rejected_candidate,510586.0,True,False,0.5,1,True,NRMA,NRMA,"37 Nabiac St, Nabiac, 2312",50.0,2,Dog on the Tuckerbox,37 Annie Pyers Drive,,Gundagai,2722,CCS (Type 2),60,2,2,Operational,Public - Membership Required,0.70/kWh,2025-12-18T23:27:00Z,Open Charge Map Contributors,reject,Not the strongest candidate or evidence is insufficient.,,
ev_7e865d63b303d5b24e0e694ef9b26390e4f11e82b74edf707f224c3876e4926e,170607,1,13,2,close_coordinates_plus_identity,32.9,False,True,1.0,4,False,Ampol,Evie,"38 Abbott Rd, Seven Hills NSW 2147",125.0,2,Ampol Woolworths MetroGo Seven Hills,38 Abbott Rd,,Seven Hills,2147,CCS (Type 2),300,6,2,Operational,Public - Membership Required,$0.60 per kWh,2026-06-15T09:28:00Z,Open Charge Map Contributors,auto_accept,High-confidence top candidate selected by close_coordinates_plus_identity.,,
ev_7e865d63b303d5b24e0e694ef9b26390e4f11e82b74edf707f224c3876e4926e,273870,2,11,,rejected_candidate,274.7,False,True,0.75,3,True,Ampol,BP Pulse (AU),"38 Abbott Rd, Seven Hills NSW 2147",125.0,2,bp pulse Seven Hills,26 Abbott Road,,Seven Hills,2147,CCS (Type 2),75,2,2,Operational,Public - Membership Required,55c/kWh,2023-08-23T12:22:00Z,Open Charge Map Contributors,reject,Not the strongest candidate or evidence is insufficient.,,
ev_14b59d3c66e7c5634a353fe9dbb36947ec5c4ec34e5cd850a8d8e2cbcacd8d39,191052,1,15,6,operator_postcode_address,71.9,True,True,0.5,1,False,Chargefox,Chargefox,"38 Flora St, Sydney, 2232",47.0,4,Woolworths Kireawee,28-34 Flora Street,,Kirrawee,2232,Type 2 (Socket Only),22,4,4,Operational,Public - Membership Required,FREE,2023-07-13T10:55:00Z,Open Charge Map Contributors,auto_accept,High-confidence top candidate selected by operator_postcode_address.,,
ev_14b59d3c66e7c5634a353fe9dbb36947ec5c4ec34e5cd850a8d8e2cbcacd8d39,299879,2,9,,rejected_candidate,24839.8,True,False,0.5,1,True,Chargefox,Chargefox,"38 Flora St, Sydney, 2232",47.0,4,Chargefox Charging Station,38 Camden Rd,,Campbelltown,2560,CCS (Type 2) | CHAdeMO,65 | 75,4,1,Operational,Public - Membership Required,$0.60/kWh,2024-06-11T09:50:00Z,Open Charge Map Contributors,reject,Not the strongest candidate or evidence is insufficient.,,
ev_14b59d3c66e7c5634a353fe9dbb36947ec5c4ec34e5cd850a8d8e2cbcacd8d39,161654,3,8,,rejected_candidate,1033154.8,True,False,0.5,1,False,Chargefox,Chargefox,"38 Flora St, Sydney, 2232",47.0,4,Clarence City Council car park,38 Bligh St (Cr Barnard Drive),,Rosny Park,7018,Type 2 (Socket Only),22,1,1,Operational,Public,$0.32 per kWh,2023-07-13T22:57:00Z,Open Charge Map Contributors,reject,Not the strongest candidate or evidence is insufficient.,,
ev_14b59d3c66e7c5634a353fe9dbb36947ec5c4ec34e5cd850a8d8e2cbcacd8d39,498402,4,8,,rejected_candidate,1214196.5,True,False,0.5,1,False,Chargefox,Chargefox,"38 Flora St, Sydney, 2232",47.0,4,Horrocks Hwy Parking,38 Horrocks Hwy,,Wilmington,5485,CCS (Type 2) | Type 2 (Socket Only),7 | 150,3,2,Operational,Public - Membership Required,,2026-07-12T00:03:00Z,Open Charge Map Contributors,reject,Not the strongest candidate or evidence is insufficient.,,
ev_14b59d3c66e7c5634a353fe9dbb36947ec5c4ec34e5cd850a8d8e2cbcacd8d39,191280,5,5,,rejected_candidate,181.7,False,True,0.0,0,False,Chargefox,Tesla (Tesla-only charging),"38 Flora St, Sydney, 2232",47.0,4,Tesla Supercharger South Village,Princes Highway,,Kirrawee,2232,CCS (Type 2),250,0,6,Operational,Public - Membership Required,$0.52/kWh,2022-02-02T13:08:00Z,Open Charge Map Contributors,reject,Not the strongest candidate or evidence is insufficient.,,
ev_eb3d38aa710f58a234699d33dc38c3ae580647d5cf81bba3f79a2cebd4c1e7d0,296044,1,16,13,operator_postcode_address,49.2,True,True,0.667,2,True,Tesla,Tesla (Tesla-only charging),"38 Swift St, Holbrook, 2644",250.0,9,Tesla Supercharger Holbrook,Swift Street,,Holbrook,2644,CCS (Type 2),250,12,1,Operational,Public - Membership Required,$0.69 / kWh,2024-03-06T09:49:00Z,Open Charge Map Contributors,auto_accept,High-confidence top candidate selected by operator_postcode_address.,,
ev_eb3d38aa710f58a234699d33dc38c3ae580647d5cf81bba3f79a2cebd4c1e7d0,190359,2,3,,rejected_candidate,566.1,False,False,0.333,1,False,Tesla,NRMA,"38 Swift St, Holbrook, 2644",250.0,9,Holbrook [NRMA],Submarine Park,7 Prospect Street,Holbrook,,CCS (Type 2) | CHAdeMO,50,2,1,Operational,Public,,2021-12-19T02:24:00Z,Open Charge Map Contributors,reject,Not the strongest candidate or evidence is insufficient.,,
ev_784c1170ac493ecca2d6c855503dcc79a569226065e28503f748f084b9d9cfc7,272616,1,13,7,close_coordinates_plus_identity,11.8,False,True,1.0,2,False,Ampol,Chargefox,"4 Defries Ave, Sydney, 2017",150.0,6,NRMA - Sydney,4 Defries Avenue,,Zetland,2017,CCS (Type 2) | CHAdeMO,50 | 350,4,4,Operational,Public - Membership Required,$0.45 - $0.60/kWh,2023-07-15T08:58:00Z,Open Charge Map Contributors,auto_accept,High-confidence top candidate selected by close_coordinates_plus_identity.,,
ev_784c1170ac493ecca2d6c855503dcc79a569226065e28503f748f084b9d9cfc7,191062,2,6,,rejected_candidate,160.2,False,True,0.0,0,True,Ampol,Chargefox,"4 Defries Ave, Sydney, 2017",150.0,6,Audi Centre Sydney ,895 South Dowling Street,,Zetland,2017,CCS (Type 2),165,1,1,Operational,Public - Membership Required,$0.70/kWh,2023-07-13T10:51:00Z,Open Charge Map Contributors,reject,Not the strongest candidate or evidence is insufficient.,,
ev_784c1170ac493ecca2d6c855503dcc79a569226065e28503f748f084b9d9cfc7,150024,3,1,,rejected_candidate,453.1,False,False,0.0,0,False,Ampol,(Unknown Operator),"4 Defries Ave, Sydney, 2017",150.0,6,Supa Centa Moore Park,,,Kensington,2033,Tesla (Model S/X),17,1,1,Operational,Public,Free,2020-06-10T21:39:00Z,Open Charge Map Contributors,reject,Not the strongest candidate or evidence is insufficient.,,
ev_784c1170ac493ecca2d6c855503dcc79a569226065e28503f748f084b9d9cfc7,190875,4,0,,rejected_candidate,1066.3,False,False,0.0,0,False,Ampol,Jolt,"4 Defries Ave, Sydney, 2017",150.0,6,Kensington [Jolt],110 Anzac Pde,,Kensington,2033,CCS (Type 2) | CHAdeMO,25,2,1,Operational,Public - Membership Required,$0.00/kWh up to 7 kWh then $0.40/kWh,2023-07-13T10:53:00Z,Open Charge Map Contributors,reject,Not the strongest candidate or evidence is insufficient.,,
ev_784c1170ac493ecca2d6c855503dcc79a569226065e28503f748f084b9d9cfc7,272614,5,0,,rejected_candidate,1911.8,False,False,0.0,0,False,Ampol,Chargefox,"4 Defries Ave, Sydney, 2017",150.0,6,Mirvac South Eveleigh,2 Central Avenue,,Eveleigh,2015,CCS (Type 2) | CHAdeMO | Type 2 (Socket Only),22 | 50,8,4,Operational,Public - Membership Required,Free,2023-07-15T07:56:00Z,Open Charge Map Contributors,reject,Not the strongest candidate or evidence is insufficient.,,
ev_784c1170ac493ecca2d6c855503dcc79a569226065e28503f748f084b9d9cfc7,272630,6,0,,rejected_candidate,2821.7,False,False,0.0,0,False,Ampol,Evie,"4 Defries Ave, Sydney, 2017",150.0,6,Royal Randwick,73 Belmore Road,,Randwick,2031,CCS (Type 2) | CHAdeMO,50,4,2,Operational,Public - Membership Required,,2023-07-15T12:06:00Z,Open Charge Map Contributors,reject,Not the strongest candidate or evidence is insufficient.,,
ev_784c1170ac493ecca2d6c855503dcc79a569226065e28503f748f084b9d9cfc7,311308,7,0,,rejected_candidate,2976.9,False,False,0.0,0,False,Ampol,Tesla (including non-tesla),"4 Defries Ave, Sydney, 2017",150.0,6,Tesla Destination Charger,1 Bay Street,,Broadway,2007,CCS (Type 2),22,3,3,Operational,Public,0,2025-03-29T03:34:00Z,Open Charge Map Contributors,reject,Not the strongest candidate or evidence is insufficient.,,
ev_784c1170ac493ecca2d6c855503dcc79a569226065e28503f748f084b9d9cfc7,272689,8,0,,rejected_candidate,2983.4,False,False,0.0,0,False,Ampol,Evie,"4 Defries Ave, Sydney, 2017",150.0,6,Dorhauer Lane,Dorhauer Lane,,Woollahra,2025,CCS (Type 2) | CHAdeMO,50,2,1,Operational,Public - Membership Required,,2023-07-16T22:09:00Z,Open Charge Map Contributors,reject,Not the strongest candidate or evidence is insufficient.,,
ev_bb8a761b018f78e77d7abb22b1072af7dea4715c99ddd2619b0177c184a735e7,266540,1,8,0,manual_review,52220.8,True,False,0.5,1,False,Evie,Evie,"4 Tindall St, Sydney, 2560",150.0,4,Evie Lawson,4-6 New Street,,Lawson,2783,CCS (Type 2) | CHAdeMO,50,4,2,Operational,Public,$0.45 per kWh. ,2023-07-15T13:41:00Z,Open Charge Map Contributors,manual_review,Top candidate has partial evidence but does not satisfy the high-confidence rule.,,
ev_bb8a761b018f78e77d7abb22b1072af7dea4715c99ddd2619b0177c184a735e7,272633,2,8,,rejected_candidate,55677.1,True,False,0.5,1,False,Evie,Evie,"4 Tindall St, Sydney, 2560",150.0,4,Belrose Home,4-6 Niangala Close,,Belrose,2085,CCS (Type 2) | CHAdeMO,50,4,2,Operational,Public - Membership Required,,2023-07-15T12:14:00Z,Open Charge Map Contributors,reject,Not the strongest candidate or evidence is insufficient.,,
ev_bb8a761b018f78e77d7abb22b1072af7dea4715c99ddd2619b0177c184a735e7,271017,3,8,,rejected_candidate,553300.5,True,False,0.5,1,False,Evie,Evie,"4 Tindall St, Sydney, 2560",150.0,4,Evie Maffra,4 Purdy Ln,,Maffra,3860,CCS (Type 2) | CHAdeMO,50,2,1,Operational,Public - Membership Required,$0.45 per kWh,2023-07-10T02:38:00Z,Open Charge Map Contributors,reject,Not the strongest candidate or evidence is insufficient.,,
ev_bb8a761b018f78e77d7abb22b1072af7dea4715c99ddd2619b0177c184a735e7,299879,4,5,,rejected_candidate,194.4,False,True,0.0,0,False,Evie,Chargefox,"4 Tindall St, Sydney, 2560",150.0,4,Chargefox Charging Station,38 Camden Rd,,Campbelltown,2560,CCS (Type 2) | CHAdeMO,65 | 75,4,1,Operational,Public - Membership Required,$0.60/kWh,2024-06-11T09:50:00Z,Open Charge Map Contributors,reject,Not the strongest candidate or evidence is insufficient.,,
ev_bb8a761b018f78e77d7abb22b1072af7dea4715c99ddd2619b0177c184a735e7,266501,5,5,,rejected_candidate,209.3,False,True,0.0,0,False,Evie,Tesla (Tesla-only charging),"4 Tindall St, Sydney, 2560",150.0,4,Campbelltown Supercharger,20-22 Camden Road,,Campbelltown,2560,CCS (Type 2),250,12,12,Operational,Public - Membership Required,$0.66/kWh,2023-06-08T03:24:00Z,Open Charge Map Contributors,reject,Not the strongest candidate or evidence is insufficient.,,
ev_c961ec933e86e0a2e62bb297e0734bcbfcf7596d3f2e4de838b901cf93c0ae7c,272686,1,9,3,combined_evidence,350.1,True,True,0.0,0,True,Evie,Evie,"40 Gouldsbury St, Sydney, 2088",75.0,2,Raglan Street West,188 Raglan St,,Mosman,2088,CCS (Type 2) | CHAdeMO,50,4,1,Operational,Public - Membership Required,,2023-07-16T22:00:00Z,Open Charge Map Contributors,auto_accept,High-confidence top candidate selected by combined_evidence.,,
ev_c961ec933e86e0a2e62bb297e0734bcbfcf7596d3f2e4de838b901cf93c0ae7c,191164,2,6,,rejected_candidate,345.0,True,False,0.0,0,True,Evie,Evie,"40 Gouldsbury St, Sydney, 2088",75.0,2,Evie Mosman,6 Myahgah Road,,Mosman,,CHAdeMO | CCS (Type 2),50,2,1,Operational,Public - Membership Required,$0.40/kWh,2023-07-16T22:01:00Z,Open Charge Map Contributors,reject,Not the strongest candidate or evidence is insufficient.,,
ev_fbe26a297b20c784ac37cc0223cba97d45d7e12f42d819114f38c3ea1d5c5707,210893,1,8,0,manual_review,502350.7,True,False,0.5,1,False,Chargefox,Chargefox,"40 Jersey Rd, Sydney, 2770",160.0,2,The Sebel Silverwoods Yarrawong,40 Silverwoods Blvd,,Yarrawonga,3730,CCS (Type 2) | CHAdeMO,50,2,1,Operational,Public,$0.30 per kWh (at all times),2023-07-05T13:15:00Z,Open Charge Map Contributors,manual_review,Top candidate has partial evidence but does not satisfy the high-confidence rule.,,
ev_fbe26a297b20c784ac37cc0223cba97d45d7e12f42d819114f38c3ea1d5c5707,272567,2,8,,rejected_candidate,676073.0,True,False,0.5,1,False,Chargefox,Chargefox,"40 Jersey Rd, Sydney, 2770",160.0,2,Eltham Leisure Centre,40 Brougham Street,,Eltham,3095,Type 2 (Socket Only),7,4,4,Operational,Public - Membership Required,Free,2023-07-14T13:59:00Z,Open Charge Map Contributors,reject,Not the strongest candidate or evidence is insufficient.,,
ev_fbe26a297b20c784ac37cc0223cba97d45d7e12f42d819114f38c3ea1d5c5707,473174,3,8,,rejected_candidate,3060880.3,True,False,0.5,1,False,Chargefox,Chargefox,"40 Jersey Rd, Sydney, 2770",160.0,2,Corrigin Charger,SR 40,,Corrigin,6375,CCS (Type 2),20,1,1,Operational,Public - Membership Required,,2026-01-21T10:36:00Z,Open Charge Map Contributors,reject,Not the strongest candidate or evidence is insufficient.,,
ev_fbe26a297b20c784ac37cc0223cba97d45d7e12f42d819114f38c3ea1d5c5707,273935,4,7,,rejected_candidate,2914.3,True,True,0.0,0,False,Chargefox,Chargefox,"40 Jersey Rd, Sydney, 2770",160.0,2,The Mount Druitt Hub,Ayres Grove Carpark,,Mount Druitt,2770,Type 2 (Socket Only),7.4,1,1,Operational,Public - Membership Required,,2023-09-06T03:31:00Z,Open Charge Map Contributors,reject,Not the strongest candidate or evidence is insufficient.,,
ev_e7900278d156ee9804dc660da2417ee1c0976999aad45899439dc2bfeec46a56,474457,1,0,0,rejected_candidate,2570.5,False,False,0.0,0,False,JOLT,Ampol AmpCharge,"40 Panmure St, Sydney, 2155",25.0,2,The Ponds Shopping Centre,The Ponds Boulevard,The Ponds,Sydney,2769,CCS (Type 2),150,,4,Operational,Public,0.75,2026-03-10T11:45:00Z,Open Charge Map Contributors,reject,Not the strongest candidate or evidence is insufficient.,,
ev_4a383067afe34e376d30cb0e5cd3efabbaa695352f0afd23a11af87bf6b460d4,191161,1,13,13,operator_address_power,14.3,True,False,0.667,2,True,Evie,Evie,"401 Cabramatta Rd W, Cabramatta NSW 2166",50.0,4,Evie Cabramatta,Hungry Jacks,401 Cabramatta Road,Cabramatta,,CCS (Type 2) | CHAdeMO,50,4,2,Operational,Public - Membership Required,$0.40/kWh,2023-07-15T14:01:00Z,Open Charge Map Contributors,auto_accept,High-confidence top candidate selected by operator_address_power.,,
ev_3863cf23b068eb2f9adbcf31e9394a4da6f4fda54f3cf4f49e31d8dfef075a98,172919,1,17,17,operator_postcode_address,23.7,True,True,1.0,3,False,Chargefox,Chargefox,"403 Tarean Rd, Karuah, 2324",185.0,6,Karuah [Chargefox],403 Tarean Road,,Karuah,2324,CCS (Type 2) | CHAdeMO,50 | 350,4,3,Operational,Public - Membership Required,$0.45 - $0.60/kWh,2024-05-28T05:36:00Z,Open Charge Map Contributors,auto_accept,High-confidence top candidate selected by operator_postcode_address.,,
ev_234ff3668c0a897f2bbb0022a0135cf1fc425b8492871ec633d8a3ec5153af17,175665,1,9,1,manual_review,695534.2,True,False,0.5,1,True,Chargefox,Chargefox,"405 Pacific Hwy, Sydney, 2064",50.0,2,"Pacific Fuels, Drayton",382 ANZAC Avenue,,Toowoomba,4350,CCS (Type 2) | CHAdeMO,50,2,1,Operational,Public - Membership Required,$0.30/kWh,2023-07-13T22:15:00Z,Open Charge Map Contributors,manual_review,Top candidate has partial evidence but does not satisfy the high-confidence rule.,,
ev_234ff3668c0a897f2bbb0022a0135cf1fc425b8492871ec633d8a3ec5153af17,172852,2,8,,rejected_candidate,428446.1,True,False,0.5,1,False,Chargefox,Chargefox,"405 Pacific Hwy, Sydney, 2064",50.0,2,Coffs Harbour [Chargefox],Pacific Highway,,North Boambee Valley,2450,CCS (Type 2) | CHAdeMO,100 | 350,4,2,Operational,Public,$0.60/kWh,2023-07-13T22:16:00Z,Open Charge Map Contributors,reject,Not the strongest candidate or evidence is insufficient.,,
ev_234ff3668c0a897f2bbb0022a0135cf1fc425b8492871ec633d8a3ec5153af17,272707,3,8,,rejected_candidate,674644.0,True,False,0.5,1,False,Chargefox,Chargefox,"405 Pacific Hwy, Sydney, 2064",50.0,2,Miami Aquatic Centre,80 Pacific Avenue,,Miami,4220,CCS (Type 2) | CHAdeMO,75,2,1,Operational,Public - Membership Required,,2023-07-17T11:22:00Z,Open Charge Map Contributors,reject,Not the strongest candidate or evidence is insufficient.,,
ev_234ff3668c0a897f2bbb0022a0135cf1fc425b8492871ec633d8a3ec5153af17,131201,4,8,,rejected_candidate,702536.9,True,False,0.5,1,False,Chargefox,Chargefox,"405 Pacific Hwy, Sydney, 2064",50.0,2,Forest Hill Chase Shopping Centre,Pacific Way,,Forest Hill,3131,Type 2 (Socket Only),22,2,2,Operational,Public,Free,2023-09-28T21:52:00Z,Open Charge Map Contributors,reject,Not the strongest candidate or evidence is insufficient.,,
ev_234ff3668c0a897f2bbb0022a0135cf1fc425b8492871ec633d8a3ec5153af17,272613,5,4,,rejected_candidate,1186.8,True,False,0.0,0,False,Chargefox,Chargefox,"405 Pacific Hwy, Sydney, 2064",50.0,2,TLE Electrical Artarmon,65 Reserve Road,,St Leonards,2065,CCS (Type 2) | CHAdeMO,22,2,1,Operational,Public - Membership Required,$0.30/kWh,2023-07-15T07:52:00Z,Open Charge Map Contributors,reject,Not the strongest candidate or evidence is insufficient.,,
ev_234ff3668c0a897f2bbb0022a0135cf1fc425b8492871ec633d8a3ec5153af17,266872,6,4,,rejected_candidate,2240.5,True,False,0.0,0,False,Chargefox,Chargefox,"405 Pacific Hwy, Sydney, 2064",50.0,2,Chatswood Chase Chargefox,345 Victoria Avenue,,Chatswood,2067,CCS (Type 2),120,2,2,Operational,Public - Membership Required,$0.45/kWh,2023-07-13T08:44:00Z,Open Charge Map Contributors,reject,Not the strongest candidate or evidence is insufficient.,,
ev_234ff3668c0a897f2bbb0022a0135cf1fc425b8492871ec633d8a3ec5153af17,191165,7,1,,rejected_candidate,778.5,False,False,0.0,0,True,Chargefox,Evie,"405 Pacific Hwy, Sydney, 2064",50.0,2,Evie Lane Cove,2 Rosenthal Ave,“The Canopy”,Lane Cove,,CCS (Type 2) | CHAdeMO,50,4,2,Operational,Public - Membership Required,$0.40/kWh,2023-07-15T12:03:00Z,Open Charge Map Contributors,reject,Not the strongest candidate or evidence is insufficient.,,
ev_234ff3668c0a897f2bbb0022a0135cf1fc425b8492871ec633d8a3ec5153af17,272632,8,1,,rejected_candidate,1968.2,False,False,0.0,0,True,Chargefox,Evie,"405 Pacific Hwy, Sydney, 2064",50.0,2,Civic Plaza 88 Christie,88 Christie St,,St Leonards,2065,CCS (Type 2) | CHAdeMO,50,4,2,Operational,Public - Membership Required,,2023-07-15T12:12:00Z,Open Charge Map Contributors,reject,Not the strongest candidate or evidence is insufficient.,,
ev_234ff3668c0a897f2bbb0022a0135cf1fc425b8492871ec633d8a3ec5153af17,272694,9,1,,rejected_candidate,2898.0,False,False,0.0,0,True,Chargefox,Evie,"405 Pacific Hwy, Sydney, 2064",50.0,2,Northbridge Plaza,9 Eastern Valley Way,,Northbridge,2063,CCS (Type 2) | CHAdeMO,50,4,1,Operational,Public - Membership Required,,2023-07-16T23:09:00Z,Open Charge Map Contributors,reject,Not the strongest candidate or evidence is insufficient.,,
ev_8434f097dc829e2766feb3e46b61eaa7d6358e0d3ffca3b9d8dcfe0916c4aad6,190225,1,6,1,manual_review,4388.4,False,True,0.333,1,True,BP,Chargefox,"41 Bruxner Hwy, Ballina, 2478",75.0,2,NRMA Ballina,44 Bangalow Road,,Ballina,2478,CCS (Type 2) | CHAdeMO,50 | 84,4,3,Partly Operational (Mixed),Public - Membership Required,"Ultra-Rapid: $0.60/kWh, Rapid: $0.40/kWh",2023-07-13T11:04:00Z,Open Charge Map Contributors,manual_review,Top candidate has partial evidence but does not satisfy the high-confidence rule.,,
ev_8434f097dc829e2766feb3e46b61eaa7d6358e0d3ffca3b9d8dcfe0916c4aad6,72049,2,5,,rejected_candidate,4628.1,False,True,0.333,1,False,BP,(Business Owner at Location),"41 Bruxner Hwy, Ballina, 2478",75.0,2,Ballina Day Surgery,46 Tamar St,,Baillina,2478,Type 2 (Tethered Connector) ,22,,1,Operational,"Private - For Staff, Visitors or Customers",,2016-10-05T06:59:00Z,Open Charge Map Contributors,reject,Not the strongest candidate or evidence is insufficient.,,
ev_df5675458ba4b3c5fc9aede1a721040097e22b3439e39438bce1c292475ed583,272619,1,9,9,operator_address_power,2520.4,True,False,0.667,2,True,Chargefox,Chargefox,"417-439 Bunnerong Rd, Sydney, 2035",25.0,8,The Heffron Centre,439 Bunnerong Road,,Chifley,2036,CCS (Type 2) | CHAdeMO,25,8,8,Operational,Public - Membership Required,Free - $0.42/kWh,2023-07-15T09:08:00Z,Open Charge Map Contributors,auto_accept,High-confidence top candidate selected by operator_address_power.,,
ev_ba237782f850e8ed1d3609c4f53a9e89449764dde1c70a6b662eb7b9499730e5,299879,1,13,3,operator_postcode_address,107.6,True,True,0.5,1,False,Chargefox,Chargefox,"42 Camden Rd, Sydney, 2560",200.0,4,Chargefox Charging Station,38 Camden Rd,,Campbelltown,2560,CCS (Type 2) | CHAdeMO,65 | 75,4,1,Operational,Public - Membership Required,$0.60/kWh,2024-06-11T09:50:00Z,Open Charge Map Contributors,auto_accept,High-confidence top candidate selected by operator_postcode_address.,,
ev_ba237782f850e8ed1d3609c4f53a9e89449764dde1c70a6b662eb7b9499730e5,266501,2,10,,rejected_candidate,126.8,False,True,0.5,1,True,Chargefox,Tesla (Tesla-only charging),"42 Camden Rd, Sydney, 2560",200.0,4,Campbelltown Supercharger,20-22 Camden Road,,Campbelltown,2560,CCS (Type 2),250,12,12,Operational,Public - Membership Required,$0.66/kWh,2023-06-08T03:24:00Z,Open Charge Map Contributors,reject,Not the strongest candidate or evidence is insufficient.,,
ev_ba237782f850e8ed1d3609c4f53a9e89449764dde1c70a6b662eb7b9499730e5,157596,3,8,,rejected_candidate,839848.5,True,False,0.5,1,False,Chargefox,Chargefox,"42 Camden Rd, Sydney, 2560",200.0,4,Scottsdale Art Gallery Cafe,42 King St,,Scottsdale,7260,CHAdeMO | CCS (Type 2),50,2,1,Operational,Public - Membership Required,"$0.50 per kWh 7am-10am/4pm-9pm Monday - Friday, $0.40 other times",2023-07-13T23:03:00Z,Open Charge Map Contributors,reject,Not the strongest candidate or evidence is insufficient.,,
ev_ba237782f850e8ed1d3609c4f53a9e89449764dde1c70a6b662eb7b9499730e5,194383,4,8,,rejected_candidate,3246254.2,True,False,0.5,1,False,Chargefox,Chargefox,"42 Camden Rd, Sydney, 2560",200.0,4,Mineral Resources Park,42 Bishopsgate Street,,Lathlain,6100,CCS (Type 2) | Type 2 (Socket Only),22 | 75,4,2,Operational,Public - Membership Required,$0.50 per kWh,2023-06-21T07:39:00Z,Open Charge Map Contributors,reject,Not the strongest candidate or evidence is insufficient.,,
ev_47e7e2089932648b25dd278419c9d6c5e8a809d21a90ac85d142a33219d4076c,190225,1,18,13,operator_postcode_address,35.2,True,True,1.0,3,True,Chargefox,Chargefox,"44 Bangalow Rd, Ballina, 2478",120.0,4,NRMA Ballina,44 Bangalow Road,,Ballina,2478,CCS (Type 2) | CHAdeMO,50 | 84,4,3,Partly Operational (Mixed),Public - Membership Required,"Ultra-Rapid: $0.60/kWh, Rapid: $0.40/kWh",2023-07-13T11:04:00Z,Open Charge Map Contributors,auto_accept,High-confidence top candidate selected by operator_postcode_address.,,
ev_47e7e2089932648b25dd278419c9d6c5e8a809d21a90ac85d142a33219d4076c,72049,2,5,,rejected_candidate,1488.0,False,True,0.333,1,False,Chargefox,(Business Owner at Location),"44 Bangalow Rd, Ballina, 2478",120.0,4,Ballina Day Surgery,46 Tamar St,,Baillina,2478,Type 2 (Tethered Connector) ,22,,1,Operational,"Private - For Staff, Visitors or Customers",,2016-10-05T06:59:00Z,Open Charge Map Contributors,reject,Not the strongest candidate or evidence is insufficient.,,
ev_228ca2fa3c0bcd13b3ea654e968a833a06f616c8e49b53b04482f9a89fda091d,192687,1,5,5,manual_review,1501.7,True,False,0.0,0,True,JOLT,Jolt,"44 Broadarrow Rd, Sydney, 2209",25.0,2,Stanley St Peakhurst NSW,17-25 Stanley St,, Peakhurst ,2210,CCS (Type 2) | CHAdeMO,25,2,2,Operational,Public - Pay At Location,0.40,2023-06-06T12:14:00Z,Open Charge Map Contributors,manual_review,Top candidate has partial evidence but does not satisfy the high-confidence rule.,,
ev_228ca2fa3c0bcd13b3ea654e968a833a06f616c8e49b53b04482f9a89fda091d,272617,2,0,,rejected_candidate,1502.0,False,False,0.0,0,False,JOLT,Chargefox,"44 Broadarrow Rd, Sydney, 2209",25.0,2,ENGIE - Roselands Shopping Centre,24 Roselands Drive,,Roselands,2196,CCS (Type 2),120,2,2,Operational,Public - Membership Required,$0.45/kWh,2023-07-15T09:01:00Z,Open Charge Map Contributors,reject,Not the strongest candidate or evidence is insufficient.,,
ev_eec7e781cb5a23a9345325483eb51a2bcb87044c417ea945c6f25d074642c115,273220,1,18,18,operator_postcode_address,31.2,True,True,1.0,3,True,Chargefox,Chargefox,"44 Molesworth St, Lismore, 2480",75.0,2,Lismore City Council,44 Molesworth St,,Lismore,2480,CCS (Type 2) | CHAdeMO,63 | 75,2,1,Operational,Public - Membership Required,$0.50 per kWh,2025-09-05T00:49:00Z,Open Charge Map Contributors,auto_accept,High-confidence top candidate selected by operator_postcode_address.,,
ev_ce3348fec3fb23328c58c5a2655b4fcf0415c1ca4024870317ab56b3a0ba56f2,489555,1,9,5,manual_review,208039.9,True,False,0.5,1,True,Exploren,Exploren,"455 George St, Sydney, 2000",60.0,2,Lake George Winery,173 The Vineyards Road,,Lake George,2581,CCS (Type 2),60,2,1,Operational,Public - Membership Required,$0.58/kWh,2026-05-18T12:30:00Z,Open Charge Map Contributors,manual_review,Top candidate has partial evidence but does not satisfy the high-confidence rule.,,
ev_ce3348fec3fb23328c58c5a2655b4fcf0415c1ca4024870317ab56b3a0ba56f2,54547,2,4,,rejected_candidate,277.4,False,True,0.0,0,False,Exploren,Tesla (Tesla-only charging),"455 George St, Sydney, 2000",60.0,2,Westfield Sydney - Valet Parking,135 King Street,,Sydney,2000,Tesla (Model S/X),7.6,2,2,Operational,Public,Free,2017-01-31T16:45:00Z,Open Charge Map Contributors,reject,Not the strongest candidate or evidence is insufficient.,,
ev_ce3348fec3fb23328c58c5a2655b4fcf0415c1ca4024870317ab56b3a0ba56f2,55007,3,3,,rejected_candidate,1744.0,False,True,0.0,0,False,Exploren,Tesla (Tesla-only charging),"455 George St, Sydney, 2000",60.0,2,Park Hyatt Sydney,7 Hickson Road,,The Rocks,2000,Tesla (Model S/X),7.6,2,2,Operational,Public - Pay At Location,Free,2017-01-31T18:52:00Z,Open Charge Map Contributors,reject,Not the strongest candidate or evidence is insufficient.,,
ev_ce3348fec3fb23328c58c5a2655b4fcf0415c1ca4024870317ab56b3a0ba56f2,272614,4,1,,rejected_candidate,2857.7,False,False,0.0,0,True,Exploren,Chargefox,"455 George St, Sydney, 2000",60.0,2,Mirvac South Eveleigh,2 Central Avenue,,Eveleigh,2015,CCS (Type 2) | CHAdeMO | Type 2 (Socket Only),22 | 50,8,4,Operational,Public - Membership Required,Free,2023-07-15T07:56:00Z,Open Charge Map Contributors,reject,Not the strongest candidate or evidence is insufficient.,,
ev_ce3348fec3fb23328c58c5a2655b4fcf0415c1ca4024870317ab56b3a0ba56f2,100404,5,0,,rejected_candidate,1712.0,False,False,0.0,0,False,Exploren,Tesla (Tesla-only charging),"455 George St, Sydney, 2000",60.0,2,Broadway Supercharger,1 Bay Street,,Broadway,2007,CCS (Type 2),120,8,8,Operational,Public - Membership Required,AUD 0.42/kWh;other tariffs for older cars,2025-03-21T01:01:00Z,Open Charge Map Contributors,reject,Not the strongest candidate or evidence is insufficient.,,
ev_ce3348fec3fb23328c58c5a2655b4fcf0415c1ca4024870317ab56b3a0ba56f2,311308,6,0,,rejected_candidate,1729.4,False,False,0.0,0,False,Exploren,Tesla (including non-tesla),"455 George St, Sydney, 2000",60.0,2,Tesla Destination Charger,1 Bay Street,,Broadway,2007,CCS (Type 2),22,3,3,Operational,Public,0,2025-03-29T03:34:00Z,Open Charge Map Contributors,reject,Not the strongest candidate or evidence is insufficient.,,
ev_1564f1fb86932b29803fe444a72d3faaa6a19003595d42dfff3db9f45124bc91,266540,1,18,9,operator_postcode_address,1.8,True,True,1.0,3,True,Evie,Evie,"4-6 New St, Lawson NSW 2783",50.0,4,Evie Lawson,4-6 New Street,,Lawson,2783,CCS (Type 2) | CHAdeMO,50,4,2,Operational,Public,$0.45 per kWh. ,2023-07-15T13:41:00Z,Open Charge Map Contributors,auto_accept,High-confidence top candidate selected by operator_postcode_address.,,
ev_1564f1fb86932b29803fe444a72d3faaa6a19003595d42dfff3db9f45124bc91,272633,2,9,,rejected_candidate,72468.4,True,False,0.667,2,True,Evie,Evie,"4-6 New St, Lawson NSW 2783",50.0,4,Belrose Home,4-6 Niangala Close,,Belrose,2085,CCS (Type 2) | CHAdeMO,50,4,2,Operational,Public - Membership Required,,2023-07-15T12:14:00Z,Open Charge Map Contributors,reject,Not the strongest candidate or evidence is insufficient.,,
ev_78e4df6810e978674c50b62d2751706a256c37d1f1b76f5c25970159d4315622,272633,1,18,9,operator_postcode_address,31.1,True,True,0.8,4,True,Evie,Evie,"4-6 Niangala Cl, Belrose NSW 2085",50.0,4,Belrose Home,4-6 Niangala Close,,Belrose,2085,CCS (Type 2) | CHAdeMO,50,4,2,Operational,Public - Membership Required,,2023-07-15T12:14:00Z,Open Charge Map Contributors,auto_accept,High-confidence top candidate selected by operator_postcode_address.,,
ev_78e4df6810e978674c50b62d2751706a256c37d1f1b76f5c25970159d4315622,266540,2,9,,rejected_candidate,72491.6,True,False,0.5,2,True,Evie,Evie,"4-6 Niangala Cl, Belrose NSW 2085",50.0,4,Evie Lawson,4-6 New Street,,Lawson,2783,CCS (Type 2) | CHAdeMO,50,4,2,Operational,Public,$0.45 per kWh. ,2023-07-15T13:41:00Z,Open Charge Map Contributors,reject,Not the strongest candidate or evidence is insufficient.,,
ev_78e4df6810e978674c50b62d2751706a256c37d1f1b76f5c25970159d4315622,130686,3,0,,rejected_candidate,1854.6,False,False,0.0,0,False,Evie,(Business Owner at Location),"4-6 Niangala Cl, Belrose NSW 2085",50.0,4,Tastebuds Tesla Charger,Mona Vale Road,Terrey Hills,Sydney,2084,Tesla (Model S/X),22,2,2,Operational,"Private - For Staff, Visitors or Customers",,2019-08-11T10:32:00Z,Open Charge Map Contributors,reject,Not the strongest candidate or evidence is insufficient.,,
ev_eee66a2fcf6b1a1b2b12b518bc0c7f4636917257e24744d5c2123eaf8befa718,272613,1,1,1,rejected_candidate,1498.0,False,False,0.0,0,True,JOLT,Chargefox,"472 Pacific Hwy, Sydney, 2066",25.0,2,TLE Electrical Artarmon,65 Reserve Road,,St Leonards,2065,CCS (Type 2) | CHAdeMO,22,2,1,Operational,Public - Membership Required,$0.30/kWh,2023-07-15T07:52:00Z,Open Charge Map Contributors,reject,Not the strongest candidate or evidence is insufficient.,,
ev_eee66a2fcf6b1a1b2b12b518bc0c7f4636917257e24744d5c2123eaf8befa718,191165,2,0,,rejected_candidate,1059.2,False,False,0.0,0,False,JOLT,Evie,"472 Pacific Hwy, Sydney, 2066",25.0,2,Evie Lane Cove,2 Rosenthal Ave,“The Canopy”,Lane Cove,,CCS (Type 2) | CHAdeMO,50,4,2,Operational,Public - Membership Required,$0.40/kWh,2023-07-15T12:03:00Z,Open Charge Map Contributors,reject,Not the strongest candidate or evidence is insufficient.,,
ev_eee66a2fcf6b1a1b2b12b518bc0c7f4636917257e24744d5c2123eaf8befa718,266872,3,0,,rejected_candidate,1644.4,False,False,0.0,0,False,JOLT,Chargefox,"472 Pacific Hwy, Sydney, 2066",25.0,2,Chatswood Chase Chargefox,345 Victoria Avenue,,Chatswood,2067,CCS (Type 2),120,2,2,Operational,Public - Membership Required,$0.45/kWh,2023-07-13T08:44:00Z,Open Charge Map Contributors,reject,Not the strongest candidate or evidence is insufficient.,,
ev_eee66a2fcf6b1a1b2b12b518bc0c7f4636917257e24744d5c2123eaf8befa718,272632,4,0,,rejected_candidate,2315.6,False,False,0.0,0,False,JOLT,Evie,"472 Pacific Hwy, Sydney, 2066",25.0,2,Civic Plaza 88 Christie,88 Christie St,,St Leonards,2065,CCS (Type 2) | CHAdeMO,50,4,2,Operational,Public - Membership Required,,2023-07-15T12:12:00Z,Open Charge Map Contributors,reject,Not the strongest candidate or evidence is insufficient.,,
ev_eee66a2fcf6b1a1b2b12b518bc0c7f4636917257e24744d5c2123eaf8befa718,272694,5,0,,rejected_candidate,2776.5,False,False,0.0,0,False,JOLT,Evie,"472 Pacific Hwy, Sydney, 2066",25.0,2,Northbridge Plaza,9 Eastern Valley Way,,Northbridge,2063,CCS (Type 2) | CHAdeMO,50,4,1,Operational,Public - Membership Required,,2023-07-16T23:09:00Z,Open Charge Map Contributors,reject,Not the strongest candidate or evidence is insufficient.,,
ev_b7b3e97eff16a695e0385068da494b0615ecc9ed4498c6df4062955d2d61079e,193937,1,7,1,manual_review,1559.0,True,False,0.25,1,True,Chargefox,Chargefox,"47-49A Cleary St, Newcastle, 2303",60.0,2,Sportsground No.2 [Chargefox],Smith Street,,Newcastle,2300,Type 2 (Socket Only) | CCS (Type 2),22 | 60,6,5,Partly Operational (Mixed),Public - Membership Required,Free,2023-07-29T09:40:00Z,Open Charge Map Contributors,manual_review,Top candidate has partial evidence but does not satisfy the high-confidence rule.,,
ev_b7b3e97eff16a695e0385068da494b0615ecc9ed4498c6df4062955d2d61079e,161831,2,6,,rejected_candidate,2934.2,True,False,0.25,1,False,Chargefox,Chargefox,"47-49A Cleary St, Newcastle, 2303",60.0,2,Wharf Road Carpark (Chargefox),250 Wharf Road,,Newcastle,2300,Type 2 (Socket Only),22,4,4,Operational,Public - Membership Required,Currently free thanks to City of Newcastle,2023-07-13T22:55:00Z,Open Charge Map Contributors,reject,Not the strongest candidate or evidence is insufficient.,,
ev_4898819f105c63524ff2a94681c43c3a89638dc296623f807882d506e2ea5c85,307774,1,9,0,manual_review,687037.4,True,False,0.5,1,True,Ampol,Ampol AmpCharge,"481 Princes Hwy, Sydney, 2232",150.0,2,Ampcharge Sandown,Princes Highway,,Sandown,,CCS (Type 2),180,2,2,Operational,Public - Membership Required,,2025-01-23T07:44:00Z,Open Charge Map Contributors,manual_review,Top candidate has partial evidence but does not satisfy the high-confidence rule.,,
ev_4898819f105c63524ff2a94681c43c3a89638dc296623f807882d506e2ea5c85,307759,2,9,,rejected_candidate,790838.8,True,False,0.5,1,True,Ampol,Ampol AmpCharge,"481 Princes Hwy, Sydney, 2232",150.0,2,Ampol Foodary,Princes Highway,,Winchelsea,,CCS (Type 2) | CHAdeMO,100 | 180,2,1,Operational,Public - Membership Required,$0.60/kWh for pay-as-you-go charging.,2025-01-23T07:44:00Z,Open Charge Map Contributors,reject,Not the strongest candidate or evidence is insufficient.,,
ev_4898819f105c63524ff2a94681c43c3a89638dc296623f807882d506e2ea5c85,461732,3,8,,rejected_candidate,752198.4,True,False,0.5,1,False,Ampol,Ampol AmpCharge,"481 Princes Hwy, Sydney, 2232",150.0,2,Shell Recharge Corio,Princes Highway,,Norlane,,CCS (Type 2),350,4,4,Operational,Public - Membership Required,,2025-10-05T04:04:00Z,Open Charge Map Contributors,reject,Not the strongest candidate or evidence is insufficient.,,
ev_4898819f105c63524ff2a94681c43c3a89638dc296623f807882d506e2ea5c85,191280,4,7,,rejected_candidate,752.6,False,True,0.5,1,False,Ampol,Tesla (Tesla-only charging),"481 Princes Hwy, Sydney, 2232",150.0,2,Tesla Supercharger South Village,Princes Highway,,Kirrawee,2232,CCS (Type 2),250,0,6,Operational,Public - Membership Required,$0.52/kWh,2022-02-02T13:08:00Z,Open Charge Map Contributors,reject,Not the strongest candidate or evidence is insufficient.,,
ev_4898819f105c63524ff2a94681c43c3a89638dc296623f807882d506e2ea5c85,191052,5,3,,rejected_candidate,867.4,False,True,0.0,0,False,Ampol,Chargefox,"481 Princes Hwy, Sydney, 2232",150.0,2,Woolworths Kireawee,28-34 Flora Street,,Kirrawee,2232,Type 2 (Socket Only),22,4,4,Operational,Public - Membership Required,FREE,2023-07-13T10:55:00Z,Open Charge Map Contributors,reject,Not the strongest candidate or evidence is insufficient.,,
ev_ff4933525cec77ae13c39d6eb49d85d04e228eb4969422e6fb33776bd30c4e85,497952,1,8,8,manual_review,244116.7,True,False,0.5,1,False,Exploren,Exploren,"5 Ray St, Sydney, 2074",40.0,2,Bunnings Gungahlin,5 Hibberson St,,Gungahlin,2912,CCS (Type 2),120,2,2,Operational,Public,,2026-07-12T03:02:00Z,Open Charge Map Contributors,manual_review,Top candidate has partial evidence but does not satisfy the high-confidence rule.,,
ev_54c7f9cd51519c126751574087d753c0fc8cca2af89f6f0068160aed091832c5,273904,1,0,0,rejected_candidate,1685.9,False,False,0.0,0,False,Evie,Chargefox,"5 Willowdale Dr, Denham Court NSW 2565",75.0,4,Leppington Village Shopping Centre,108 Ingleburn Rd,,Leppington,2179,Type 2 (Socket Only),7,6,6,Operational,Public - Membership Required,Free,2023-09-06T03:31:00Z,Open Charge Map Contributors,reject,Not the strongest candidate or evidence is insufficient.,,
ev_f1f06931c602bc959e300b57c55ddc6bf3943bc9155cb6f6bb461bb07b128fad,190682,1,14,14,operator_postcode_address,284312.0,True,True,1.0,3,True,NRMA,NRMA,"50 Bathurst St, Brewarrina, NSW 2839, Australia",75.0,4,Brewarrina [NRMA],50 Bathurst Street,,Brewarrina,2839,CCS (Type 2) | CHAdeMO,50,2,1,Planned For Future Date,Public,Currently free but will be fee at some point.,2021-12-17T04:02:00Z,Open Charge Map Contributors,auto_accept,High-confidence top candidate selected by operator_postcode_address.,,
ev_ea498989b70f9f43d58d75d34d38964e4cdcfadebc10e2b8a3dcbf5464998a96,272634,1,1,0,rejected_candidate,2039.0,False,False,0.0,0,True,Chargefox,Evie,"50 O'Sullivan Rd, Sydney, 2029",40.0,2,Eastgate Bondi Junction,"91 Spring St , NSW 2022",,Bondi Junction,2022,CCS (Type 2) | CHAdeMO,50,4,2,Operational,Public - Membership Required,,2023-07-15T12:17:00Z,Open Charge Map Contributors,reject,Not the strongest candidate or evidence is insufficient.,,
ev_ea498989b70f9f43d58d75d34d38964e4cdcfadebc10e2b8a3dcbf5464998a96,272689,2,1,,rejected_candidate,2514.7,False,False,0.0,0,True,Chargefox,Evie,"50 O'Sullivan Rd, Sydney, 2029",40.0,2,Dorhauer Lane,Dorhauer Lane,,Woollahra,2025,CCS (Type 2) | CHAdeMO,50,2,1,Operational,Public - Membership Required,,2023-07-16T22:09:00Z,Open Charge Map Contributors,reject,Not the strongest candidate or evidence is insufficient.,,
ev_77aa2227a11d575ba8958a17d4eaf36b45f3411139c53fa902461f52c9675e7f,273436,1,4,3,rejected_candidate,1066.4,False,True,0.0,0,True,Ampol,BP Pulse (AU),"516 Punchbowl Rd Cnr Wangee Rd, Lakemba, NSW, 2195",125.0,2,Wiley Park [bp pulse],24-42 King Georges Road,,Wiley Park,2195,CCS (Type 2) | CHAdeMO,75,2,1,Operational,Public - Membership Required,55c/kWh,2023-08-09T12:50:00Z,Open Charge Map Contributors,reject,Not the strongest candidate or evidence is insufficient.,,
ev_77aa2227a11d575ba8958a17d4eaf36b45f3411139c53fa902461f52c9675e7f,272617,2,1,,rejected_candidate,2640.4,False,False,0.0,0,True,Ampol,Chargefox,"516 Punchbowl Rd Cnr Wangee Rd, Lakemba, NSW, 2195",125.0,2,ENGIE - Roselands Shopping Centre,24 Roselands Drive,,Roselands,2196,CCS (Type 2),120,2,2,Operational,Public - Membership Required,$0.45/kWh,2023-07-15T09:01:00Z,Open Charge Map Contributors,reject,Not the strongest candidate or evidence is insufficient.,,
ev_77aa2227a11d575ba8958a17d4eaf36b45f3411139c53fa902461f52c9675e7f,157463,3,0,,rejected_candidate,2862.2,False,False,0.0,0,False,Ampol,EO Charging,"516 Punchbowl Rd Cnr Wangee Rd, Lakemba, NSW, 2195",125.0,2,Canterbury Bankstown Council,21 Shakespeare St,,Campsie,2194,Type 2 (Socket Only),7,2,2,Operational,Public,Free,2020-06-09T06:22:00Z,Open Charge Map Contributors,reject,Not the strongest candidate or evidence is insufficient.,,
ev_fad45506352edddca534734eaf39d8b3b5c39fdf3969b832490978804ec259cd,172920,1,18,5,operator_postcode_address,27.9,True,True,0.75,3,True,NRMA,NRMA,"528 John Oxley Dr, Thrumster, 2444",50.0,2,Sovereign Place [NRMA],John Oxley Drive,,Thrumster,2444,CCS (Type 2),50,4,2,Operational,Public,$0.64/kWh,2026-07-14T23:42:00Z,Open Charge Map Contributors,auto_accept,High-confidence top candidate selected by operator_postcode_address.,,
ev_fad45506352edddca534734eaf39d8b3b5c39fdf3969b832490978804ec259cd,480398,2,13,,rejected_candidate,44.6,False,True,1.0,3,False,NRMA,Tesla (including non-tesla),"528 John Oxley Dr, Thrumster, 2444",50.0,2,John Oxley Drive,John Oxley Drive,Thrumster,,2444,CCS (Type 2),250,1,12,Operational,Public - Membership Required,,2026-03-19T05:06:00Z,Open Charge Map Contributors,reject,Not the strongest candidate or evidence is insufficient.,,
ev_fad45506352edddca534734eaf39d8b3b5c39fdf3969b832490978804ec259cd,172921,3,7,,rejected_candidate,834.5,False,True,0.5,2,False,NRMA,Chargefox,"528 John Oxley Dr, Thrumster, 2444",50.0,2,Port Macquarie Service Centre [Chargefox],1063 Oxley Highway,,Thrumster,2444,CCS (Type 2) | CHAdeMO,100 | 350,4,2,Operational,Public,"$0.60/kWh, 20% discount for NRMA members",2026-09-01T11:39:00Z,Open Charge Map Contributors,reject,Not the strongest candidate or evidence is insufficient.,,
ev_fad45506352edddca534734eaf39d8b3b5c39fdf3969b832490978804ec259cd,79311,4,3,,rejected_candidate,2465.8,False,True,0.0,0,False,NRMA,Tesla (Tesla-only charging),"528 John Oxley Dr, Thrumster, 2444",50.0,2,Port Macquarie Supercharger [Tesla],764 Pacific Highway,,Port Macquarie,2444,CCS (Type 2),120,6,6,Operational,Public - Membership Required,AUD 0.52/kWh,2021-12-19T01:54:00Z,Open Charge Map Contributors,reject,Not the strongest candidate or evidence is insufficient.,,
ev_3a46df09a2d19b8dd5c0d3aeaf5466a14559c8ea01a349b2112c326b6a27a245,190003,1,11,0,manual_review,8.5,False,True,0.5,1,False,Chargefox,NRMA,"53 Sydney Rd, Goulburn, 2580",50.0,2,Sydney Road,Sydney Road,Bradfordville,Goulburn,2580,CCS (Type 2),210,4,4,Operational,Public - Membership Required,$0.64 / kWh,2026-07-15T01:58:00Z,Open Charge Map Contributors,manual_review,Top candidate has partial evidence but does not satisfy the high-confidence rule.,accept,Coordinates are 8.5 m apart and postcode and Sydney Road location agree.
ev_3a46df09a2d19b8dd5c0d3aeaf5466a14559c8ea01a349b2112c326b6a27a245,296038,2,11,,rejected_candidate,5867.0,True,True,0.5,1,False,Chargefox,Chargefox,"53 Sydney Rd, Goulburn, 2580",50.0,2,KFC Goulburn,Lockyer Street,,Goulburn,2580,CCS (Type 2),75,2,2,Operational,Public - Membership Required,,2025-01-24T09:21:00Z,Open Charge Map Contributors,reject,Not the strongest candidate or evidence is insufficient.,,
ev_3a46df09a2d19b8dd5c0d3aeaf5466a14559c8ea01a349b2112c326b6a27a245,189982,3,7,,rejected_candidate,1858.3,False,True,0.5,1,False,Chargefox,(Unknown Operator),"53 Sydney Rd, Goulburn, 2580",50.0,2,Best Western Plus Goulburn,77 Lagoon St,,Goulburn,2580,Type 2 (Tethered Connector) ,22,1,2,Operational,Public - Pay At Location,,2021-11-15T08:11:00Z,Open Charge Map Contributors,reject,Not the strongest candidate or evidence is insufficient.,,
ev_3a46df09a2d19b8dd5c0d3aeaf5466a14559c8ea01a349b2112c326b6a27a245,189983,4,7,,rejected_candidate,2808.5,False,True,0.5,1,False,Chargefox,(Unknown Operator),"53 Sydney Rd, Goulburn, 2580",50.0,2,Goulburn Visitor Information Centre,201 Sloane St,,Goulburn,2580,Type 2 (Tethered Connector) ,7,1,1,Operational,Public,,2021-11-15T08:13:00Z,Open Charge Map Contributors,reject,Not the strongest candidate or evidence is insufficient.,,
ev_3a46df09a2d19b8dd5c0d3aeaf5466a14559c8ea01a349b2112c326b6a27a245,79851,5,4,,rejected_candidate,2752.7,False,False,0.5,1,False,Chargefox,Tesla (Tesla-only charging),"53 Sydney Rd, Goulburn, 2580",50.0,2,Goulburn Supercharger [Tesla],201 Sloan St,,Goulburn,,CCS (Type 2),120,8,8,Operational,Public - Membership Required,$0.52/kWh,2021-12-19T02:14:00Z,Open Charge Map Contributors,reject,Not the strongest candidate or evidence is insufficient.,,
ev_9f1adf8af8ddf34cd41e1e3356f2d55806dded2ced049f3a24a77181f2cac4ae,190706,1,16,7,operator_postcode_address,89.6,True,True,0.75,3,True,Evie,Evie,"53A Orient St, Batemans Bay, 2536",50.0,2,Dan Murphy's,51 Orient Street,,Batemans Bay,2536,CCS (Type 2) | CHAdeMO,50,2,1,Operational,Public - Membership Required,50c per kWh energy consumed.,2023-07-12T22:38:00Z,Open Charge Map Contributors,auto_accept,High-confidence top candidate selected by operator_postcode_address.,,
ev_9f1adf8af8ddf34cd41e1e3356f2d55806dded2ced049f3a24a77181f2cac4ae,157566,2,9,,rejected_candidate,312.3,False,True,0.5,2,True,Evie,NRMA,"53A Orient St, Batemans Bay, 2536",50.0,2,Batemans Bay Visitor Centre [NRMA],2A Beach Road,,Batemans Bay,2536,CCS (Type 2) | CHAdeMO,50,2,1,Operational,Public,,2021-12-19T02:29:00Z,Open Charge Map Contributors,reject,Not the strongest candidate or evidence is insufficient.,,
ev_9f1adf8af8ddf34cd41e1e3356f2d55806dded2ced049f3a24a77181f2cac4ae,209950,3,8,,rejected_candidate,453.5,False,True,0.5,2,False,Evie,NRMA,"53A Orient St, Batemans Bay, 2536",50.0,2,Batemans Bay Regional Arts Aquatic & Leisure Centre [NRMA],12 Vesper Street,,Batemans Bay,2536,CHAdeMO | CCS (Type 2),75,4,2,Operational,Public - Membership Required,FREE,2022-11-16T10:13:00Z,Open Charge Map Contributors,reject,Not the strongest candidate or evidence is insufficient.,,
ev_9f1adf8af8ddf34cd41e1e3356f2d55806dded2ced049f3a24a77181f2cac4ae,272603,4,3,,rejected_candidate,2876.0,False,True,0.0,0,False,Evie,Chargefox,"53A Orient St, Batemans Bay, 2536",50.0,2,The Isla,222 Beach Road,,Batehaven,2536,Type 2 (Socket Only),7,1,1,Operational,Public - Membership Required,$0.60/kWh,2023-07-15T06:56:00Z,Open Charge Map Contributors,reject,Not the strongest candidate or evidence is insufficient.,,
ev_f517669e59d69e5e950ef66845405d9c899cfedcca88f2b21dbcbf5201dc69ec,272684,1,3,3,rejected_candidate,2777.5,False,True,0.0,0,False,JOLT,Evie,"54 Brighton St, Sydney, 2132",25.0,2,BP Ashfield,586A Parramatta Rd,,Croydon,2132,CCS (Type 2) | CHAdeMO,50,4,2,Operational,Public - Membership Required,,2023-07-16T21:56:00Z,Open Charge Map Contributors,reject,Not the strongest candidate or evidence is insufficient.,,
ev_f517669e59d69e5e950ef66845405d9c899cfedcca88f2b21dbcbf5201dc69ec,272641,2,0,,rejected_candidate,1407.5,False,False,0.0,0,False,JOLT,Evie,"54 Brighton St, Sydney, 2132",25.0,2,Ashfield Mall,260A Liverpool Rd,,Ashfield,2131,CCS (Type 2) | CHAdeMO,50,4,2,Operational,Public - Membership Required,,2023-07-15T13:50:00Z,Open Charge Map Contributors,reject,Not the strongest candidate or evidence is insufficient.,,
ev_f517669e59d69e5e950ef66845405d9c899cfedcca88f2b21dbcbf5201dc69ec,157463,3,0,,rejected_candidate,1529.7,False,False,0.0,0,False,JOLT,EO Charging,"54 Brighton St, Sydney, 2132",25.0,2,Canterbury Bankstown Council,21 Shakespeare St,,Campsie,2194,Type 2 (Socket Only),7,2,2,Operational,Public,Free,2020-06-09T06:22:00Z,Open Charge Map Contributors,reject,Not the strongest candidate or evidence is insufficient.,,
ev_f517669e59d69e5e950ef66845405d9c899cfedcca88f2b21dbcbf5201dc69ec,157457,4,0,,rejected_candidate,1995.3,False,False,0.0,0,False,JOLT,EO Charging,"54 Brighton St, Sydney, 2132",25.0,2,Charles Street Parking/Charging,10B Charles St,2193,Canterbury,,Type 2 (Socket Only),7,1,1,Operational,Public,Free,2020-06-10T21:39:00Z,Open Charge Map Contributors,reject,Not the strongest candidate or evidence is insufficient.,,
ev_82089ad0a3d84c3f1f7df8c12f86bb44dce02df65e88e7202a54572bac9b7164,272635,1,18,18,operator_postcode_address,13.9,True,True,1.0,5,True,Evie,Evie,"54-76 Captain Cook Dr, Caringbah NSW 2229",75.0,4,BP Caringbah,54-76 Captain Cook Drive,,Caringbah,2229,CCS (Type 2) | CHAdeMO,50,4,2,Operational,Public - Membership Required,,2023-07-15T12:20:00Z,Open Charge Map Contributors,auto_accept,High-confidence top candidate selected by operator_postcode_address.,,
ev_9b6c01f968cf8bb9d51434e97a6df989705a2927a4add08f8051bf2fa245d358,272619,1,8,8,manual_review,1505.2,False,True,0.5,1,True,JOLT,Chargefox,"550 Bunnerong Rd, Sydney, 2036",25.0,2,The Heffron Centre,439 Bunnerong Road,,Chifley,2036,CCS (Type 2) | CHAdeMO,25,8,8,Operational,Public - Membership Required,Free - $0.42/kWh,2023-07-15T09:08:00Z,Open Charge Map Contributors,manual_review,Top candidate has partial evidence but does not satisfy the high-confidence rule.,,
ev_7adff80b899ce44c1161bce9128711c02b1ad3bb6c51698c5ae6cae0c74bf698,171146,1,18,18,operator_postcode_address,9.5,True,True,1.0,3,True,Tesla,Tesla (Tesla-only charging),"56 Morpeth St, Harwood , 2465",130.0,8,Maclean Supercharger,56 Morpeth St.,,Harwood,2465,CCS (Type 2),120,4,4,Operational,Public - Membership Required,AUD 0.42/kWh;other tariffs for older cars,2020-12-22T06:35:00Z,Open Charge Map Contributors,auto_accept,High-confidence top candidate selected by operator_postcode_address.,,
ev_e294e63ebb99cabc2d666f182ea6cf27e17c11fd3fca4e746a461fdd2fe12917,113602,1,16,11,operator_postcode_address,20.7,True,True,0.5,2,True,Tesla,Tesla (Tesla-only charging),"58 Phillip St, West Tamworth , 2340",130.0,8,Tamworth Supercharger,West Tamworth League Club,21 Park Street,Tamworth,2340,CCS (Type 2),120,4,4,Operational,Public,AUD 0.42/kWh;other tariffs for older cars,2019-03-22T18:24:00Z,Open Charge Map Contributors,auto_accept,High-confidence top candidate selected by operator_postcode_address.,,
ev_e294e63ebb99cabc2d666f182ea6cf27e17c11fd3fca4e746a461fdd2fe12917,312659,2,5,,rejected_candidate,1776.3,False,True,0.25,1,False,Tesla,Evie,"58 Phillip St, West Tamworth , 2340",130.0,8,Evie 300kW Charger,Cooper Lane,,Tamworth,2340,CCS (Type 2) | Type 2 (Socket Only),22 | 300,5,1,Operational,Public,63c,2025-05-20T02:24:00Z,Open Charge Map Contributors,reject,Not the strongest candidate or evidence is insufficient.,,
ev_4c71a92d211e3ce05a4e360cc5ba6cf5abe526f1ce2cc39b5d715dd5d9df2ab8,272684,1,12,11,close_coordinates_plus_identity,14.1,False,True,0.5,1,True,BP,Evie,"580 Parramatta Rd, Sydney, 2132",75.0,4,BP Ashfield,586A Parramatta Rd,,Croydon,2132,CCS (Type 2) | CHAdeMO,50,4,2,Operational,Public - Membership Required,,2023-07-16T21:56:00Z,Open Charge Map Contributors,auto_accept,High-confidence top candidate selected by close_coordinates_plus_identity.,,
ev_4c71a92d211e3ce05a4e360cc5ba6cf5abe526f1ce2cc39b5d715dd5d9df2ab8,272641,2,1,,rejected_candidate,1743.7,False,False,0.0,0,True,BP,Evie,"580 Parramatta Rd, Sydney, 2132",75.0,4,Ashfield Mall,260A Liverpool Rd,,Ashfield,2131,CCS (Type 2) | CHAdeMO,50,4,2,Operational,Public - Membership Required,,2023-07-15T13:50:00Z,Open Charge Map Contributors,reject,Not the strongest candidate or evidence is insufficient.,,
ev_4c71a92d211e3ce05a4e360cc5ba6cf5abe526f1ce2cc39b5d715dd5d9df2ab8,272673,3,1,,rejected_candidate,2388.2,False,False,0.0,0,True,BP,Evie,"580 Parramatta Rd, Sydney, 2132",75.0,4,Leichhardt Marketplace,128 Flood Street,,Leichhardt,2040,CCS (Type 2) | CHAdeMO,50,4,2,Operational,Public - Membership Required,,2023-07-16T12:44:00Z,Open Charge Map Contributors,reject,Not the strongest candidate or evidence is insufficient.,,
ev_e8c64428bfd1585902ce8e3ba32faa35251811821609a03c934d1d9ab940b00e,191280,1,14,5,operator_postcode_address,77.0,True,True,0.5,1,True,Tesla,Tesla (Tesla-only charging),"580 Princes Hwy, Sydney, 2232",250.0,6,Tesla Supercharger South Village,Princes Highway,,Kirrawee,2232,CCS (Type 2),250,0,6,Operational,Public - Membership Required,$0.52/kWh,2022-02-02T13:08:00Z,Open Charge Map Contributors,auto_accept,High-confidence top candidate selected by operator_postcode_address.,,
ev_e8c64428bfd1585902ce8e3ba32faa35251811821609a03c934d1d9ab940b00e,274075,2,9,,rejected_candidate,749828.1,True,False,0.5,1,True,Tesla,Tesla (including non-tesla),"580 Princes Hwy, Sydney, 2232",250.0,6,Corio Supercharger,470-510 Princes Highway,,Corio,3214,CCS (Type 2),250,6,6,Operational,Public - Membership Required,$0.78/kWh,2026-03-08T23:51:00Z,Open Charge Map Contributors,reject,Not the strongest candidate or evidence is insufficient.,,
ev_e8c64428bfd1585902ce8e3ba32faa35251811821609a03c934d1d9ab940b00e,128374,3,8,,rejected_candidate,95006.0,True,False,0.5,1,False,Tesla,Tesla (including non-tesla),"580 Princes Hwy, Sydney, 2232",250.0,6,Berry Supercharger,B640 Princes Highway,,Berry,,CCS (Type 2),120,6,6,Operational,Public - Membership Required,AUD 0.42/kWh;other tariffs for older cars,2023-08-30T06:17:00Z,Open Charge Map Contributors,reject,Not the strongest candidate or evidence is insufficient.,,
ev_e8c64428bfd1585902ce8e3ba32faa35251811821609a03c934d1d9ab940b00e,109340,4,8,,rejected_candidate,258199.5,True,False,0.5,1,False,Tesla,Tesla (including non-tesla),"580 Princes Hwy, Sydney, 2232",250.0,6,Narooma Supercharger,185 Princes Highway,,Narooma,,CCS (Type 2),120,4,4,Operational,Public - Membership Required,AUD 0.42/kWh;other tariffs for older cars,2023-08-30T06:15:00Z,Open Charge Map Contributors,reject,Not the strongest candidate or evidence is insufficient.,,
ev_e8c64428bfd1585902ce8e3ba32faa35251811821609a03c934d1d9ab940b00e,191052,5,5,,rejected_candidate,103.4,False,True,0.0,0,False,Tesla,Chargefox,"580 Princes Hwy, Sydney, 2232",250.0,6,Woolworths Kireawee,28-34 Flora Street,,Kirrawee,2232,Type 2 (Socket Only),22,4,4,Operational,Public - Membership Required,FREE,2023-07-13T10:55:00Z,Open Charge Map Contributors,reject,Not the strongest candidate or evidence is insufficient.,,
ev_9bdaed53421c059bc4e9e4519d560c27dcd8886dd39301fa6e131d5e7e29ccf8,298207,1,0,0,rejected_candidate,2243.4,False,False,0.0,0,False,JOLT,(Unknown Operator),"59 The Centre, Sydney, 2087",25.0,2,Opposite Malbara Crescent,Blackbutts Road,,Frenchs Forest,2085,Unknown,,1,1,Operational,Public - Membership Required,,2024-05-10T08:24:00Z,Open Charge Map Contributors,reject,Not the strongest candidate or evidence is insufficient.,,
ev_9bdaed53421c059bc4e9e4519d560c27dcd8886dd39301fa6e131d5e7e29ccf8,298208,2,0,,rejected_candidate,2243.4,False,False,0.0,0,False,JOLT,(Unknown Operator),"59 The Centre, Sydney, 2087",25.0,2,Blackbutts Road,Blackbutts Road,,Frenchs Forest,2085,CCS (Type 2),,1,1,Operational,Public - Membership Required,,2024-05-10T08:24:00Z,Open Charge Map Contributors,reject,Not the strongest candidate or evidence is insufficient.,,
ev_9bdaed53421c059bc4e9e4519d560c27dcd8886dd39301fa6e131d5e7e29ccf8,272637,3,0,,rejected_candidate,2948.7,False,False,0.0,0,False,JOLT,Evie,"59 The Centre, Sydney, 2087",25.0,2,Allambie Grove Business Park,25 Frenchs Forest Rd E,,Frenchs Forest,2086,CCS (Type 2),150,4,4,Operational,Public - Membership Required,,2026-09-14T05:28:00Z,Open Charge Map Contributors,reject,Not the strongest candidate or evidence is insufficient.,,
ev_bf84db68c951a4ffebb5e9f9ff1d1f74f0351a3376ebc807bbe9394c04295cff,272630,1,5,1,manual_review,1549.5,True,False,0.0,0,True,Evie,Evie,"594 Anzac Pde, Sydney, 2032",75.0,4,Royal Randwick,73 Belmore Road,,Randwick,2031,CCS (Type 2) | CHAdeMO,50,4,2,Operational,Public - Membership Required,,2023-07-15T12:06:00Z,Open Charge Map Contributors,manual_review,Top candidate has partial evidence but does not satisfy the high-confidence rule.,,
ev_bf84db68c951a4ffebb5e9f9ff1d1f74f0351a3376ebc807bbe9394c04295cff,190875,2,4,,rejected_candidate,2271.5,False,False,0.667,2,False,Evie,Jolt,"594 Anzac Pde, Sydney, 2032",75.0,4,Kensington [Jolt],110 Anzac Pde,,Kensington,2033,CCS (Type 2) | CHAdeMO,25,2,1,Operational,Public - Membership Required,$0.00/kWh up to 7 kWh then $0.40/kWh,2023-07-13T10:53:00Z,Open Charge Map Contributors,reject,Not the strongest candidate or evidence is insufficient.,,
ev_bf84db68c951a4ffebb5e9f9ff1d1f74f0351a3376ebc807bbe9394c04295cff,272616,3,1,,rejected_candidate,2900.8,False,False,0.0,0,True,Evie,Chargefox,"594 Anzac Pde, Sydney, 2032",75.0,4,NRMA - Sydney,4 Defries Avenue,,Zetland,2017,CCS (Type 2) | CHAdeMO,50 | 350,4,4,Operational,Public - Membership Required,$0.45 - $0.60/kWh,2023-07-15T08:58:00Z,Open Charge Map Contributors,reject,Not the strongest candidate or evidence is insufficient.,,
ev_bf84db68c951a4ffebb5e9f9ff1d1f74f0351a3376ebc807bbe9394c04295cff,191062,4,0,,rejected_candidate,2753.9,False,False,0.0,0,False,Evie,Chargefox,"594 Anzac Pde, Sydney, 2032",75.0,4,Audi Centre Sydney ,895 South Dowling Street,,Zetland,2017,CCS (Type 2),165,1,1,Operational,Public - Membership Required,$0.70/kWh,2023-07-13T10:51:00Z,Open Charge Map Contributors,reject,Not the strongest candidate or evidence is insufficient.,,
ev_7231c4beaa933b64c0e53d3bbac660ff76676403ce850549df41ced9d80b6b62,278525,1,15,15,operator_postcode_address,10.0,True,True,0.6,3,False,Ampol,Ampol AmpCharge,"59-61 Pacific Hwy Cnr Unwin Rd, Waitara, NSW, 2077",125.0,2,Ampol Waitara,"Corner Pacific Highway, Unwin Road",,Waitara,2077,CCS (Type 2),,1,1,Planned For Future Date,Public - Membership Required,,2023-10-09T02:47:00Z,Open Charge Map Contributors,auto_accept,High-confidence top candidate selected by operator_postcode_address.,,
ev_ceba3f114684eab4bdedb9c5acdf4bf71dfcac9ba4a0ab7fa98cef721de3a4e4,272620,1,18,9,operator_postcode_address,0.1,True,True,1.0,2,True,Chargefox,Chargefox,"6 Boundary St, Sydney, 2081",75.0,2,Berowra Tennis Centre,6 Boundary Street,,Berowra,2081,CCS (Type 2),75,2,2,Operational,Public - Membership Required,$0.60/kWh,2023-07-15T09:11:00Z,Open Charge Map Contributors,auto_accept,High-confidence top candidate selected by operator_postcode_address.,,
ev_ceba3f114684eab4bdedb9c5acdf4bf71dfcac9ba4a0ab7fa98cef721de3a4e4,189745,2,9,,rejected_candidate,720841.2,True,False,0.5,1,True,Chargefox,Chargefox,"6 Boundary St, Sydney, 2081",75.0,2,Coburg North EV Fast Charge,11 Boundary Road,,Coburg North,3058,CCS (Type 2) | CHAdeMO,50,2,1,Operational,Public - Membership Required,Free to use for a 1 hour session.,2023-07-15T07:27:00Z,Open Charge Map Contributors,reject,Not the strongest candidate or evidence is insufficient.,,
ev_ceba3f114684eab4bdedb9c5acdf4bf71dfcac9ba4a0ab7fa98cef721de3a4e4,272534,3,8,,rejected_candidate,723316.8,True,False,0.5,1,False,Chargefox,Chargefox,"6 Boundary St, Sydney, 2081",75.0,2,Fleming Park,4 -6 Cross St,,Brunswick East,3057,Type 2 (Socket Only),7,2,2,Operational,Public - Membership Required,Free,2023-07-14T05:59:00Z,Open Charge Map Contributors,reject,Not the strongest candidate or evidence is insufficient.,,
ev_ceba3f114684eab4bdedb9c5acdf4bf71dfcac9ba4a0ab7fa98cef721de3a4e4,157597,4,8,,rejected_candidate,961848.2,True,False,0.5,1,False,Chargefox,Chargefox,"6 Boundary St, Sydney, 2081",75.0,2,Sheffield Visitor Information Centre,6 Pioneer Crescent,,Sheffield,7306,Type 2 (Socket Only) | CCS (Type 2) | CHAdeMO,22 | 24,3,2,Operational,Public,Free,2023-07-13T23:02:00Z,Open Charge Map Contributors,reject,Not the strongest candidate or evidence is insufficient.,,
ev_2f98648b901e92d8301eed30b3f611f1f43bf825eca6fdca3ebdc2ef5255a92c,190683,1,7,7,combined_evidence,202.6,True,False,0.0,0,True,NRMA,NRMA,"6 Castlereagh St Gilgandra, NSW 2827, Australia",75.0,4,Walgett [NRMA],26 Neilly Street,,Walgett,2832,CCS (Type 2) | CHAdeMO,50,2,1,Operational,Public - Membership Required,FREE,2021-12-17T04:13:00Z,Open Charge Map Contributors,auto_accept,High-confidence top candidate selected by combined_evidence.,,
ev_74c76287a00f79c988e240eb18420a501fa07cd2b5dda23306df98468501fe98,191164,1,15,6,operator_address_power,12.2,True,False,1.0,2,True,Evie,Evie,"6 Myahgah Rd, Sydney, 2088",50.0,2,Evie Mosman,6 Myahgah Road,,Mosman,,CHAdeMO | CCS (Type 2),50,2,1,Operational,Public - Membership Required,$0.40/kWh,2023-07-16T22:01:00Z,Open Charge Map Contributors,auto_accept,High-confidence top candidate selected by operator_address_power.,,
ev_74c76287a00f79c988e240eb18420a501fa07cd2b5dda23306df98468501fe98,272686,2,9,,rejected_candidate,663.7,True,True,0.0,0,True,Evie,Evie,"6 Myahgah Rd, Sydney, 2088",50.0,2,Raglan Street West,188 Raglan St,,Mosman,2088,CCS (Type 2) | CHAdeMO,50,4,1,Operational,Public - Membership Required,,2023-07-16T22:00:00Z,Open Charge Map Contributors,reject,Not the strongest candidate or evidence is insufficient.,,
ev_74c76287a00f79c988e240eb18420a501fa07cd2b5dda23306df98468501fe98,272633,3,9,,rejected_candidate,13866.5,True,False,0.5,1,True,Evie,Evie,"6 Myahgah Rd, Sydney, 2088",50.0,2,Belrose Home,4-6 Niangala Close,,Belrose,2085,CCS (Type 2) | CHAdeMO,50,4,2,Operational,Public - Membership Required,,2023-07-15T12:14:00Z,Open Charge Map Contributors,reject,Not the strongest candidate or evidence is insufficient.,,
ev_74c76287a00f79c988e240eb18420a501fa07cd2b5dda23306df98468501fe98,266540,4,9,,rejected_candidate,75927.4,True,False,0.5,1,True,Evie,Evie,"6 Myahgah Rd, Sydney, 2088",50.0,2,Evie Lawson,4-6 New Street,,Lawson,2783,CCS (Type 2) | CHAdeMO,50,4,2,Operational,Public,$0.45 per kWh. ,2023-07-15T13:41:00Z,Open Charge Map Contributors,reject,Not the strongest candidate or evidence is insufficient.,,
ev_74c76287a00f79c988e240eb18420a501fa07cd2b5dda23306df98468501fe98,272497,5,9,,rejected_candidate,254124.4,True,False,0.5,1,True,Evie,Evie,"6 Myahgah Rd, Sydney, 2088",50.0,2,Hotel REalm,6 Burbury Close,Barton,,2600,CCS (Type 2) | CHAdeMO,50,4,2,Operational,Public - Membership Required,50c per kWh energy consumed.,2023-07-12T21:55:00Z,Open Charge Map Contributors,reject,Not the strongest candidate or evidence is insufficient.,,
ev_74c76287a00f79c988e240eb18420a501fa07cd2b5dda23306df98468501fe98,271067,6,9,,rejected_candidate,528188.9,True,False,0.5,1,True,Evie,Evie,"6 Myahgah Rd, Sydney, 2088",50.0,2,Evie Wangaratta,2 - 6 Docker St,,Wangaratta,3676,CCS (Type 2) | CHAdeMO,50,2,1,Operational,Public - Membership Required,$0.45 per kWh,2023-07-10T02:38:00Z,Open Charge Map Contributors,reject,Not the strongest candidate or evidence is insufficient.,,
ev_74c76287a00f79c988e240eb18420a501fa07cd2b5dda23306df98468501fe98,271060,7,9,,rejected_candidate,535713.0,True,False,0.5,1,True,Evie,Evie,"6 Myahgah Rd, Sydney, 2088",50.0,2,Evie Yarrawonga,6 - 12 Hovell Street,,Yarrawonga,3730,CCS (Type 2) | CHAdeMO,50,2,1,Operational,Public - Membership Required,$0.45 per kWh. Parking overstay charges may apply,2023-07-10T02:38:00Z,Open Charge Map Contributors,reject,Not the strongest candidate or evidence is insufficient.,,
ev_c96fe76dfb26d962a57b13dbe60d1257a1e7dc85253b0481ef4ed822ea6a1225,488762,1,9,9,manual_review,915242.0,True,False,0.5,1,True,Evie,Evie,"60 Glenwood Park Dr, Glenwood NSW 2768",75.0,4,Legana Park Drive,Legana Park Drive,,,7277,CCS (Type 2),75,4,4,Operational,Public - Membership Required,0.62/kWh + 0.09/kWh (9:00 AM-9:00 PM),2026-05-13T01:52:00Z,Open Charge Map Contributors,manual_review,Top candidate has partial evidence but does not satisfy the high-confidence rule.,,
ev_308e8e9cdd9675cf92e4abf9c31363105107aedccf166025eabd9707f3c3bc56,272632,1,5,0,manual_review,1440.3,True,False,0.0,0,True,Evie,Evie,"60-62 Amherst St, Sydney, 2062",50.0,4,Civic Plaza 88 Christie,88 Christie St,,St Leonards,2065,CCS (Type 2) | CHAdeMO,50,4,2,Operational,Public - Membership Required,,2023-07-15T12:12:00Z,Open Charge Map Contributors,manual_review,Top candidate has partial evidence but does not satisfy the high-confidence rule.,,
ev_308e8e9cdd9675cf92e4abf9c31363105107aedccf166025eabd9707f3c3bc56,272694,2,5,,rejected_candidate,1528.8,True,False,0.0,0,True,Evie,Evie,"60-62 Amherst St, Sydney, 2062",50.0,4,Northbridge Plaza,9 Eastern Valley Way,,Northbridge,2063,CCS (Type 2) | CHAdeMO,50,4,1,Operational,Public - Membership Required,,2023-07-16T23:09:00Z,Open Charge Map Contributors,reject,Not the strongest candidate or evidence is insufficient.,,
ev_308e8e9cdd9675cf92e4abf9c31363105107aedccf166025eabd9707f3c3bc56,191164,3,5,,rejected_candidate,2838.2,True,False,0.0,0,True,Evie,Evie,"60-62 Amherst St, Sydney, 2062",50.0,4,Evie Mosman,6 Myahgah Road,,Mosman,,CHAdeMO | CCS (Type 2),50,2,1,Operational,Public - Membership Required,$0.40/kWh,2023-07-16T22:01:00Z,Open Charge Map Contributors,reject,Not the strongest candidate or evidence is insufficient.,,
ev_308e8e9cdd9675cf92e4abf9c31363105107aedccf166025eabd9707f3c3bc56,272613,4,0,,rejected_candidate,2054.1,False,False,0.0,0,False,Evie,Chargefox,"60-62 Amherst St, Sydney, 2062",50.0,4,TLE Electrical Artarmon,65 Reserve Road,,St Leonards,2065,CCS (Type 2) | CHAdeMO,22,2,1,Operational,Public - Membership Required,$0.30/kWh,2023-07-15T07:52:00Z,Open Charge Map Contributors,reject,Not the strongest candidate or evidence is insufficient.,,
ev_447c9bbbd6d19397b61c922a40bc68616a4128c31ea38d85a4c4670a6bc8da62,193048,1,7,2,manual_review,1761.6,True,True,0.0,0,False,Evie,Evie,"634-726 Princes Hwy, Tempe NSW 2044",150.0,4,Marrickville Metro,Smidmore Street,,Sydney,2044,CCS (Type 2) | CHAdeMO,50,4,2,Operational,Public - Membership Required,,2023-07-16T13:40:00Z,Open Charge Map Contributors,manual_review,Top candidate has partial evidence but does not satisfy the high-confidence rule.,,
ev_447c9bbbd6d19397b61c922a40bc68616a4128c31ea38d85a4c4670a6bc8da62,273427,2,5,,rejected_candidate,1036.5,False,True,0.25,1,False,Evie,BP Pulse (AU),"634-726 Princes Hwy, Tempe NSW 2044",150.0,4,bp pulse Sydenham,339 Princes Hwy,,St Peters,2044,CCS (Type 2),75,2,2,Operational,Public - Membership Required,55c/kWh,2023-08-09T11:35:00Z,Open Charge Map Contributors,reject,Not the strongest candidate or evidence is insufficient.,,
ev_5ccb6204c12c1ffcc968be9e06337309ab897a2af519ddc546439c02d687babd,131610,1,6,1,manual_review,1035.1,True,False,0.333,1,False,Chargefox,Chargefox,"66 Princes Hwy, Wollongong, 2519",47.0,4,Innovation Campus - University of Wollongong,Off Innovation Way,,North Wollongong,2500,CCS (Type 2) | Type I (AS 3112),3.45 | 180,3,2,Operational,Public,Free,2024-07-30T05:30:00Z,Open Charge Map Contributors,manual_review,Top candidate has partial evidence but does not satisfy the high-confidence rule.,,
ev_5ccb6204c12c1ffcc968be9e06337309ab897a2af519ddc546439c02d687babd,273425,2,5,,rejected_candidate,1274.4,False,True,0.333,1,False,Chargefox,BP Pulse (AU),"66 Princes Hwy, Wollongong, 2519",47.0,4,Fairy Meadow [bp pulse],224 Princes Hwy,,Fairy Meadow,2519,CCS (Type 2),75,2,2,Operational,Public - Membership Required,55c/kWh,2023-08-09T11:24:00Z,Open Charge Map Contributors,reject,Not the strongest candidate or evidence is insufficient.,,
ev_72f29de44b587fc1ade384c498ec91f8ea69c756433af185d5e072796e712505,273436,1,1,1,rejected_candidate,1931.3,False,False,0.0,0,True,Exploren,BP Pulse (AU),"67 Roberts Rd, Sydney, 2190",120.0,2,Wiley Park [bp pulse],24-42 King Georges Road,,Wiley Park,2195,CCS (Type 2) | CHAdeMO,75,2,1,Operational,Public - Membership Required,55c/kWh,2023-08-09T12:50:00Z,Open Charge Map Contributors,reject,Not the strongest candidate or evidence is insufficient.,,
ev_c1633ff7ac22c9e53a2a438017915ff6c6cb9acd5d92179d21841fa889b1f603,190757,1,16,4,operator_postcode_address,11.9,True,True,0.5,1,True,JOLT,Jolt,"7 Bungan St, Sydney, 2103",25.0,2,Mona Vale [JOLT],2 Bungan St,,Mona Vale,2103,CCS (Type 2) | CHAdeMO,25,2,1,Operational,Public - Membership Required,$0.00/kWh up to 7 kWh then $0.46/kWh,2023-02-11T08:43:00Z,Open Charge Map Contributors,auto_accept,High-confidence top candidate selected by operator_postcode_address.,,
ev_c1633ff7ac22c9e53a2a438017915ff6c6cb9acd5d92179d21841fa889b1f603,192929,2,12,,rejected_candidate,71.1,True,True,0.0,0,True,JOLT,Jolt,"7 Bungan St, Sydney, 2103",25.0,2,Mona Vale library carpark [JOLT],1 Park St,,Mona Vale,2103,CHAdeMO | CCS (Type 2),25,2,1,Operational,Public - Membership Required,"First 7kWh free, then $0.46 per kWh thereafter. $5/hr idle time",2023-02-11T08:43:00Z,Open Charge Map Contributors,reject,Not the strongest candidate or evidence is insufficient.,,
ev_c1633ff7ac22c9e53a2a438017915ff6c6cb9acd5d92179d21841fa889b1f603,210764,3,9,,rejected_candidate,1171378.7,True,False,0.5,1,True,JOLT,Jolt,"7 Bungan St, Sydney, 2103",25.0,2,Osmond Terrace (Magill Rd Reserve) Parking,7 Osmond Terrace,,Norwood,5067,CHAdeMO | CCS (Type 2),25,2,1,Operational,Public - Membership Required,Payment Required Free 7kW every 24 hrs - pay $0.42 per kWh after 7kW. Need the JOLT app,2022-12-17T23:28:00Z,Open Charge Map Contributors,reject,Not the strongest candidate or evidence is insufficient.,,
ev_c1633ff7ac22c9e53a2a438017915ff6c6cb9acd5d92179d21841fa889b1f603,272615,4,0,,rejected_candidate,2264.4,False,False,0.0,0,False,JOLT,Chargefox,"7 Bungan St, Sydney, 2103",25.0,2,ENGIE - Warriewood Square,12 Jacksons Road,,Warriewood,2101,CCS (Type 2),120,2,2,Operational,Public - Membership Required,$0.45/kWh,2023-07-15T07:59:00Z,Open Charge Map Contributors,reject,Not the strongest candidate or evidence is insufficient.,,
ev_5fadf09f3641b5d93be7bae3d8b5dc62e40930b08c1b60c247c41ad7c4a208f2,154488,1,13,8,operator_address_power,7.7,True,False,0.667,2,True,NRMA,NRMA,"7 Tank St, Lithgow, 2790",50.0,4,Lithgow Workmen's Club,Tank St,,Lithgow,,CCS (Type 2) | CHAdeMO,50,4,2,Operational,Public,60c / 54c for members of NRMA,2024-06-14T12:05:00Z,Open Charge Map Contributors,auto_accept,High-confidence top candidate selected by operator_address_power.,,
ev_5fadf09f3641b5d93be7bae3d8b5dc62e40930b08c1b60c247c41ad7c4a208f2,299904,2,5,,rejected_candidate,1169.5,False,True,0.333,1,False,NRMA,Exploren,"7 Tank St, Lithgow, 2790",50.0,4,Club Lithgow,"2c Lithgow St, ",,Lithgow,2790,Type 2 (Socket Only),22,4,4,Operational,Public,See Exploren app.,2024-06-17T11:11:00Z,Open Charge Map Contributors,reject,Not the strongest candidate or evidence is insufficient.,,
ev_6a3dc26fd080c1fe5f5fc8d1f20e100fe7400f101c1d75d938f8dec2dcbd817a,128195,1,5,5,manual_review,231.3,False,True,0.0,0,False,JOLT,ChargePoint,"725 Pittwater Rd, Sydney, 2099",25.0,2,PCYC Car Park,Civic Parade,,Dee Why,2099,Type 1 (J1772) | Tesla (Model S/X) | Type 2 (Socket Only),7,6,2,Operational,Public - Membership Required,Free,2021-11-17T09:59:00Z,Open Charge Map Contributors,manual_review,Top candidate has partial evidence but does not satisfy the high-confidence rule.,,
ev_50a86f99bd6ebda7df9d6949b1a2e8087d98a21de5cc843f99eb8412e880071b,272630,1,18,13,operator_postcode_address,14.6,True,True,1.0,3,True,Evie,Evie,"73 Belmore Road, Randwick NSW 2031",50.0,4,Royal Randwick,73 Belmore Road,,Randwick,2031,CCS (Type 2) | CHAdeMO,50,4,2,Operational,Public - Membership Required,,2023-07-15T12:06:00Z,Open Charge Map Contributors,auto_accept,High-confidence top candidate selected by operator_postcode_address.,,
ev_50a86f99bd6ebda7df9d6949b1a2e8087d98a21de5cc843f99eb8412e880071b,272634,2,5,,rejected_candidate,2549.8,True,False,0.0,0,True,Evie,Evie,"73 Belmore Road, Randwick NSW 2031",50.0,4,Eastgate Bondi Junction,"91 Spring St , NSW 2022",,Bondi Junction,2022,CCS (Type 2) | CHAdeMO,50,4,2,Operational,Public - Membership Required,,2023-07-15T12:17:00Z,Open Charge Map Contributors,reject,Not the strongest candidate or evidence is insufficient.,,
ev_50a86f99bd6ebda7df9d6949b1a2e8087d98a21de5cc843f99eb8412e880071b,272689,3,5,,rejected_candidate,2986.6,True,False,0.0,0,True,Evie,Evie,"73 Belmore Road, Randwick NSW 2031",50.0,4,Dorhauer Lane,Dorhauer Lane,,Woollahra,2025,CCS (Type 2) | CHAdeMO,50,2,1,Operational,Public - Membership Required,,2023-07-16T22:09:00Z,Open Charge Map Contributors,reject,Not the strongest candidate or evidence is insufficient.,,
ev_50a86f99bd6ebda7df9d6949b1a2e8087d98a21de5cc843f99eb8412e880071b,272616,4,1,,rejected_candidate,2825.9,False,False,0.0,0,True,Evie,Chargefox,"73 Belmore Road, Randwick NSW 2031",50.0,4,NRMA - Sydney,4 Defries Avenue,,Zetland,2017,CCS (Type 2) | CHAdeMO,50 | 350,4,4,Operational,Public - Membership Required,$0.45 - $0.60/kWh,2023-07-15T08:58:00Z,Open Charge Map Contributors,reject,Not the strongest candidate or evidence is insufficient.,,
ev_50a86f99bd6ebda7df9d6949b1a2e8087d98a21de5cc843f99eb8412e880071b,190875,5,0,,rejected_candidate,1812.0,False,False,0.0,0,False,Evie,Jolt,"73 Belmore Road, Randwick NSW 2031",50.0,4,Kensington [Jolt],110 Anzac Pde,,Kensington,2033,CCS (Type 2) | CHAdeMO,25,2,1,Operational,Public - Membership Required,$0.00/kWh up to 7 kWh then $0.40/kWh,2023-07-13T10:53:00Z,Open Charge Map Contributors,reject,Not the strongest candidate or evidence is insufficient.,,
ev_50a86f99bd6ebda7df9d6949b1a2e8087d98a21de5cc843f99eb8412e880071b,191062,6,0,,rejected_candidate,2737.9,False,False,0.0,0,False,Evie,Chargefox,"73 Belmore Road, Randwick NSW 2031",50.0,4,Audi Centre Sydney ,895 South Dowling Street,,Zetland,2017,CCS (Type 2),165,1,1,Operational,Public - Membership Required,$0.70/kWh,2023-07-13T10:51:00Z,Open Charge Map Contributors,reject,Not the strongest candidate or evidence is insufficient.,,
ev_50a86f99bd6ebda7df9d6949b1a2e8087d98a21de5cc843f99eb8412e880071b,150024,7,0,,rejected_candidate,2798.4,False,False,0.0,0,False,Evie,(Unknown Operator),"73 Belmore Road, Randwick NSW 2031",50.0,4,Supa Centa Moore Park,,,Kensington,2033,Tesla (Model S/X),17,1,1,Operational,Public,Free,2020-06-10T21:39:00Z,Open Charge Map Contributors,reject,Not the strongest candidate or evidence is insufficient.,,
ev_597bc7cc606c5d261b971e549ed7d5e41c974891e4a91b9bf84d8e941fc0ba8d,272686,1,5,3,manual_review,300.1,False,True,0.0,0,True,Chargefox,Evie,"731-741 Military Rd, Sydney, 2088",47.0,2,Raglan Street West,188 Raglan St,,Mosman,2088,CCS (Type 2) | CHAdeMO,50,4,1,Operational,Public - Membership Required,,2023-07-16T22:00:00Z,Open Charge Map Contributors,manual_review,Top candidate has partial evidence but does not satisfy the high-confidence rule.,,
ev_597bc7cc606c5d261b971e549ed7d5e41c974891e4a91b9bf84d8e941fc0ba8d,191164,2,2,,rejected_candidate,409.9,False,False,0.0,0,True,Chargefox,Evie,"731-741 Military Rd, Sydney, 2088",47.0,2,Evie Mosman,6 Myahgah Road,,Mosman,,CHAdeMO | CCS (Type 2),50,2,1,Operational,Public - Membership Required,$0.40/kWh,2023-07-16T22:01:00Z,Open Charge Map Contributors,reject,Not the strongest candidate or evidence is insufficient.,,
ev_f3b7bf2820ff81577bcc12f977b23a69db8c4e2b0ef73c3a8642a65febeccb8f,148545,1,18,18,operator_postcode_address,26.2,True,True,1.0,3,True,NRMA,NRMA,"76 Cowper St, Wallsend, 2287",50.0,4,Wallsend [NRMA],76 Cowper Street,,Wallsend,2287,CCS (Type 2) | CHAdeMO,50,4,1,Operational,Public,Currently free but will be fee at some point.,2021-12-19T02:07:00Z,Open Charge Map Contributors,auto_accept,High-confidence top candidate selected by operator_postcode_address.,,
ev_85a306ef0593bf7edf844f772e02c84e96cb5d388a750720f932644604a88ade,121546,1,18,10,operator_postcode_address,0.0,True,True,1.0,3,True,Tesla,Tesla (including non-tesla),"76 Wingewarra St, Dubbo , 2830",130.0,8,Dubbo Supercharger [Tesla],76 Wingewarra Street,,Dubbo,2830,CCS (Type 2),120,4,4,Operational,Public - Membership Required,$0.52/kWh,2023-08-30T06:19:00Z,Open Charge Map Contributors,auto_accept,High-confidence top candidate selected by operator_postcode_address.,,
ev_85a306ef0593bf7edf844f772e02c84e96cb5d388a750720f932644604a88ade,191955,2,8,,rejected_candidate,73.1,False,False,0.667,2,False,Tesla,NRMA,"76 Wingewarra St, Dubbo , 2830",130.0,8,NRMA Dubbo,Wingewarra Street,,Dubbo,,CCS (Type 2) | CHAdeMO,50,2,1,Operational,Public - Membership Required,FREE,2022-03-10T22:21:00Z,Open Charge Map Contributors,reject,Not the strongest candidate or evidence is insufficient.,,
ev_89e697fa0944716df08365e800300b340a10d6efe38e35a49de304445dcfab64,156010,1,16,11,operator_postcode_address,89.4,True,True,1.0,3,True,NRMA,NRMA,"77 Darling St, Cowra, 2794",50.0,2,Cowra Regional Art Gallery,77 Darling Street,,Cowra,2794,CCS (Type 2),50,2,2,Operational,Public,$0.74/kWh,2026-07-15T01:03:00Z,Open Charge Map Contributors,auto_accept,High-confidence top candidate selected by operator_postcode_address.,,
ev_89e697fa0944716df08365e800300b340a10d6efe38e35a49de304445dcfab64,273905,2,5,,rejected_candidate,1084.9,False,True,0.333,1,False,NRMA,Tesla (including non-tesla),"77 Darling St, Cowra, 2794",50.0,2,Cowra Driver Reviver Rest Area,2 Lachlan Valley Way,,Cowra,2794,Type 2 (Tethered Connector) ,22,2,2,Operational,Public,,2023-08-25T08:22:00Z,Open Charge Map Contributors,reject,Not the strongest candidate or evidence is insufficient.,,
ev_2fe14e3171dfe1959321158be900d85ac8bba63b9b12b7413d69e1d490603718,272630,1,5,5,manual_review,2547.8,True,False,0.0,0,True,Evie,Evie,"772 Anzac Pde, Sydney, 2035",75.0,4,Royal Randwick,73 Belmore Road,,Randwick,2031,CCS (Type 2) | CHAdeMO,50,4,2,Operational,Public - Membership Required,,2023-07-15T12:06:00Z,Open Charge Map Contributors,manual_review,Top candidate has partial evidence but does not satisfy the high-confidence rule.,,
ev_0bc84362704747ff8a1c1bfdcbc91776ba9162964d40f305ef89b439ac696046,297042,1,18,18,operator_postcode_address,7.9,True,True,0.8,4,True,Ampol,Ampol AmpCharge,"78 Great Western Hwy Cnr Ross St, Glenbrook, NSW, 2773",125.0,2,AmpCharge Charging Station,78 Great Western Highway,,Glenbrook,2773,CCS (Type 2) | CHAdeMO,150,2,1,Operational,Public - Membership Required,,2024-03-30T04:59:00Z,Open Charge Map Contributors,auto_accept,High-confidence top candidate selected by operator_postcode_address.,,
ev_0bc84362704747ff8a1c1bfdcbc91776ba9162964d40f305ef89b439ac696046,266538,2,0,,rejected_candidate,2467.4,False,False,0.0,0,False,Ampol,Tesla (Tesla-only charging),"78 Great Western Hwy Cnr Ross St, Glenbrook, NSW, 2773",125.0,2,Blaxland Supercharger,126 Hope St,,Blaxland,2774,CCS (Type 2),250,6,6,Operational,Public - Membership Required,Supercharger rates,2023-06-08T12:45:00Z,Open Charge Map Contributors,reject,Not the strongest candidate or evidence is insufficient.,,
ev_8633dae9f42d53b8453f4cf859716790e9f4023c36d9e4839cbe9c0e8c94dbad,265390,1,0,0,rejected_candidate,2927.9,False,False,0.0,0,False,Chargefox,Evie,"7-9 Irvine Pl, Sydney, 2153",125.0,4,HomeCo Castle Hill,18 Victoria Avenue,,Castle Hill,2154,CCS (Type 2) | CHAdeMO,50,4,2,Operational,Public - Membership Required,$0.45 per kWh. Parking overstay charges may apply,2023-07-15T14:02:00Z,Open Charge Map Contributors,reject,Not the strongest candidate or evidence is insufficient.,,
ev_9264c45c517a0a449542f8ef02883a82d72273e6553e8396d22768f46c8777ac,272614,1,3,2,rejected_candidate,1102.9,False,True,0.0,0,False,Exploren,Chargefox,"8 Euston Rd, Sydney, 2015",120.0,2,Mirvac South Eveleigh,2 Central Avenue,,Eveleigh,2015,CCS (Type 2) | CHAdeMO | Type 2 (Socket Only),22 | 50,8,4,Operational,Public - Membership Required,Free,2023-07-15T07:56:00Z,Open Charge Map Contributors,reject,Not the strongest candidate or evidence is insufficient.,,
ev_9264c45c517a0a449542f8ef02883a82d72273e6553e8396d22768f46c8777ac,191062,2,1,,rejected_candidate,1809.2,False,False,0.0,0,True,Exploren,Chargefox,"8 Euston Rd, Sydney, 2015",120.0,2,Audi Centre Sydney ,895 South Dowling Street,,Zetland,2017,CCS (Type 2),165,1,1,Operational,Public - Membership Required,$0.70/kWh,2023-07-13T10:51:00Z,Open Charge Map Contributors,reject,Not the strongest candidate or evidence is insufficient.,,
ev_9264c45c517a0a449542f8ef02883a82d72273e6553e8396d22768f46c8777ac,273427,3,1,,rejected_candidate,2251.5,False,False,0.0,0,True,Exploren,BP Pulse (AU),"8 Euston Rd, Sydney, 2015",120.0,2,bp pulse Sydenham,339 Princes Hwy,,St Peters,2044,CCS (Type 2),75,2,2,Operational,Public - Membership Required,55c/kWh,2023-08-09T11:35:00Z,Open Charge Map Contributors,reject,Not the strongest candidate or evidence is insufficient.,,
ev_9264c45c517a0a449542f8ef02883a82d72273e6553e8396d22768f46c8777ac,100404,4,1,,rejected_candidate,2485.1,False,False,0.0,0,True,Exploren,Tesla (Tesla-only charging),"8 Euston Rd, Sydney, 2015",120.0,2,Broadway Supercharger,1 Bay Street,,Broadway,2007,CCS (Type 2),120,8,8,Operational,Public - Membership Required,AUD 0.42/kWh;other tariffs for older cars,2025-03-21T01:01:00Z,Open Charge Map Contributors,reject,Not the strongest candidate or evidence is insufficient.,,
ev_9264c45c517a0a449542f8ef02883a82d72273e6553e8396d22768f46c8777ac,272616,5,0,,rejected_candidate,1766.8,False,False,0.0,0,False,Exploren,Chargefox,"8 Euston Rd, Sydney, 2015",120.0,2,NRMA - Sydney,4 Defries Avenue,,Zetland,2017,CCS (Type 2) | CHAdeMO,50 | 350,4,4,Operational,Public - Membership Required,$0.45 - $0.60/kWh,2023-07-15T08:58:00Z,Open Charge Map Contributors,reject,Not the strongest candidate or evidence is insufficient.,,
ev_9264c45c517a0a449542f8ef02883a82d72273e6553e8396d22768f46c8777ac,150024,6,0,,rejected_candidate,2023.8,False,False,0.0,0,False,Exploren,(Unknown Operator),"8 Euston Rd, Sydney, 2015",120.0,2,Supa Centa Moore Park,,,Kensington,2033,Tesla (Model S/X),17,1,1,Operational,Public,Free,2020-06-10T21:39:00Z,Open Charge Map Contributors,reject,Not the strongest candidate or evidence is insufficient.,,
ev_9264c45c517a0a449542f8ef02883a82d72273e6553e8396d22768f46c8777ac,193048,7,0,,rejected_candidate,2095.8,False,False,0.0,0,False,Exploren,Evie,"8 Euston Rd, Sydney, 2015",120.0,2,Marrickville Metro,Smidmore Street,,Sydney,2044,CCS (Type 2) | CHAdeMO,50,4,2,Operational,Public - Membership Required,,2023-07-16T13:40:00Z,Open Charge Map Contributors,reject,Not the strongest candidate or evidence is insufficient.,,
ev_9264c45c517a0a449542f8ef02883a82d72273e6553e8396d22768f46c8777ac,311308,8,0,,rejected_candidate,2441.6,False,False,0.0,0,False,Exploren,Tesla (including non-tesla),"8 Euston Rd, Sydney, 2015",120.0,2,Tesla Destination Charger,1 Bay Street,,Broadway,2007,CCS (Type 2),22,3,3,Operational,Public,0,2025-03-29T03:34:00Z,Open Charge Map Contributors,reject,Not the strongest candidate or evidence is insufficient.,,
ev_9264c45c517a0a449542f8ef02883a82d72273e6553e8396d22768f46c8777ac,190875,9,0,,rejected_candidate,2815.3,False,False,0.0,0,False,Exploren,Jolt,"8 Euston Rd, Sydney, 2015",120.0,2,Kensington [Jolt],110 Anzac Pde,,Kensington,2033,CCS (Type 2) | CHAdeMO,25,2,1,Operational,Public - Membership Required,$0.00/kWh up to 7 kWh then $0.40/kWh,2023-07-13T10:53:00Z,Open Charge Map Contributors,reject,Not the strongest candidate or evidence is insufficient.,,
ev_d53c232a9e9af669abb7d07f3104ad3bfb32a7332e7f948a5e6e941db6e72bab,272614,1,1,0,rejected_candidate,1626.9,False,False,0.0,0,True,Exploren,Chargefox,"8 Federation Rd, Sydney, 2050",50.0,2,Mirvac South Eveleigh,2 Central Avenue,,Eveleigh,2015,CCS (Type 2) | CHAdeMO | Type 2 (Socket Only),22 | 50,8,4,Operational,Public - Membership Required,Free,2023-07-15T07:56:00Z,Open Charge Map Contributors,reject,Not the strongest candidate or evidence is insufficient.,,
ev_d53c232a9e9af669abb7d07f3104ad3bfb32a7332e7f948a5e6e941db6e72bab,193048,2,1,,rejected_candidate,1715.1,False,False,0.0,0,True,Exploren,Evie,"8 Federation Rd, Sydney, 2050",50.0,2,Marrickville Metro,Smidmore Street,,Sydney,2044,CCS (Type 2) | CHAdeMO,50,4,2,Operational,Public - Membership Required,,2023-07-16T13:40:00Z,Open Charge Map Contributors,reject,Not the strongest candidate or evidence is insufficient.,,
ev_d53c232a9e9af669abb7d07f3104ad3bfb32a7332e7f948a5e6e941db6e72bab,272673,3,1,,rejected_candidate,2845.6,False,False,0.0,0,True,Exploren,Evie,"8 Federation Rd, Sydney, 2050",50.0,2,Leichhardt Marketplace,128 Flood Street,,Leichhardt,2040,CCS (Type 2) | CHAdeMO,50,4,2,Operational,Public - Membership Required,,2023-07-16T12:44:00Z,Open Charge Map Contributors,reject,Not the strongest candidate or evidence is insufficient.,,
ev_d53c232a9e9af669abb7d07f3104ad3bfb32a7332e7f948a5e6e941db6e72bab,311308,4,0,,rejected_candidate,1881.5,False,False,0.0,0,False,Exploren,Tesla (including non-tesla),"8 Federation Rd, Sydney, 2050",50.0,2,Tesla Destination Charger,1 Bay Street,,Broadway,2007,CCS (Type 2),22,3,3,Operational,Public,0,2025-03-29T03:34:00Z,Open Charge Map Contributors,reject,Not the strongest candidate or evidence is insufficient.,,
ev_d53c232a9e9af669abb7d07f3104ad3bfb32a7332e7f948a5e6e941db6e72bab,100404,5,0,,rejected_candidate,1889.4,False,False,0.0,0,False,Exploren,Tesla (Tesla-only charging),"8 Federation Rd, Sydney, 2050",50.0,2,Broadway Supercharger,1 Bay Street,,Broadway,2007,CCS (Type 2),120,8,8,Operational,Public - Membership Required,AUD 0.42/kWh;other tariffs for older cars,2025-03-21T01:01:00Z,Open Charge Map Contributors,reject,Not the strongest candidate or evidence is insufficient.,,
ev_d53c232a9e9af669abb7d07f3104ad3bfb32a7332e7f948a5e6e941db6e72bab,273427,6,0,,rejected_candidate,2564.8,False,False,0.0,0,False,Exploren,BP Pulse (AU),"8 Federation Rd, Sydney, 2050",50.0,2,bp pulse Sydenham,339 Princes Hwy,,St Peters,2044,CCS (Type 2),75,2,2,Operational,Public - Membership Required,55c/kWh,2023-08-09T11:35:00Z,Open Charge Map Contributors,reject,Not the strongest candidate or evidence is insufficient.,,
ev_5b81b6b22082415bb88f0cd0b45cde425f5ab0b90200739c3121943f19d7f2f4,190861,1,8,8,combined_evidence,219.4,False,True,0.333,1,True,BP,NRMA,"8 Kosciuszko Rd, Jindabyne, 2627",75.0,4,Snowy River Ave Car Park,3 Snowy River Ave,,Jindabyne,2627,CCS (Type 2) | CHAdeMO,50,4,2,Operational,Public,$0.64/kWh,2026-07-15T01:28:00Z,Open Charge Map Contributors,auto_accept,High-confidence top candidate selected by combined_evidence.,,
ev_79f411d96c31479ee147fee5947fcea2099b686d10052d4b9be6dbaca918f75a,190500,1,11,6,operator_address_power,394896.8,True,False,0.75,3,True,NRMA,NRMA,"8/24 Cross St, Wagga Wagga, NSW 2650",50.0,2,Cross Street Carpark [NRMA],8 Cross Street,,Wagga Wagga,NSW,CCS (Type 2) | CHAdeMO,50,2,1,Operational,Public - Membership Required,$0.66/KWh,2024-11-12T12:09:00Z,Open Charge Map Contributors,auto_accept,High-confidence top candidate selected by operator_address_power.,,
ev_79f411d96c31479ee147fee5947fcea2099b686d10052d4b9be6dbaca918f75a,306016,2,5,,rejected_candidate,395796.8,False,True,0.25,1,False,NRMA,Everty,"8/24 Cross St, Wagga Wagga, NSW 2650",50.0,2,Middy's Wagga East,Stuart Road,East Wagga Wagga,,2650,CCS (Type 2) | CHAdeMO,25,2,1,Operational,Public - Membership Required,$0.35/kWh,2024-12-08T01:54:00Z,Open Charge Map Contributors,reject,Not the strongest candidate or evidence is insufficient.,,
ev_79f411d96c31479ee147fee5947fcea2099b686d10052d4b9be6dbaca918f75a,300153,3,5,,rejected_candidate,398241.2,False,True,0.25,1,False,NRMA,Tesla (including non-tesla),"8/24 Cross St, Wagga Wagga, NSW 2650",50.0,2,Tesla Supercharger Wagga Wagga,Fernleigh Road,Glenfield Park,Wagga Wagga,2650,CCS (Type 2),250,6,6,Operational,Public - Membership Required,$0.69/kWh,2024-06-25T11:19:00Z,Open Charge Map Contributors,reject,Not the strongest candidate or evidence is insufficient.,,
ev_363479718137936bc1dd6911c4947a3850d938df2e8d6de5f0719326d51286ee,274452,1,14,5,close_address_power,50.7,False,True,0.75,3,True,NRMA,(Unknown Operator),"80 Little Barber St, Gunnedah, 2380",50.0,2,NRMA Fast Charger Gunnedah,Kepreotes Carpark,73 Little Barber Street,Gunnedah,2380,CCS (Type 2) | CHAdeMO,50,2,1,Operational,Public - Pay At Location,"$0, but payment will be required Oct-Dec 2023",2023-09-18T01:27:00Z,Open Charge Map Contributors,auto_accept,High-confidence top candidate selected by close_address_power.,,
ev_363479718137936bc1dd6911c4947a3850d938df2e8d6de5f0719326d51286ee,260392,2,9,,rejected_candidate,357570.2,True,False,0.5,1,True,NRMA,NRMA,"80 Little Barber St, Gunnedah, 2380",50.0,2,Little Walker Street,Little Walker Street,,,2470,CCS (Type 2) | CHAdeMO,50,4,2,Operational,Public,,2023-04-23T10:48:00Z,Open Charge Map Contributors,reject,Not the strongest candidate or evidence is insufficient.,,
ev_3f036964a046ac5d092d81eee9eb5ac2113a17cf093b1d3f8ddacc408222660a,190005,1,14,5,operator_postcode_address,187554.1,True,True,1.0,3,True,NRMA,NRMA,"81 Meehan St, Yass NSW 2582, Australia",50.0,2,Banjo Paterson Park [NRMA],81 Meehan Street,,Yass,2582,CCS (Type 2) | CHAdeMO,50,2,1,Operational,Public - Membership Required,FREE,2021-12-19T02:14:00Z,Open Charge Map Contributors,auto_accept,High-confidence top candidate selected by operator_postcode_address.,,
ev_3f036964a046ac5d092d81eee9eb5ac2113a17cf093b1d3f8ddacc408222660a,191177,2,9,,rejected_candidate,8.3,True,False,0.0,0,True,NRMA,NRMA,"81 Meehan St, Yass NSW 2582, Australia",50.0,2,Stewart Street Carpark [NRMA],17 Stewart Street,,Wollongong,2500,CCS (Type 2) | CHAdeMO,50 | 75 | 150,4,2,Operational,Public,FREE,2023-02-20T17:51:00Z,Open Charge Map Contributors,reject,Not the strongest candidate or evidence is insufficient.,,
ev_3f036964a046ac5d092d81eee9eb5ac2113a17cf093b1d3f8ddacc408222660a,190410,3,7,,rejected_candidate,187535.7,False,True,0.667,2,False,NRMA,(Unknown Operator),"81 Meehan St, Yass NSW 2582, Australia",50.0,2,Yass Soldiers Club,86 Meehan St,,Yass,2582,Type 2 (Tethered Connector) ,22,1,1,Operational,"Private - For Staff, Visitors or Customers",FREE,2022-02-09T13:09:00Z,Open Charge Map Contributors,reject,Not the strongest candidate or evidence is insufficient.,,
ev_3f036964a046ac5d092d81eee9eb5ac2113a17cf093b1d3f8ddacc408222660a,296045,4,5,,rejected_candidate,187478.4,False,True,0.333,1,False,NRMA,Tesla (including non-tesla),"81 Meehan St, Yass NSW 2582, Australia",50.0,2,Tesla Superchargers Yass,Lead Street,,Yass,2582,CCS (Type 2),250,12,1,Operational,Public - Membership Required,$0.52/kWh,2024-03-06T09:49:00Z,Open Charge Map Contributors,reject,Not the strongest candidate or evidence is insufficient.,,
ev_3f036964a046ac5d092d81eee9eb5ac2113a17cf093b1d3f8ddacc408222660a,235461,5,1,,rejected_candidate,939.8,False,False,0.0,0,True,NRMA,Evie,"81 Meehan St, Yass NSW 2582, Australia",50.0,2,Wollongong Central - Regent St Carpark,Regent Street,,Wollongong,2500,CCS (Type 2) | CHAdeMO,50,4,1,Operational,Public - Membership Required,50c per kWh energy consumed.,2023-07-12T21:49:00Z,Open Charge Map Contributors,reject,Not the strongest candidate or evidence is insufficient.,,
ev_3f036964a046ac5d092d81eee9eb5ac2113a17cf093b1d3f8ddacc408222660a,131841,6,0,,rejected_candidate,907.8,False,False,0.0,0,False,NRMA,(Business Owner at Location),"81 Meehan St, Yass NSW 2582, Australia",50.0,2,Wollongong Central - P1 Basement Car Park,71 Market Street,,Wollongong ,2500,Unknown,,1,0,Operational,Public,Free,2025-08-25T07:52:00Z,Open Charge Map Contributors,reject,Not the strongest candidate or evidence is insufficient.,,
ev_3f036964a046ac5d092d81eee9eb5ac2113a17cf093b1d3f8ddacc408222660a,460474,7,0,,rejected_candidate,1101.3,False,False,0.0,0,False,NRMA,EVX (AU),"81 Meehan St, Yass NSW 2582, Australia",50.0,2,Georges Place,Georges Place,,Wollongong,2500,Type 2 (Socket Only),22,2,2,Operational,Public - Membership Required,0.55,2025-08-25T07:52:00Z,Open Charge Map Contributors,reject,Not the strongest candidate or evidence is insufficient.,,
ev_3f036964a046ac5d092d81eee9eb5ac2113a17cf093b1d3f8ddacc408222660a,273425,8,0,,rejected_candidate,2926.4,False,False,0.0,0,False,NRMA,BP Pulse (AU),"81 Meehan St, Yass NSW 2582, Australia",50.0,2,Fairy Meadow [bp pulse],224 Princes Hwy,,Fairy Meadow,2519,CCS (Type 2),75,2,2,Operational,Public - Membership Required,55c/kWh,2023-08-09T11:24:00Z,Open Charge Map Contributors,reject,Not the strongest candidate or evidence is insufficient.,,
ev_03205191e7e39cc26d8b252b733ae8e6f3e6cb77ee9beaf481df58bb3677123c,190875,1,9,9,operator_address_power,4299.7,True,False,0.5,2,True,JOLT,Jolt,"819-827 Anzac Pde, Sydney, 2035",25.0,2,Kensington [Jolt],110 Anzac Pde,,Kensington,2033,CCS (Type 2) | CHAdeMO,25,2,1,Operational,Public - Membership Required,$0.00/kWh up to 7 kWh then $0.40/kWh,2023-07-13T10:53:00Z,Open Charge Map Contributors,auto_accept,High-confidence top candidate selected by operator_address_power.,reject,Different Anzac Parade street number and postcode; 4.3 km separation.
ev_4ce4a0703089f5a3d1c26a546e883295b73d1143549590a631d2c190dce7a619,170824,1,14,7,operator_postcode_address,584652.5,True,True,1.0,3,True,NRMA,NRMA,"82 Marsh St, Armidale, NSW 2350, Australia",50.0,2,Armidale Visitors Centre,82 Marsh Street,,Armidale,2350,CCS (Type 2) | CHAdeMO,50,2,1,Operational,Public,Currently free but will be fee at some point.,2020-12-11T13:42:00Z,Open Charge Map Contributors,auto_accept,High-confidence top candidate selected by operator_postcode_address.,,
ev_4ce4a0703089f5a3d1c26a546e883295b73d1143549590a631d2c190dce7a619,190668,2,7,,rejected_candidate,181.0,True,False,0.0,0,True,NRMA,NRMA,"82 Marsh St, Armidale, NSW 2350, Australia",50.0,2,Temora Council Chambers,Little Hoskins Street,,Temora,2666,CCS (Type 2),50,2,2,Operational,Public - Membership Required,$0.74/kWh,2026-07-15T02:08:00Z,Open Charge Map Contributors,reject,Not the strongest candidate or evidence is insufficient.,,
ev_4ce4a0703089f5a3d1c26a546e883295b73d1143549590a631d2c190dce7a619,274592,3,5,,rejected_candidate,584028.8,False,True,0.333,1,False,NRMA,(Business Owner at Location),"82 Marsh St, Armidale, NSW 2350, Australia",50.0,2,Cedar Lodge Motel,119 Barney Street,,Armidale,2350,Type 2 (Socket Only),7,2,2,Operational,"Private - For Staff, Visitors or Customers",$15 for guest who do not book direct.  Free for guest who book direct.,2023-10-09T02:47:00Z,Open Charge Map Contributors,reject,Not the strongest candidate or evidence is insufficient.,,
ev_ddf9c22314d87d563287792bbd5b6182cfcb74d249ae05b9f4292884f61ed648,191163,1,15,15,operator_address_power,51.3,True,False,1.0,3,True,Evie,Evie,"82A O'Connell St, Sydney, 2747",50.0,2,"Evie Caddens Corner, Kingswood. ",82a O’Connell Street,,Kinswoid,,CCS (Type 2) | CHAdeMO | Type 2 (Socket Only),22 | 50,4,2,Operational,Public - Membership Required,DC $0.40/kWh AC $0.35/kWh,2023-07-15T13:55:00Z,Open Charge Map Contributors,auto_accept,High-confidence top candidate selected by operator_address_power.,,
ev_75366985f529706ee67a53fbbd9d5574de08ea6e2f999e6bab45b554345f5166,90199,1,15,13,operator_address_power,0.1,True,False,1.0,4,True,Tesla,Tesla (Tesla-only charging),"85/91 Commissioner St, Cooma , 2630",150.0,8,Cooma Supercharger,85-91 Commissioner Street,,Cooma,NSW 2630,CCS (Type 2),120,4,4,Operational,Public - Membership Required,AUD 0.42/kWh;other tariffs for older cars,2019-03-22T18:03:00Z,Open Charge Map Contributors,auto_accept,High-confidence top candidate selected by operator_address_power.,,
ev_75366985f529706ee67a53fbbd9d5574de08ea6e2f999e6bab45b554345f5166,190362,2,2,,rejected_candidate,1969.8,False,False,0.25,1,False,Tesla,Chargefox,"85/91 Commissioner St, Cooma , 2630",150.0,8,ChargeFox Cooma,Snowy Hydro Discovery Centre,4-10 Yulin Ave,Cooma ,,CHAdeMO | CCS (Type 2),50 | 350,4,3,Operational,Public - Membership Required,AUD 0.65 per kWh,2023-07-05T13:14:00Z,Open Charge Map Contributors,reject,Not the strongest candidate or evidence is insufficient.,,
ev_b744047e9788e97f54c95bba650b150f8113ffd11ebc0fc5a2f67de0b59f85b4,128195,1,0,0,rejected_candidate,1856.7,False,False,0.0,0,False,JOLT,ChargePoint,"87 Winbourne Rd, Sydney, 2100",25.0,2,PCYC Car Park,Civic Parade,,Dee Why,2099,Type 1 (J1772) | Tesla (Model S/X) | Type 2 (Socket Only),7,6,2,Operational,Public - Membership Required,Free,2021-11-17T09:59:00Z,Open Charge Map Contributors,reject,Not the strongest candidate or evidence is insufficient.,,
ev_b744047e9788e97f54c95bba650b150f8113ffd11ebc0fc5a2f67de0b59f85b4,272637,2,0,,rejected_candidate,2946.4,False,False,0.0,0,False,JOLT,Evie,"87 Winbourne Rd, Sydney, 2100",25.0,2,Allambie Grove Business Park,25 Frenchs Forest Rd E,,Frenchs Forest,2086,CCS (Type 2),150,4,4,Operational,Public - Membership Required,,2026-09-14T05:28:00Z,Open Charge Map Contributors,reject,Not the strongest candidate or evidence is insufficient.,,
ev_cf3b6b530ac2cd93af654b8085eb262728fb901a3329f01eb098957c1ed18c41,273436,1,1,1,rejected_candidate,1642.6,False,False,0.0,0,True,Ampol,BP Pulse (AU),"87-91 Roberts Rd Cnr Moondo St, Greenacre, NSW, 2190",125.0,2,Wiley Park [bp pulse],24-42 King Georges Road,,Wiley Park,2195,CCS (Type 2) | CHAdeMO,75,2,1,Operational,Public - Membership Required,55c/kWh,2023-08-09T12:50:00Z,Open Charge Map Contributors,reject,Not the strongest candidate or evidence is insufficient.,,
ev_9358c2bc3c9c6777160febf4d5774a9b90424138f20124f871af59839edc4dc5,272632,1,18,13,operator_postcode_address,14.6,True,True,1.0,3,True,Evie,Evie,"88 Christie St, St Leonards NSW 2065",50.0,4,Civic Plaza 88 Christie,88 Christie St,,St Leonards,2065,CCS (Type 2) | CHAdeMO,50,4,2,Operational,Public - Membership Required,,2023-07-15T12:12:00Z,Open Charge Map Contributors,auto_accept,High-confidence top candidate selected by operator_postcode_address.,,
ev_9358c2bc3c9c6777160febf4d5774a9b90424138f20124f871af59839edc4dc5,272613,2,5,,rejected_candidate,803.4,False,True,0.333,1,False,Evie,Chargefox,"88 Christie St, St Leonards NSW 2065",50.0,4,TLE Electrical Artarmon,65 Reserve Road,,St Leonards,2065,CCS (Type 2) | CHAdeMO,22,2,1,Operational,Public - Membership Required,$0.30/kWh,2023-07-15T07:52:00Z,Open Charge Map Contributors,reject,Not the strongest candidate or evidence is insufficient.,,
ev_9358c2bc3c9c6777160febf4d5774a9b90424138f20124f871af59839edc4dc5,272694,3,5,,rejected_candidate,2025.0,True,False,0.0,0,True,Evie,Evie,"88 Christie St, St Leonards NSW 2065",50.0,4,Northbridge Plaza,9 Eastern Valley Way,,Northbridge,2063,CCS (Type 2) | CHAdeMO,50,4,1,Operational,Public - Membership Required,,2023-07-16T23:09:00Z,Open Charge Map Contributors,reject,Not the strongest candidate or evidence is insufficient.,,
ev_9358c2bc3c9c6777160febf4d5774a9b90424138f20124f871af59839edc4dc5,191165,4,5,,rejected_candidate,2631.7,True,False,0.0,0,True,Evie,Evie,"88 Christie St, St Leonards NSW 2065",50.0,4,Evie Lane Cove,2 Rosenthal Ave,“The Canopy”,Lane Cove,,CCS (Type 2) | CHAdeMO,50,4,2,Operational,Public - Membership Required,$0.40/kWh,2023-07-15T12:03:00Z,Open Charge Map Contributors,reject,Not the strongest candidate or evidence is insufficient.,,
ev_e416b6ed096b22833eb5883e41fde50fff44927dde7128d1c2742cd4ca9e77d5,128195,1,4,4,rejected_candidate,332.0,False,True,0.0,0,False,Tesla,ChargePoint,"888 Pittwater Rd, Sydney, 2099",250.0,4,PCYC Car Park,Civic Parade,,Dee Why,2099,Type 1 (J1772) | Tesla (Model S/X) | Type 2 (Socket Only),7,6,2,Operational,Public - Membership Required,Free,2021-11-17T09:59:00Z,Open Charge Map Contributors,reject,Not the strongest candidate or evidence is insufficient.,,
ev_656bca16ac2fe28073f7568947019bc3a9ee9fc3d5d0c7565b0c798cfada085d,272630,1,5,4,manual_review,1646.7,True,False,0.0,0,True,Evie,Evie,"88-90 Houston Rd, Sydney, 2032",50.0,2,Royal Randwick,73 Belmore Road,,Randwick,2031,CCS (Type 2) | CHAdeMO,50,4,2,Operational,Public - Membership Required,,2023-07-15T12:06:00Z,Open Charge Map Contributors,manual_review,Top candidate has partial evidence but does not satisfy the high-confidence rule.,,
ev_656bca16ac2fe28073f7568947019bc3a9ee9fc3d5d0c7565b0c798cfada085d,272616,2,1,,rejected_candidate,2428.8,False,False,0.0,0,True,Evie,Chargefox,"88-90 Houston Rd, Sydney, 2032",50.0,2,NRMA - Sydney,4 Defries Avenue,,Zetland,2017,CCS (Type 2) | CHAdeMO,50 | 350,4,4,Operational,Public - Membership Required,$0.45 - $0.60/kWh,2023-07-15T08:58:00Z,Open Charge Map Contributors,reject,Not the strongest candidate or evidence is insufficient.,,
ev_656bca16ac2fe28073f7568947019bc3a9ee9fc3d5d0c7565b0c798cfada085d,190875,3,0,,rejected_candidate,1905.7,False,False,0.0,0,False,Evie,Jolt,"88-90 Houston Rd, Sydney, 2032",50.0,2,Kensington [Jolt],110 Anzac Pde,,Kensington,2033,CCS (Type 2) | CHAdeMO,25,2,1,Operational,Public - Membership Required,$0.00/kWh up to 7 kWh then $0.40/kWh,2023-07-13T10:53:00Z,Open Charge Map Contributors,reject,Not the strongest candidate or evidence is insufficient.,,
ev_656bca16ac2fe28073f7568947019bc3a9ee9fc3d5d0c7565b0c798cfada085d,191062,4,0,,rejected_candidate,2277.3,False,False,0.0,0,False,Evie,Chargefox,"88-90 Houston Rd, Sydney, 2032",50.0,2,Audi Centre Sydney ,895 South Dowling Street,,Zetland,2017,CCS (Type 2),165,1,1,Operational,Public - Membership Required,$0.70/kWh,2023-07-13T10:51:00Z,Open Charge Map Contributors,reject,Not the strongest candidate or evidence is insufficient.,,
ev_656bca16ac2fe28073f7568947019bc3a9ee9fc3d5d0c7565b0c798cfada085d,150024,5,0,,rejected_candidate,2664.5,False,False,0.0,0,False,Evie,(Unknown Operator),"88-90 Houston Rd, Sydney, 2032",50.0,2,Supa Centa Moore Park,,,Kensington,2033,Tesla (Model S/X),17,1,1,Operational,Public,Free,2020-06-10T21:39:00Z,Open Charge Map Contributors,reject,Not the strongest candidate or evidence is insufficient.,,
ev_dd3c5fa1ccaccf7ddc92c402bd1b9f6d51b2903e9467e63a961178bafd039827,312274,1,2,2,rejected_candidate,165.9,False,False,0.0,0,False,NRMA,Tesla (including non-tesla),"89 Barwan St, Narrabri, NSW 2390, Australia,",50.0,4,Tesla Supercharger - Coles Tenterfield,1 Crown St,,Tenterfield,2372,CCS (Type 2),250,12,3,Operational,Public - Membership Required,$0.69/kWh,2025-05-07T05:24:00Z,Open Charge Map Contributors,reject,Not the strongest candidate or evidence is insufficient.,,
ev_649cd43867cabf7ec762a385b013a94cd8487fa3379231d160331fc57492045d,190671,1,18,18,operator_postcode_address,20.9,True,True,1.0,3,True,NRMA,NRMA,"89 Market St, Balranald, 2715",50.0,2,Balranald [NRMA],89 Market Street,,Balranald,2715,CCS (Type 2) | CHAdeMO,50,2,1,Operational,Public - Membership Required,FREE,2021-12-17T02:52:00Z,Open Charge Map Contributors,auto_accept,High-confidence top candidate selected by operator_postcode_address.,,
ev_bde34abbf08b3a9a951b1b580a2959d19e8a98c0e1e7f951ed15531d5dfb378b,191062,1,18,9,operator_postcode_address,15.7,True,True,1.0,2,True,Chargefox,Chargefox,"895 South Dowling St, Sydney, 2017",165.0,3,Audi Centre Sydney ,895 South Dowling Street,,Zetland,2017,CCS (Type 2),165,1,1,Operational,Public - Membership Required,$0.70/kWh,2023-07-13T10:51:00Z,Open Charge Map Contributors,auto_accept,High-confidence top candidate selected by operator_postcode_address.,,
ev_bde34abbf08b3a9a951b1b580a2959d19e8a98c0e1e7f951ed15531d5dfb378b,272616,2,9,,rejected_candidate,167.3,True,True,0.0,0,False,Chargefox,Chargefox,"895 South Dowling St, Sydney, 2017",165.0,3,NRMA - Sydney,4 Defries Avenue,,Zetland,2017,CCS (Type 2) | CHAdeMO,50 | 350,4,4,Operational,Public - Membership Required,$0.45 - $0.60/kWh,2023-07-15T08:58:00Z,Open Charge Map Contributors,reject,Not the strongest candidate or evidence is insufficient.,,
ev_bde34abbf08b3a9a951b1b580a2959d19e8a98c0e1e7f951ed15531d5dfb378b,272614,3,4,,rejected_candidate,2034.3,True,False,0.0,0,False,Chargefox,Chargefox,"895 South Dowling St, Sydney, 2017",165.0,3,Mirvac South Eveleigh,2 Central Avenue,,Eveleigh,2015,CCS (Type 2) | CHAdeMO | Type 2 (Socket Only),22 | 50,8,4,Operational,Public - Membership Required,Free,2023-07-15T07:56:00Z,Open Charge Map Contributors,reject,Not the strongest candidate or evidence is insufficient.,,
ev_bde34abbf08b3a9a951b1b580a2959d19e8a98c0e1e7f951ed15531d5dfb378b,150024,4,1,,rejected_candidate,585.6,False,False,0.0,0,False,Chargefox,(Unknown Operator),"895 South Dowling St, Sydney, 2017",165.0,3,Supa Centa Moore Park,,,Kensington,2033,Tesla (Model S/X),17,1,1,Operational,Public,Free,2020-06-10T21:39:00Z,Open Charge Map Contributors,reject,Not the strongest candidate or evidence is insufficient.,,
ev_bde34abbf08b3a9a951b1b580a2959d19e8a98c0e1e7f951ed15531d5dfb378b,190875,5,0,,rejected_candidate,1021.8,False,False,0.0,0,False,Chargefox,Jolt,"895 South Dowling St, Sydney, 2017",165.0,3,Kensington [Jolt],110 Anzac Pde,,Kensington,2033,CCS (Type 2) | CHAdeMO,25,2,1,Operational,Public - Membership Required,$0.00/kWh up to 7 kWh then $0.40/kWh,2023-07-13T10:53:00Z,Open Charge Map Contributors,reject,Not the strongest candidate or evidence is insufficient.,,
ev_bde34abbf08b3a9a951b1b580a2959d19e8a98c0e1e7f951ed15531d5dfb378b,272630,6,0,,rejected_candidate,2734.9,False,False,0.0,0,False,Chargefox,Evie,"895 South Dowling St, Sydney, 2017",165.0,3,Royal Randwick,73 Belmore Road,,Randwick,2031,CCS (Type 2) | CHAdeMO,50,4,2,Operational,Public - Membership Required,,2023-07-15T12:06:00Z,Open Charge Map Contributors,reject,Not the strongest candidate or evidence is insufficient.,,
ev_3be7baa2d42d6a57984d876dff722f71a4bfd68dd29a41f93336c6f69c86c725,272694,1,18,13,operator_postcode_address,24.3,True,True,1.0,5,True,Evie,Evie,"9 Eastern Valley Way, Northbridge NSW 2063",50.0,4,Northbridge Plaza,9 Eastern Valley Way,,Northbridge,2063,CCS (Type 2) | CHAdeMO,50,4,1,Operational,Public - Membership Required,,2023-07-16T23:09:00Z,Open Charge Map Contributors,auto_accept,High-confidence top candidate selected by operator_postcode_address.,,
ev_3be7baa2d42d6a57984d876dff722f71a4bfd68dd29a41f93336c6f69c86c725,272632,2,5,,rejected_candidate,2042.7,True,False,0.0,0,True,Evie,Evie,"9 Eastern Valley Way, Northbridge NSW 2063",50.0,4,Civic Plaza 88 Christie,88 Christie St,,St Leonards,2065,CCS (Type 2) | CHAdeMO,50,4,2,Operational,Public - Membership Required,,2023-07-15T12:12:00Z,Open Charge Map Contributors,reject,Not the strongest candidate or evidence is insufficient.,,
ev_3be7baa2d42d6a57984d876dff722f71a4bfd68dd29a41f93336c6f69c86c725,272613,3,0,,rejected_candidate,2069.3,False,False,0.0,0,False,Evie,Chargefox,"9 Eastern Valley Way, Northbridge NSW 2063",50.0,4,TLE Electrical Artarmon,65 Reserve Road,,St Leonards,2065,CCS (Type 2) | CHAdeMO,22,2,1,Operational,Public - Membership Required,$0.30/kWh,2023-07-15T07:52:00Z,Open Charge Map Contributors,reject,Not the strongest candidate or evidence is insufficient.,,
ev_3be7baa2d42d6a57984d876dff722f71a4bfd68dd29a41f93336c6f69c86c725,266872,4,0,,rejected_candidate,2604.4,False,False,0.0,0,False,Evie,Chargefox,"9 Eastern Valley Way, Northbridge NSW 2063",50.0,4,Chatswood Chase Chargefox,345 Victoria Avenue,,Chatswood,2067,CCS (Type 2),120,2,2,Operational,Public - Membership Required,$0.45/kWh,2023-07-13T08:44:00Z,Open Charge Map Contributors,reject,Not the strongest candidate or evidence is insufficient.,,
ev_12e4d2a4f7e24e7c84fc4fb69ef6e03f12c50a49734033cda4a597ba4e8a8094,131610,1,7,1,manual_review,1772.4,False,True,0.5,2,False,Ampol,Chargefox,"9 Flinders St, Wollongong North, NSW, 2500",125.0,2,Innovation Campus - University of Wollongong,Off Innovation Way,,North Wollongong,2500,CCS (Type 2) | Type I (AS 3112),3.45 | 180,3,2,Operational,Public,Free,2024-07-30T05:30:00Z,Open Charge Map Contributors,manual_review,Top candidate has partial evidence but does not satisfy the high-confidence rule.,,
ev_12e4d2a4f7e24e7c84fc4fb69ef6e03f12c50a49734033cda4a597ba4e8a8094,191177,2,6,,rejected_candidate,1610.7,False,True,0.25,1,True,Ampol,NRMA,"9 Flinders St, Wollongong North, NSW, 2500",125.0,2,Stewart Street Carpark [NRMA],17 Stewart Street,,Wollongong,2500,CCS (Type 2) | CHAdeMO,50 | 75 | 150,4,2,Operational,Public,FREE,2023-02-20T17:51:00Z,Open Charge Map Contributors,reject,Not the strongest candidate or evidence is insufficient.,,
ev_12e4d2a4f7e24e7c84fc4fb69ef6e03f12c50a49734033cda4a597ba4e8a8094,460474,3,5,,rejected_candidate,917.4,False,True,0.333,1,False,Ampol,EVX (AU),"9 Flinders St, Wollongong North, NSW, 2500",125.0,2,Georges Place,Georges Place,,Wollongong,2500,Type 2 (Socket Only),22,2,2,Operational,Public - Membership Required,0.55,2025-08-25T07:52:00Z,Open Charge Map Contributors,reject,Not the strongest candidate or evidence is insufficient.,,
ev_12e4d2a4f7e24e7c84fc4fb69ef6e03f12c50a49734033cda4a597ba4e8a8094,131841,4,5,,rejected_candidate,924.3,False,True,0.25,1,False,Ampol,(Business Owner at Location),"9 Flinders St, Wollongong North, NSW, 2500",125.0,2,Wollongong Central - P1 Basement Car Park,71 Market Street,,Wollongong ,2500,Unknown,,1,0,Operational,Public,Free,2025-08-25T07:52:00Z,Open Charge Map Contributors,reject,Not the strongest candidate or evidence is insufficient.,,
ev_12e4d2a4f7e24e7c84fc4fb69ef6e03f12c50a49734033cda4a597ba4e8a8094,235461,5,5,,rejected_candidate,998.7,False,True,0.25,1,False,Ampol,Evie,"9 Flinders St, Wollongong North, NSW, 2500",125.0,2,Wollongong Central - Regent St Carpark,Regent Street,,Wollongong,2500,CCS (Type 2) | CHAdeMO,50,4,1,Operational,Public - Membership Required,50c per kWh energy consumed.,2023-07-12T21:49:00Z,Open Charge Map Contributors,reject,Not the strongest candidate or evidence is insufficient.,,
ev_12e4d2a4f7e24e7c84fc4fb69ef6e03f12c50a49734033cda4a597ba4e8a8094,273425,6,1,,rejected_candidate,1356.0,False,False,0.0,0,True,Ampol,BP Pulse (AU),"9 Flinders St, Wollongong North, NSW, 2500",125.0,2,Fairy Meadow [bp pulse],224 Princes Hwy,,Fairy Meadow,2519,CCS (Type 2),75,2,2,Operational,Public - Membership Required,55c/kWh,2023-08-09T11:24:00Z,Open Charge Map Contributors,reject,Not the strongest candidate or evidence is insufficient.,,
ev_9cb0312439f56a01897eff68dc3164d864ad008e509b303b3769d510a6eb4e0f,272615,1,3,3,rejected_candidate,2016.4,False,True,0.0,0,False,JOLT,Chargefox,"9 Lagoon St, Sydney, 2101",25.0,2,ENGIE - Warriewood Square,12 Jacksons Road,,Warriewood,2101,CCS (Type 2),120,2,2,Operational,Public - Membership Required,$0.45/kWh,2023-07-15T07:59:00Z,Open Charge Map Contributors,reject,Not the strongest candidate or evidence is insufficient.,,
ev_230add932655e8a04728fe0511e7677bea2f9bea79b51190f59c27b607955e3d,272694,1,9,0,manual_review,8607.5,True,False,0.5,1,True,Evie,Evie,"9 Vickery Ave, Sydney, 2029",75.0,4,Northbridge Plaza,9 Eastern Valley Way,,Northbridge,2063,CCS (Type 2) | CHAdeMO,50,4,1,Operational,Public - Membership Required,,2023-07-16T23:09:00Z,Open Charge Map Contributors,manual_review,Top candidate has partial evidence but does not satisfy the high-confidence rule.,,
ev_230add932655e8a04728fe0511e7677bea2f9bea79b51190f59c27b607955e3d,191160,2,9,,rejected_candidate,22647.4,True,False,0.5,1,True,Evie,Evie,"9 Vickery Ave, Sydney, 2029",75.0,4,Bankstown [Evie],9-49 Chapel Road,,Bankstown,,CCS (Type 2) | CHAdeMO,50,4,2,Operational,Public - Membership Required,$0.40/kWh,2023-07-16T12:30:00Z,Open Charge Map Contributors,reject,Not the strongest candidate or evidence is insufficient.,,
ev_230add932655e8a04728fe0511e7677bea2f9bea79b51190f59c27b607955e3d,497869,3,9,,rejected_candidate,262514.9,True,False,0.5,1,True,Evie,Evie,"9 Vickery Ave, Sydney, 2029",75.0,4,Calwell Shopping Centre - Evie,9 Webber Crescent,,Calwell,2905,CCS (Type 2) | CHAdeMO,63 | 150,4,4,Operational,Public,,2026-07-11T06:32:00Z,Open Charge Map Contributors,reject,Not the strongest candidate or evidence is insufficient.,,
ev_230add932655e8a04728fe0511e7677bea2f9bea79b51190f59c27b607955e3d,235459,4,9,,rejected_candidate,548071.0,True,False,0.5,1,True,Evie,Evie,"9 Vickery Ave, Sydney, 2029",75.0,4,Bairnsdale,9 Francis Street,,Bairnsdale,3875,CCS (Type 2) | CHAdeMO,50,2,1,Operational,Public - Membership Required,$0.45 per kWh. Parking overstay charges may apply,2023-07-06T20:52:00Z,Open Charge Map Contributors,reject,Not the strongest candidate or evidence is insufficient.,,
ev_230add932655e8a04728fe0511e7677bea2f9bea79b51190f59c27b607955e3d,210755,5,8,,rejected_candidate,1166927.3,True,False,0.5,1,False,Evie,Evie,"9 Vickery Ave, Sydney, 2029",75.0,4,Paralowie Village Shopping Centre,9 Liberator Drive,,Paralowie,5108,CHAdeMO | CCS (Type 2),350,4,2,Operational,Public - Membership Required,65c per kWh energy consumed.,2023-07-12T22:48:00Z,Open Charge Map Contributors,reject,Not the strongest candidate or evidence is insufficient.,,
ev_230add932655e8a04728fe0511e7677bea2f9bea79b51190f59c27b607955e3d,272634,6,5,,rejected_candidate,2838.9,True,False,0.0,0,True,Evie,Evie,"9 Vickery Ave, Sydney, 2029",75.0,4,Eastgate Bondi Junction,"91 Spring St , NSW 2022",,Bondi Junction,2022,CCS (Type 2) | CHAdeMO,50,4,2,Operational,Public - Membership Required,,2023-07-15T12:17:00Z,Open Charge Map Contributors,reject,Not the strongest candidate or evidence is insufficient.,,
ev_28cab965023b252d011bc0db44ecd3a0d5cc504fe15c0f532761f9ba9a78417b,272634,1,18,13,operator_postcode_address,38.0,True,True,1.0,2,True,Evie,Evie,"91 Spring St, Sydney, 2022",75.0,4,Eastgate Bondi Junction,"91 Spring St , NSW 2022",,Bondi Junction,2022,CCS (Type 2) | CHAdeMO,50,4,2,Operational,Public - Membership Required,,2023-07-15T12:17:00Z,Open Charge Map Contributors,auto_accept,High-confidence top candidate selected by operator_postcode_address.,,
ev_28cab965023b252d011bc0db44ecd3a0d5cc504fe15c0f532761f9ba9a78417b,272689,2,5,,rejected_candidate,1080.2,True,False,0.0,0,True,Evie,Evie,"91 Spring St, Sydney, 2022",75.0,4,Dorhauer Lane,Dorhauer Lane,,Woollahra,2025,CCS (Type 2) | CHAdeMO,50,2,1,Operational,Public - Membership Required,,2023-07-16T22:09:00Z,Open Charge Map Contributors,reject,Not the strongest candidate or evidence is insufficient.,,
ev_28cab965023b252d011bc0db44ecd3a0d5cc504fe15c0f532761f9ba9a78417b,272630,3,5,,rejected_candidate,2593.0,True,False,0.0,0,True,Evie,Evie,"91 Spring St, Sydney, 2022",75.0,4,Royal Randwick,73 Belmore Road,,Randwick,2031,CCS (Type 2) | CHAdeMO,50,4,2,Operational,Public - Membership Required,,2023-07-15T12:06:00Z,Open Charge Map Contributors,reject,Not the strongest candidate or evidence is insufficient.,,
ev_28cab965023b252d011bc0db44ecd3a0d5cc504fe15c0f532761f9ba9a78417b,190875,4,0,,rejected_candidate,2740.5,False,False,0.0,0,False,Evie,Jolt,"91 Spring St, Sydney, 2022",75.0,4,Kensington [Jolt],110 Anzac Pde,,Kensington,2033,CCS (Type 2) | CHAdeMO,25,2,1,Operational,Public - Membership Required,$0.00/kWh up to 7 kWh then $0.40/kWh,2023-07-13T10:53:00Z,Open Charge Map Contributors,reject,Not the strongest candidate or evidence is insufficient.,,
ev_a0b161e1e16c680ee6a541214580d545d902009230bbeff843da24272546f254,9892,1,7,7,manual_review,1503.0,False,True,0.6,3,False,Ampol,Blink Charging,"917-923 Old Northern Rd, Dural, NSW, 2158",125.0,2,Round Cnr 494-500 Old Northern Road,Round Cnr 494-500 Old Northern Road,,Dural,2158,Type 1 (J1772),,,,Unknown,,,2017-11-04T14:03:00Z,CarStations.com,manual_review,Top candidate has partial evidence but does not satisfy the high-confidence rule.,,
ev_4890a9382be16b8604b48f342a015cb54f047b5c8f033761bb4950c01b360d80,272630,1,5,4,manual_review,1658.6,True,False,0.0,0,True,Evie,Evie,"92 Houston Rd
Kingsford NSW 2032
Australia",50.0,2,Royal Randwick,73 Belmore Road,,Randwick,2031,CCS (Type 2) | CHAdeMO,50,4,2,Operational,Public - Membership Required,,2023-07-15T12:06:00Z,Open Charge Map Contributors,manual_review,Top candidate has partial evidence but does not satisfy the high-confidence rule.,,
ev_4890a9382be16b8604b48f342a015cb54f047b5c8f033761bb4950c01b360d80,272616,2,1,,rejected_candidate,2443.1,False,False,0.0,0,True,Evie,Chargefox,"92 Houston Rd
Kingsford NSW 2032
Australia",50.0,2,NRMA - Sydney,4 Defries Avenue,,Zetland,2017,CCS (Type 2) | CHAdeMO,50 | 350,4,4,Operational,Public - Membership Required,$0.45 - $0.60/kWh,2023-07-15T08:58:00Z,Open Charge Map Contributors,reject,Not the strongest candidate or evidence is insufficient.,,
ev_4890a9382be16b8604b48f342a015cb54f047b5c8f033761bb4950c01b360d80,190875,3,0,,rejected_candidate,1923.1,False,False,0.0,0,False,Evie,Jolt,"92 Houston Rd
Kingsford NSW 2032
Australia",50.0,2,Kensington [Jolt],110 Anzac Pde,,Kensington,2033,CCS (Type 2) | CHAdeMO,25,2,1,Operational,Public - Membership Required,$0.00/kWh up to 7 kWh then $0.40/kWh,2023-07-13T10:53:00Z,Open Charge Map Contributors,reject,Not the strongest candidate or evidence is insufficient.,,
ev_4890a9382be16b8604b48f342a015cb54f047b5c8f033761bb4950c01b360d80,191062,4,0,,rejected_candidate,2291.4,False,False,0.0,0,False,Evie,Chargefox,"92 Houston Rd
Kingsford NSW 2032
Australia",50.0,2,Audi Centre Sydney ,895 South Dowling Street,,Zetland,2017,CCS (Type 2),165,1,1,Operational,Public - Membership Required,$0.70/kWh,2023-07-13T10:51:00Z,Open Charge Map Contributors,reject,Not the strongest candidate or evidence is insufficient.,,
ev_4890a9382be16b8604b48f342a015cb54f047b5c8f033761bb4950c01b360d80,150024,5,0,,rejected_candidate,2680.2,False,False,0.0,0,False,Evie,(Unknown Operator),"92 Houston Rd
Kingsford NSW 2032
Australia",50.0,2,Supa Centa Moore Park,,,Kensington,2033,Tesla (Model S/X),17,1,1,Operational,Public,Free,2020-06-10T21:39:00Z,Open Charge Map Contributors,reject,Not the strongest candidate or evidence is insufficient.,,
ev_e415f5655b2bdc908611aa05150bb926f3aab52ecf12343a64b9fa1f47d7b090,272496,1,14,14,close_coordinates_plus_identity,47.2,True,True,0.333,1,True,Evie,Evie,"93 Byamee St, Dapto NSW 2530",50.0,4,Evie Dapto Mall,Moombara Street,,Dapto,2530,CCS (Type 2) | CHAdeMO,50,4,2,Operational,Public - Membership Required,50c per kWh energy consumed.,2023-07-12T21:47:00Z,Open Charge Map Contributors,auto_accept,High-confidence top candidate selected by close_coordinates_plus_identity.,,
ev_a75663c252f89583dc887b89be28ce9a6cf8938d1ec48e34c5b51a156d7cb7ae,191160,1,15,9,operator_address_power,5.1,True,False,1.0,4,True,Evie,Evie,"9-49 Chapel Rd, Bankstown NSW 2200",50.0,4,Bankstown [Evie],9-49 Chapel Road,,Bankstown,,CCS (Type 2) | CHAdeMO,50,4,2,Operational,Public - Membership Required,$0.40/kWh,2023-07-16T12:30:00Z,Open Charge Map Contributors,auto_accept,High-confidence top candidate selected by operator_address_power.,,
ev_a75663c252f89583dc887b89be28ce9a6cf8938d1ec48e34c5b51a156d7cb7ae,308738,2,6,,rejected_candidate,193.2,False,False,0.5,2,False,Evie,Tesla (including non-tesla),"9-49 Chapel Rd, Bankstown NSW 2200",50.0,4,Tesla Supercharger Bankstown,Chapel Road,,Bankstown,,CCS (Type 2),250,6,6,Operational,Public - Membership Required,$0.69/kWh,2025-03-04T03:29:00Z,Open Charge Map Contributors,reject,Not the strongest candidate or evidence is insufficient.,,
ev_32c2f8bb76ca6b9de3b2f415756dca8e7de33f7b2a83a868299b519e83135976,306014,1,14,4,close_coordinates_plus_identity,73.2,True,True,0.333,1,True,Chargefox,Chargefox,"96 Mackay Ave, Yoogali, 2680",50.0,2,Owen Toyota,Owen Drive,Yoogali,,2680,CCS (Type 2),50,2,2,Operational,Public - Membership Required,$0.40/kWh,2024-11-14T09:54:00Z,Open Charge Map Contributors,auto_accept,High-confidence top candidate selected by close_coordinates_plus_identity.,,
ev_32c2f8bb76ca6b9de3b2f415756dca8e7de33f7b2a83a868299b519e83135976,306015,2,10,,rejected_candidate,535.3,True,True,0.333,1,False,Chargefox,Chargefox,"96 Mackay Ave, Yoogali, 2680",50.0,2,Griffith City Volkswagen,Kurrajong Avenue,Yoogali,,2680,CCS (Type 2),24,1,1,Operational,Public - Membership Required,$0.40/kWh,2024-12-08T01:54:00Z,Open Charge Map Contributors,reject,Not the strongest candidate or evidence is insufficient.,,
ev_32c2f8bb76ca6b9de3b2f415756dca8e7de33f7b2a83a868299b519e83135976,306013,3,3,,rejected_candidate,2598.4,False,True,0.0,0,False,Chargefox,Tesla (including non-tesla),"96 Mackay Ave, Yoogali, 2680",50.0,2,Griffith Leagues Club Southside,2 Bridge Road,,Griffith,2680,CCS (Type 2),250,6,6,Operational,Public - Membership Required,up to $0.92/kWh,2024-12-08T01:54:00Z,Open Charge Map Contributors,reject,Not the strongest candidate or evidence is insufficient.,,
ev_b7595fee109180975840a8cfa34b5d289b18baf0842f3347fe1dd4123652fe52,273195,1,12,4,operator_postcode_address,3485.6,True,True,0.5,2,True,Chargefox,Chargefox,"96-100 Centennial Cct, Byron Bay, 2481",80.0,1,Byron Bay Library,Lawson Street,,Byron Bay,2481,CCS (Type 2) | CHAdeMO,50,2,1,Operational,Public - Membership Required,$0.40 per kWh,2023-07-28T12:55:00Z,Open Charge Map Contributors,auto_accept,High-confidence top candidate selected by operator_postcode_address.,reject,Different Byron Bay street address despite matching operator and postcode.
ev_b7595fee109180975840a8cfa34b5d289b18baf0842f3347fe1dd4123652fe52,148118,2,8,,rejected_candidate,666.6,True,True,0.0,0,False,Chargefox,Chargefox,"96-100 Centennial Cct, Byron Bay, 2481",80.0,1,Bayshore Drive,Bayshore Drive,,Ewingsdale,2481,Type 2 (Socket Only),22,11,2,Operational,Public,Free,2023-07-13T23:23:00Z,Open Charge Map Contributors,reject,Not the strongest candidate or evidence is insufficient.,,
ev_b7595fee109180975840a8cfa34b5d289b18baf0842f3347fe1dd4123652fe52,190394,3,3,,rejected_candidate,2675.3,False,False,0.4,2,True,Chargefox,NRMA,"96-100 Centennial Cct, Byron Bay, 2481",80.0,1,The Farm Byron Bay [NRMA],Ewingsdale Road,,Ewingsdale,,CCS (Type 2) | CHAdeMO,50,2,1,Operational,Public,,2025-10-06T09:29:00Z,Open Charge Map Contributors,reject,Not the strongest candidate or evidence is insufficient.,,
ev_ea27d5cacf58e7fe6be6459c8db5170035be1d2bdb6cfd4063cda8a61b9164b2,272630,1,1,0,rejected_candidate,1346.9,False,False,0.0,0,True,Chargefox,Evie,"97R Brook St, Sydney, 2034",42.0,2,Royal Randwick,73 Belmore Road,,Randwick,2031,CCS (Type 2) | CHAdeMO,50,4,2,Operational,Public - Membership Required,,2023-07-15T12:06:00Z,Open Charge Map Contributors,reject,Not the strongest candidate or evidence is insufficient.,,
ev_ea27d5cacf58e7fe6be6459c8db5170035be1d2bdb6cfd4063cda8a61b9164b2,272634,2,1,,rejected_candidate,2972.7,False,False,0.0,0,True,Chargefox,Evie,"97R Brook St, Sydney, 2034",42.0,2,Eastgate Bondi Junction,"91 Spring St , NSW 2022",,Bondi Junction,2022,CCS (Type 2) | CHAdeMO,50,4,2,Operational,Public - Membership Required,,2023-07-15T12:17:00Z,Open Charge Map Contributors,reject,Not the strongest candidate or evidence is insufficient.,,
ev_4ba04f78cdb05ee04c8dd33544a653008f08eba36bc35eb5ba19bf3ec55c4e45,266872,1,4,3,rejected_candidate,298.5,False,True,0.0,0,False,Exploren,Chargefox,"Anderson St, Sydney, 2067",50.0,2,Chatswood Chase Chargefox,345 Victoria Avenue,,Chatswood,2067,CCS (Type 2),120,2,2,Operational,Public - Membership Required,$0.45/kWh,2023-07-13T08:44:00Z,Open Charge Map Contributors,reject,Not the strongest candidate or evidence is insufficient.,,
ev_4ba04f78cdb05ee04c8dd33544a653008f08eba36bc35eb5ba19bf3ec55c4e45,191165,2,1,,rejected_candidate,2358.7,False,False,0.0,0,True,Exploren,Evie,"Anderson St, Sydney, 2067",50.0,2,Evie Lane Cove,2 Rosenthal Ave,“The Canopy”,Lane Cove,,CCS (Type 2) | CHAdeMO,50,4,2,Operational,Public - Membership Required,$0.40/kWh,2023-07-15T12:03:00Z,Open Charge Map Contributors,reject,Not the strongest candidate or evidence is insufficient.,,
ev_4ba04f78cdb05ee04c8dd33544a653008f08eba36bc35eb5ba19bf3ec55c4e45,272694,3,1,,rejected_candidate,2721.4,False,False,0.0,0,True,Exploren,Evie,"Anderson St, Sydney, 2067",50.0,2,Northbridge Plaza,9 Eastern Valley Way,,Northbridge,2063,CCS (Type 2) | CHAdeMO,50,4,1,Operational,Public - Membership Required,,2023-07-16T23:09:00Z,Open Charge Map Contributors,reject,Not the strongest candidate or evidence is insufficient.,,
ev_4ba04f78cdb05ee04c8dd33544a653008f08eba36bc35eb5ba19bf3ec55c4e45,272613,4,0,,rejected_candidate,2507.4,False,False,0.0,0,False,Exploren,Chargefox,"Anderson St, Sydney, 2067",50.0,2,TLE Electrical Artarmon,65 Reserve Road,,St Leonards,2065,CCS (Type 2) | CHAdeMO,22,2,1,Operational,Public - Membership Required,$0.30/kWh,2023-07-15T07:52:00Z,Open Charge Map Contributors,reject,Not the strongest candidate or evidence is insufficient.,,
ev_95d1b1bc7ac361ad20e5eae5988030132b3268914e71d716914f7b04d5528771,272686,1,5,4,manual_review,587.4,False,True,0.0,0,True,BP,Evie,"Avenue Rd, Sydney, 2088",75.0,2,Raglan Street West,188 Raglan St,,Mosman,2088,CCS (Type 2) | CHAdeMO,50,4,1,Operational,Public - Membership Required,,2023-07-16T22:00:00Z,Open Charge Map Contributors,manual_review,Top candidate has partial evidence but does not satisfy the high-confidence rule.,,
ev_95d1b1bc7ac361ad20e5eae5988030132b3268914e71d716914f7b04d5528771,191164,2,1,,rejected_candidate,818.2,False,False,0.0,0,True,BP,Evie,"Avenue Rd, Sydney, 2088",75.0,2,Evie Mosman,6 Myahgah Road,,Mosman,,CHAdeMO | CCS (Type 2),50,2,1,Operational,Public - Membership Required,$0.40/kWh,2023-07-16T22:01:00Z,Open Charge Map Contributors,reject,Not the strongest candidate or evidence is insufficient.,,
ev_6b6036e412e474639adcaf38755fa67b79e5382a38b769f0ad3f4aadc14730b5,128374,1,15,6,operator_address_power,46.0,True,False,1.0,3,True,Tesla,Tesla (including non-tesla),"B640 Princes Hwy, Berry, 2535",130.0,12,Berry Supercharger,B640 Princes Highway,,Berry,,CCS (Type 2),120,6,6,Operational,Public - Membership Required,AUD 0.42/kWh;other tariffs for older cars,2023-08-30T06:17:00Z,Open Charge Map Contributors,auto_accept,High-confidence top candidate selected by operator_address_power.,,
ev_6b6036e412e474639adcaf38755fa67b79e5382a38b769f0ad3f4aadc14730b5,190502,2,9,,rejected_candidate,27.7,False,True,0.333,1,False,Tesla,(Unknown Operator),"B640 Princes Hwy, Berry, 2535",130.0,12,Silos estate,Princes Highway,Meroo Meadow,Jaspers Brush,2535,Type 2 (Tethered Connector) ,22,2,2,Operational,Public,,2021-12-11T10:09:00Z,Open Charge Map Contributors,reject,Not the strongest candidate or evidence is insufficient.,,
ev_cbca7dfe8ec310ed6144c18916cd4137d118e7a853f82e24bbc78d4be98fd099,272620,1,6,6,combined_evidence,355.6,False,True,0.333,1,False,JOLT,Chargefox,"Berowra Railway Station, Pacific Highway, Berowra, New South Wales 2081, Australia",25.0,1,Berowra Tennis Centre,6 Boundary Street,,Berowra,2081,CCS (Type 2),75,2,2,Operational,Public - Membership Required,$0.60/kWh,2023-07-15T09:11:00Z,Open Charge Map Contributors,auto_accept,High-confidence top candidate selected by combined_evidence.,,
ev_896f4ca19ddc05a3365c99494ce97467b35c801d40644f31800610609a1ccb52,128371,1,13,13,operator_address_power,127.3,True,False,1.0,3,True,Tesla,Tesla (Tesla-only charging),"Bryant Dr, Central Coast, 2259",130.0,12,Central Coast Supercharger [Tesla],Bryant Drive & Wyong Road,,Tuggerah,,CCS (Type 2),120,6,6,Operational,Public - Membership Required,$0.52/kWh,2021-12-19T02:09:00Z,Open Charge Map Contributors,auto_accept,High-confidence top candidate selected by operator_address_power.,,
ev_5980727ec2879b9fe52b354cb3441520d1b5ca44a1a90784bcdc2427e68ffa3c,272619,1,16,16,operator_postcode_address,86.9,True,True,1.0,1,True,Chargefox,Chargefox,"Bunnerong Rd, Sydney, 2036",40.0,2,The Heffron Centre,439 Bunnerong Road,,Chifley,2036,CCS (Type 2) | CHAdeMO,25,8,8,Operational,Public - Membership Required,Free - $0.42/kWh,2023-07-15T09:08:00Z,Open Charge Map Contributors,auto_accept,High-confidence top candidate selected by operator_postcode_address.,,
ev_ec318e41c9e765e4fedc70e7a7f1455b5893c24fcbca4d45af9947d3019a6c37,191954,1,16,11,operator_postcode_address,1.9,True,True,0.667,2,True,NRMA,NRMA,"Car Park behind the Civic Centre, Orange, 2800",50.0,2,Orange Civic Theatre,Orange Civic Theatre,,Orange,2800,CCS (Type 2) | CHAdeMO,50,2,1,Operational,Public - Membership Required,FREE,2022-03-10T22:21:00Z,Open Charge Map Contributors,auto_accept,High-confidence top candidate selected by operator_postcode_address.,,
ev_ec318e41c9e765e4fedc70e7a7f1455b5893c24fcbca4d45af9947d3019a6c37,311438,2,5,,rejected_candidate,84.5,False,True,0.2,1,False,NRMA,Exploren,"Car Park behind the Civic Centre, Orange, 2800",50.0,2,Orange City Council - City Library,259 Lords Place,,Orange,2800,Type 2 (Socket Only),7,4,2,Operational,Public - Membership Required,$0.47/kWh,2025-04-01T20:24:00Z,Open Charge Map Contributors,reject,Not the strongest candidate or evidence is insufficient.,,
ev_ec318e41c9e765e4fedc70e7a7f1455b5893c24fcbca4d45af9947d3019a6c37,311913,3,3,,rejected_candidate,2044.5,False,True,0.2,1,False,NRMA,Chargehub,"Car Park behind the Civic Centre, Orange, 2800",50.0,2,Ibis Styles - Orange,146 Bathurst Road,,ORANGE,2800,Type 2 (Socket Only),11,3,3,Operational,Public,"$0.45 per kWh, may vary. See chargehub app.",2025-04-28T10:59:00Z,Open Charge Map Contributors,reject,Not the strongest candidate or evidence is insufficient.,,
ev_2f8f7072e8e1222bd4543430229589b8bf7b0d60ecf75194fd1b080f414535d5,266480,1,12,3,operator_postcode_address,689090.3,True,True,0.5,2,True,NRMA,NRMA,"Car park, 51 Evans St (Victoria Park), Inverell, NSW 2360, Australia",75.0,2,NRMA Inverell,59 Evans Street,,Inverell ,2360,CCS (Type 2) | CHAdeMO,50 | 70,2,1,Operational,Public - Membership Required,FREE,2023-06-06T12:14:00Z,Open Charge Map Contributors,auto_accept,High-confidence top candidate selected by operator_postcode_address.,,
ev_2f8f7072e8e1222bd4543430229589b8bf7b0d60ecf75194fd1b080f414535d5,190500,2,9,,rejected_candidate,57.3,True,False,0.0,0,True,NRMA,NRMA,"Car park, 51 Evans St (Victoria Park), Inverell, NSW 2360, Australia",75.0,2,Cross Street Carpark [NRMA],8 Cross Street,,Wagga Wagga,NSW,CCS (Type 2) | CHAdeMO,50,2,1,Operational,Public - Membership Required,$0.66/KWh,2024-11-12T12:09:00Z,Open Charge Map Contributors,reject,Not the strongest candidate or evidence is insufficient.,,
ev_2f8f7072e8e1222bd4543430229589b8bf7b0d60ecf75194fd1b080f414535d5,306016,3,0,,rejected_candidate,2899.3,False,False,0.0,0,False,NRMA,Everty,"Car park, 51 Evans St (Victoria Park), Inverell, NSW 2360, Australia",75.0,2,Middy's Wagga East,Stuart Road,East Wagga Wagga,,2650,CCS (Type 2) | CHAdeMO,25,2,1,Operational,Public - Membership Required,$0.35/kWh,2024-12-08T01:54:00Z,Open Charge Map Contributors,reject,Not the strongest candidate or evidence is insufficient.,,
ev_fdd79f21a3b5b52d131cd997345814faa71f49945d25acbf27a4df5fbd42f1e2,190668,1,12,3,operator_postcode_address,540703.6,True,True,0.6,3,True,NRMA,NRMA,"Car park, Little Hoskins St, Temora, NSW 2666",50.0,2,Temora Council Chambers,Little Hoskins Street,,Temora,2666,CCS (Type 2),50,2,2,Operational,Public - Membership Required,$0.74/kWh,2026-07-15T02:08:00Z,Open Charge Map Contributors,auto_accept,High-confidence top candidate selected by operator_postcode_address.,,
ev_fdd79f21a3b5b52d131cd997345814faa71f49945d25acbf27a4df5fbd42f1e2,260392,2,9,,rejected_candidate,274030.4,True,False,0.5,1,True,NRMA,NRMA,"Car park, Little Hoskins St, Temora, NSW 2666",50.0,2,Little Walker Street,Little Walker Street,,,2470,CCS (Type 2) | CHAdeMO,50,4,2,Operational,Public,,2023-04-23T10:48:00Z,Open Charge Map Contributors,reject,Not the strongest candidate or evidence is insufficient.,,
ev_fdd79f21a3b5b52d131cd997345814faa71f49945d25acbf27a4df5fbd42f1e2,480135,3,8,,rejected_candidate,48.1,True,False,0.0,0,False,NRMA,NRMA,"Car park, Little Hoskins St, Temora, NSW 2666",50.0,2,NRMA EV Charger Walcha,10W Apsley Street,,Walcha,2354,CCS (Type 2) | CHAdeMO,,4,2,Operational,Public,,2026-03-15T08:37:00Z,Open Charge Map Contributors,reject,Not the strongest candidate or evidence is insufficient.,,
ev_6f15c9f4ef710785f91296158349a59ff347e397290d6bf370dce988a524c9ff,274056,1,12,12,close_coordinates_plus_identity,5.9,True,True,0.0,0,True,Ampol,Ampol AmpCharge,"Castlereagh Rd, Sydney, 2750",150.0,2,Ampol Foodary Penrith,153 Coreen Ave,,Penrith,2750,CCS (Type 2) | CHAdeMO,100 | 180,2,1,Operational,Public - Membership Required,$0.69/kWh for pay-as-you-go charging.,2023-08-31T09:47:00Z,Open Charge Map Contributors,auto_accept,High-confidence top candidate selected by close_coordinates_plus_identity.,,
ev_91a22fbe9d654f5b281dd5d3e14323f01bc183a9478623b2e85ecb5253a16ee6,272614,1,13,4,close_coordinates_plus_identity,30.5,False,True,1.0,2,False,Ampol,Chargefox,"Central Ave 2, Sydney, 2015",150.0,6,Mirvac South Eveleigh,2 Central Avenue,,Eveleigh,2015,CCS (Type 2) | CHAdeMO | Type 2 (Socket Only),22 | 50,8,4,Operational,Public - Membership Required,Free,2023-07-15T07:56:00Z,Open Charge Map Contributors,auto_accept,High-confidence top candidate selected by close_coordinates_plus_identity.,,
ev_91a22fbe9d654f5b281dd5d3e14323f01bc183a9478623b2e85ecb5253a16ee6,279179,2,9,,rejected_candidate,67146.6,True,False,0.5,1,True,Ampol,Ampol AmpCharge,"Central Ave 2, Sydney, 2015",150.0,6,Ampol Foodary Pheasants Nest Northbound,Lots 1 & 2 Hume Hwy,,Pheasants Nest,2574,CCS (Type 2) | CHAdeMO,100 | 150,9,1,Operational,Public - Membership Required,$0.69 per kWh,2023-10-18T01:57:00Z,Open Charge Map Contributors,reject,Not the strongest candidate or evidence is insufficient.,,
ev_91a22fbe9d654f5b281dd5d3e14323f01bc183a9478623b2e85ecb5253a16ee6,100404,3,1,,rejected_candidate,1412.7,False,False,0.0,0,True,Ampol,Tesla (Tesla-only charging),"Central Ave 2, Sydney, 2015",150.0,6,Broadway Supercharger,1 Bay Street,,Broadway,2007,CCS (Type 2),120,8,8,Operational,Public - Membership Required,AUD 0.42/kWh;other tariffs for older cars,2025-03-21T01:01:00Z,Open Charge Map Contributors,reject,Not the strongest candidate or evidence is insufficient.,,
ev_91a22fbe9d654f5b281dd5d3e14323f01bc183a9478623b2e85ecb5253a16ee6,191062,4,1,,rejected_candidate,2014.2,False,False,0.0,0,True,Ampol,Chargefox,"Central Ave 2, Sydney, 2015",150.0,6,Audi Centre Sydney ,895 South Dowling Street,,Zetland,2017,CCS (Type 2),165,1,1,Operational,Public - Membership Required,$0.70/kWh,2023-07-13T10:51:00Z,Open Charge Map Contributors,reject,Not the strongest candidate or evidence is insufficient.,,
ev_91a22fbe9d654f5b281dd5d3e14323f01bc183a9478623b2e85ecb5253a16ee6,311308,5,0,,rejected_candidate,1366.0,False,False,0.0,0,False,Ampol,Tesla (including non-tesla),"Central Ave 2, Sydney, 2015",150.0,6,Tesla Destination Charger,1 Bay Street,,Broadway,2007,CCS (Type 2),22,3,3,Operational,Public,0,2025-03-29T03:34:00Z,Open Charge Map Contributors,reject,Not the strongest candidate or evidence is insufficient.,,
ev_91a22fbe9d654f5b281dd5d3e14323f01bc183a9478623b2e85ecb5253a16ee6,272616,6,0,,rejected_candidate,1891.7,False,False,0.0,0,False,Ampol,Chargefox,"Central Ave 2, Sydney, 2015",150.0,6,NRMA - Sydney,4 Defries Avenue,,Zetland,2017,CCS (Type 2) | CHAdeMO,50 | 350,4,4,Operational,Public - Membership Required,$0.45 - $0.60/kWh,2023-07-15T08:58:00Z,Open Charge Map Contributors,reject,Not the strongest candidate or evidence is insufficient.,,
ev_91a22fbe9d654f5b281dd5d3e14323f01bc183a9478623b2e85ecb5253a16ee6,150024,7,0,,rejected_candidate,1903.1,False,False,0.0,0,False,Ampol,(Unknown Operator),"Central Ave 2, Sydney, 2015",150.0,6,Supa Centa Moore Park,,,Kensington,2033,Tesla (Model S/X),17,1,1,Operational,Public,Free,2020-06-10T21:39:00Z,Open Charge Map Contributors,reject,Not the strongest candidate or evidence is insufficient.,,
ev_91a22fbe9d654f5b281dd5d3e14323f01bc183a9478623b2e85ecb5253a16ee6,193048,8,0,,rejected_candidate,2677.1,False,False,0.0,0,False,Ampol,Evie,"Central Ave 2, Sydney, 2015",150.0,6,Marrickville Metro,Smidmore Street,,Sydney,2044,CCS (Type 2) | CHAdeMO,50,4,2,Operational,Public - Membership Required,,2023-07-16T13:40:00Z,Open Charge Map Contributors,reject,Not the strongest candidate or evidence is insufficient.,,
ev_91a22fbe9d654f5b281dd5d3e14323f01bc183a9478623b2e85ecb5253a16ee6,190875,9,0,,rejected_candidate,2877.1,False,False,0.0,0,False,Ampol,Jolt,"Central Ave 2, Sydney, 2015",150.0,6,Kensington [Jolt],110 Anzac Pde,,Kensington,2033,CCS (Type 2) | CHAdeMO,25,2,1,Operational,Public - Membership Required,$0.00/kWh up to 7 kWh then $0.40/kWh,2023-07-13T10:53:00Z,Open Charge Map Contributors,reject,Not the strongest candidate or evidence is insufficient.,,
ev_5897b265d247b1dd7eba62f51422a72851cb4afc306d86e80ab3605179de9d30,191163,1,0,0,rejected_candidate,2560.2,False,False,0.0,0,False,Ampol,Evie,"Cnr Dunheved Rd & Henry Lawson Dr, Werrington, NSW, 2747",125.0,2,"Evie Caddens Corner, Kingswood. ",82a O’Connell Street,,Kinswoid,,CCS (Type 2) | CHAdeMO | Type 2 (Socket Only),22 | 50,4,2,Operational,Public - Membership Required,DC $0.40/kWh AC $0.35/kWh,2023-07-15T13:55:00Z,Open Charge Map Contributors,reject,Not the strongest candidate or evidence is insufficient.,,
ev_8df6e591395f0182787ec3f12a2812f5a0ae5cad6aa301345e9d81a1d747e1b1,272627,1,16,11,operator_postcode_address,172.6,True,True,1.0,5,True,Evie,Evie,"Cnr Herring & Waterloo Rd, North Ryde NSW 2113",50.0,4,Macquarie Centre,Cnr Herring Rd & Waterloo Rd,,North Ryde,2113,CCS (Type 2) | CHAdeMO,50,4,2,Operational,Public - Membership Required,,2026-03-05T06:26:00Z,Open Charge Map Contributors,auto_accept,High-confidence top candidate selected by operator_postcode_address.,,
ev_8df6e591395f0182787ec3f12a2812f5a0ae5cad6aa301345e9d81a1d747e1b1,150032,2,5,,rejected_candidate,109.2,False,True,0.0,0,False,Evie,Tesla (Tesla-only charging),"Cnr Herring & Waterloo Rd, North Ryde NSW 2113",50.0,4,Macquarie Supercharger,Macquarie Supercharger,,,2113,CCS (Type 2),150,10,10,Operational,Public - Membership Required,AUD 0.42/kWh;other tariffs for older cars,2021-11-16T10:07:00Z,Open Charge Map Contributors,reject,Not the strongest candidate or evidence is insufficient.,,
ev_8df6e591395f0182787ec3f12a2812f5a0ae5cad6aa301345e9d81a1d747e1b1,190053,3,4,,rejected_candidate,632.8,False,True,0.0,0,False,Evie,(Unknown Operator),"Cnr Herring & Waterloo Rd, North Ryde NSW 2113",50.0,4,Giffnock Avenue,22 Giffnock Avenue,,Macquarie Park,2113,Type 2 (Socket Only),22,1,1,Operational,Public - Membership Required,Free,2021-11-17T09:59:00Z,Open Charge Map Contributors,reject,Not the strongest candidate or evidence is insufficient.,,
ev_8df6e591395f0182787ec3f12a2812f5a0ae5cad6aa301345e9d81a1d747e1b1,190055,4,3,,rejected_candidate,1182.7,False,True,0.0,0,False,Evie,(Unknown Operator),"Cnr Herring & Waterloo Rd, North Ryde NSW 2113",50.0,4,Eden Gardens,Eden Gardens,307 Lane Cove Road,Macquarie Park,2113,Type 2 (Tethered Connector) ,8,2,2,Operational,Public,Free,2021-11-16T17:44:00Z,Open Charge Map Contributors,reject,Not the strongest candidate or evidence is insufficient.,,
ev_8df6e591395f0182787ec3f12a2812f5a0ae5cad6aa301345e9d81a1d747e1b1,190041,5,0,,rejected_candidate,1192.7,False,False,0.0,0,False,Evie,Chargefox,"Cnr Herring & Waterloo Rd, North Ryde NSW 2113",50.0,4,Macquarie University X6A Banksia Cottage,Car Park W3 near X6A Banksia Cottage,,Macquarie University,2109,Type 2 (Socket Only),12,6,6,Operational,Public,See App,2025-01-06T17:07:00Z,Open Charge Map Contributors,reject,Not the strongest candidate or evidence is insufficient.,,
ev_4329e07697dc097d7df3ad78c1cbc455e848da392d04f115b14c386134fb4752,272627,1,13,3,close_coordinates_plus_identity,48.6,False,True,1.0,3,False,Tesla,Evie,"Cnr Herring Rd & Waterloo Rd, Sydney, 2113",130.0,20,Macquarie Centre,Cnr Herring Rd & Waterloo Rd,,North Ryde,2113,CCS (Type 2) | CHAdeMO,50,4,2,Operational,Public - Membership Required,,2026-03-05T06:26:00Z,Open Charge Map Contributors,auto_accept,High-confidence top candidate selected by close_coordinates_plus_identity.,,
ev_4329e07697dc097d7df3ad78c1cbc455e848da392d04f115b14c386134fb4752,150032,2,10,,rejected_candidate,183.8,True,True,0.0,0,True,Tesla,Tesla (Tesla-only charging),"Cnr Herring Rd & Waterloo Rd, Sydney, 2113",130.0,20,Macquarie Supercharger,Macquarie Supercharger,,,2113,CCS (Type 2),150,10,10,Operational,Public - Membership Required,AUD 0.42/kWh;other tariffs for older cars,2021-11-16T10:07:00Z,Open Charge Map Contributors,reject,Not the strongest candidate or evidence is insufficient.,,
ev_4329e07697dc097d7df3ad78c1cbc455e848da392d04f115b14c386134fb4752,190053,3,4,,rejected_candidate,626.0,False,True,0.0,0,False,Tesla,(Unknown Operator),"Cnr Herring Rd & Waterloo Rd, Sydney, 2113",130.0,20,Giffnock Avenue,22 Giffnock Avenue,,Macquarie Park,2113,Type 2 (Socket Only),22,1,1,Operational,Public - Membership Required,Free,2021-11-17T09:59:00Z,Open Charge Map Contributors,reject,Not the strongest candidate or evidence is insufficient.,,
ev_4329e07697dc097d7df3ad78c1cbc455e848da392d04f115b14c386134fb4752,190055,4,3,,rejected_candidate,1290.5,False,True,0.0,0,False,Tesla,(Unknown Operator),"Cnr Herring Rd & Waterloo Rd, Sydney, 2113",130.0,20,Eden Gardens,Eden Gardens,307 Lane Cove Road,Macquarie Park,2113,Type 2 (Tethered Connector) ,8,2,2,Operational,Public,Free,2021-11-16T17:44:00Z,Open Charge Map Contributors,reject,Not the strongest candidate or evidence is insufficient.,,
ev_4329e07697dc097d7df3ad78c1cbc455e848da392d04f115b14c386134fb4752,190041,5,0,,rejected_candidate,1075.1,False,False,0.0,0,False,Tesla,Chargefox,"Cnr Herring Rd & Waterloo Rd, Sydney, 2113",130.0,20,Macquarie University X6A Banksia Cottage,Car Park W3 near X6A Banksia Cottage,,Macquarie University,2109,Type 2 (Socket Only),12,6,6,Operational,Public,See App,2025-01-06T17:07:00Z,Open Charge Map Contributors,reject,Not the strongest candidate or evidence is insufficient.,,
ev_7b7a7448e27e899614a13a15bbe004d350287803a114818e97974b5a350e1294,272632,1,5,0,manual_review,1298.6,True,False,0.0,0,True,Evie,Evie,"Cnr Miller & Amherst St, Cammeray NSW 2062",75.0,4,Civic Plaza 88 Christie,88 Christie St,,St Leonards,2065,CCS (Type 2) | CHAdeMO,50,4,2,Operational,Public - Membership Required,,2023-07-15T12:12:00Z,Open Charge Map Contributors,manual_review,Top candidate has partial evidence but does not satisfy the high-confidence rule.,,
ev_7b7a7448e27e899614a13a15bbe004d350287803a114818e97974b5a350e1294,272694,2,5,,rejected_candidate,1518.8,True,False,0.0,0,True,Evie,Evie,"Cnr Miller & Amherst St, Cammeray NSW 2062",75.0,4,Northbridge Plaza,9 Eastern Valley Way,,Northbridge,2063,CCS (Type 2) | CHAdeMO,50,4,1,Operational,Public - Membership Required,,2023-07-16T23:09:00Z,Open Charge Map Contributors,reject,Not the strongest candidate or evidence is insufficient.,,
ev_7b7a7448e27e899614a13a15bbe004d350287803a114818e97974b5a350e1294,191164,3,5,,rejected_candidate,2979.2,True,False,0.0,0,True,Evie,Evie,"Cnr Miller & Amherst St, Cammeray NSW 2062",75.0,4,Evie Mosman,6 Myahgah Road,,Mosman,,CHAdeMO | CCS (Type 2),50,2,1,Operational,Public - Membership Required,$0.40/kWh,2023-07-16T22:01:00Z,Open Charge Map Contributors,reject,Not the strongest candidate or evidence is insufficient.,,
ev_7b7a7448e27e899614a13a15bbe004d350287803a114818e97974b5a350e1294,272613,4,0,,rejected_candidate,1917.6,False,False,0.0,0,False,Evie,Chargefox,"Cnr Miller & Amherst St, Cammeray NSW 2062",75.0,4,TLE Electrical Artarmon,65 Reserve Road,,St Leonards,2065,CCS (Type 2) | CHAdeMO,22,2,1,Operational,Public - Membership Required,$0.30/kWh,2023-07-15T07:52:00Z,Open Charge Map Contributors,reject,Not the strongest candidate or evidence is insufficient.,,
ev_0d8289fd2c15703f853438b8ee580a437d764bc54c2c6dad1e7672ce8f72b3f8,272634,1,1,0,rejected_candidate,2213.9,False,False,0.0,0,True,Chargefox,Evie,"Cnr Trafalgar St & Pembroke St, Sydney, 2024",50.0,2,Eastgate Bondi Junction,"91 Spring St , NSW 2022",,Bondi Junction,2022,CCS (Type 2) | CHAdeMO,50,4,2,Operational,Public - Membership Required,,2023-07-15T12:17:00Z,Open Charge Map Contributors,reject,Not the strongest candidate or evidence is insufficient.,,
ev_0d8289fd2c15703f853438b8ee580a437d764bc54c2c6dad1e7672ce8f72b3f8,272630,2,1,,rejected_candidate,2367.9,False,False,0.0,0,True,Chargefox,Evie,"Cnr Trafalgar St & Pembroke St, Sydney, 2024",50.0,2,Royal Randwick,73 Belmore Road,,Randwick,2031,CCS (Type 2) | CHAdeMO,50,4,2,Operational,Public - Membership Required,,2023-07-15T12:06:00Z,Open Charge Map Contributors,reject,Not the strongest candidate or evidence is insufficient.,,
ev_1b21538ca3591e4e6222b90265334877ea9d529c0703ad46f1dfff10533d41e0,190861,1,16,16,operator_postcode_address,6.2,True,True,0.5,3,True,NRMA,NRMA,"Corner of Snowy River Avenue and Kalkite St, Jindabyne, 2627",50.0,4,Snowy River Ave Car Park,3 Snowy River Ave,,Jindabyne,2627,CCS (Type 2) | CHAdeMO,50,4,2,Operational,Public,$0.64/kWh,2026-07-15T01:28:00Z,Open Charge Map Contributors,auto_accept,High-confidence top candidate selected by operator_postcode_address.,,
ev_a6ee5b9323d796000ae02b45f4c13d618aedc5b7fab68eb1bca350c68116406a,191956,1,16,16,operator_postcode_address,23.1,True,True,0.5,1,True,NRMA,NRMA,"Dalton St, Parkes, 2870",75.0,2,NRMA Parkes,Bogan Street,,Parkes,2870,CCS (Type 2) | CHAdeMO,50,2,1,Operational,Public - Membership Required,FREE,2022-03-10T22:21:00Z,Open Charge Map Contributors,auto_accept,High-confidence top candidate selected by operator_postcode_address.,,
ev_b04070d1a61060606f9eff76bb3187dec2763edc71841621c2368c0d88ffdd31,272689,1,16,7,operator_postcode_address,5.5,True,True,0.5,1,True,Evie,Evie,"Dorhauer Ln, Sydney, 2025",75.0,2,Dorhauer Lane,Dorhauer Lane,,Woollahra,2025,CCS (Type 2) | CHAdeMO,50,2,1,Operational,Public - Membership Required,,2023-07-16T22:09:00Z,Open Charge Map Contributors,auto_accept,High-confidence top candidate selected by operator_postcode_address.,,
ev_b04070d1a61060606f9eff76bb3187dec2763edc71841621c2368c0d88ffdd31,271017,2,9,,rejected_candidate,594005.8,True,False,0.5,1,True,Evie,Evie,"Dorhauer Ln, Sydney, 2025",75.0,2,Evie Maffra,4 Purdy Ln,,Maffra,3860,CCS (Type 2) | CHAdeMO,50,2,1,Operational,Public - Membership Required,$0.45 per kWh,2023-07-10T02:38:00Z,Open Charge Map Contributors,reject,Not the strongest candidate or evidence is insufficient.,,
ev_b04070d1a61060606f9eff76bb3187dec2763edc71841621c2368c0d88ffdd31,272634,3,5,,rejected_candidate,1079.9,True,False,0.0,0,True,Evie,Evie,"Dorhauer Ln, Sydney, 2025",75.0,2,Eastgate Bondi Junction,"91 Spring St , NSW 2022",,Bondi Junction,2022,CCS (Type 2) | CHAdeMO,50,4,2,Operational,Public - Membership Required,,2023-07-15T12:17:00Z,Open Charge Map Contributors,reject,Not the strongest candidate or evidence is insufficient.,,
ev_b04070d1a61060606f9eff76bb3187dec2763edc71841621c2368c0d88ffdd31,272630,4,5,,rejected_candidate,2981.9,True,False,0.0,0,True,Evie,Evie,"Dorhauer Ln, Sydney, 2025",75.0,2,Royal Randwick,73 Belmore Road,,Randwick,2031,CCS (Type 2) | CHAdeMO,50,4,2,Operational,Public - Membership Required,,2023-07-15T12:06:00Z,Open Charge Map Contributors,reject,Not the strongest candidate or evidence is insufficient.,,
ev_b04070d1a61060606f9eff76bb3187dec2763edc71841621c2368c0d88ffdd31,272616,5,1,,rejected_candidate,2971.4,False,False,0.0,0,True,Evie,Chargefox,"Dorhauer Ln, Sydney, 2025",75.0,2,NRMA - Sydney,4 Defries Avenue,,Zetland,2017,CCS (Type 2) | CHAdeMO,50 | 350,4,4,Operational,Public - Membership Required,$0.45 - $0.60/kWh,2023-07-15T08:58:00Z,Open Charge Map Contributors,reject,Not the strongest candidate or evidence is insufficient.,,
ev_b04070d1a61060606f9eff76bb3187dec2763edc71841621c2368c0d88ffdd31,190875,6,0,,rejected_candidate,2412.4,False,False,0.0,0,False,Evie,Jolt,"Dorhauer Ln, Sydney, 2025",75.0,2,Kensington [Jolt],110 Anzac Pde,,Kensington,2033,CCS (Type 2) | CHAdeMO,25,2,1,Operational,Public - Membership Required,$0.00/kWh up to 7 kWh then $0.40/kWh,2023-07-13T10:53:00Z,Open Charge Map Contributors,reject,Not the strongest candidate or evidence is insufficient.,,
ev_b04070d1a61060606f9eff76bb3187dec2763edc71841621c2368c0d88ffdd31,150024,7,0,,rejected_candidate,2559.3,False,False,0.0,0,False,Evie,(Unknown Operator),"Dorhauer Ln, Sydney, 2025",75.0,2,Supa Centa Moore Park,,,Kensington,2033,Tesla (Model S/X),17,1,1,Operational,Public,Free,2020-06-10T21:39:00Z,Open Charge Map Contributors,reject,Not the strongest candidate or evidence is insufficient.,,
ev_edc2e07c5bb711a681b858e48a7c17c3fae8e694e475f0b9ab4d60b511daab87,154488,1,9,2,combined_evidence,425.7,True,False,0.5,1,False,NRMA,NRMA,"Eskbank St, Lithgow, 2790",180.0,4,Lithgow Workmen's Club,Tank St,,Lithgow,,CCS (Type 2) | CHAdeMO,50,4,2,Operational,Public,60c / 54c for members of NRMA,2024-06-14T12:05:00Z,Open Charge Map Contributors,auto_accept,High-confidence top candidate selected by combined_evidence.,,
ev_edc2e07c5bb711a681b858e48a7c17c3fae8e694e475f0b9ab4d60b511daab87,299904,2,7,,rejected_candidate,772.8,False,True,0.5,1,False,NRMA,Exploren,"Eskbank St, Lithgow, 2790",180.0,4,Club Lithgow,"2c Lithgow St, ",,Lithgow,2790,Type 2 (Socket Only),22,4,4,Operational,Public,See Exploren app.,2024-06-17T11:11:00Z,Open Charge Map Contributors,reject,Not the strongest candidate or evidence is insufficient.,,
ev_c0885e33b75755c38ca654c2d8e3b3fd40eee017419a362fcc423f6f58c3976f,79243,1,16,16,operator_postcode_address,0.1,True,True,0.6,3,True,Tesla,Tesla (including non-tesla),"f 419 Hinterland Wy, Knockrow , 2479",130.0,12,Knockrow Supercharger,419 Hinterland Way,,Knockrow,2479,CCS (Type 2),120,6,6,Operational,Public - Membership Required,AUD 0.42/kWh;other tariffs for older cars,2023-08-30T06:20:00Z,Open Charge Map Contributors,auto_accept,High-confidence top candidate selected by operator_postcode_address.,,
ev_e8518d0ea2e3b64902041ba368d8d20f6dc576f3cefbbe38de403aa1d15be204,498046,1,11,8,manual_review,236528.1,True,False,1.0,1,True,Evie,Evie,"Franklin St, Sydney, 2036",75.0,2,Woolworths Franklin,3 Clare Burton Cres,,Franklin,2913,CCS (Type 2) | CHAdeMO,63 | 75,4,4,Operational,Public,,2026-07-12T05:02:00Z,Open Charge Map Contributors,manual_review,Top candidate has partial evidence but does not satisfy the high-confidence rule.,,
ev_e8518d0ea2e3b64902041ba368d8d20f6dc576f3cefbbe38de403aa1d15be204,272619,2,3,,rejected_candidate,1794.8,False,True,0.0,0,False,Evie,Chargefox,"Franklin St, Sydney, 2036",75.0,2,The Heffron Centre,439 Bunnerong Road,,Chifley,2036,CCS (Type 2) | CHAdeMO,25,8,8,Operational,Public - Membership Required,Free - $0.42/kWh,2023-07-15T09:08:00Z,Open Charge Map Contributors,reject,Not the strongest candidate or evidence is insufficient.,,
ev_5b96c6bf889a7db4bc17bf6236d06def8c229187a23ace544fc85a1e2b57336a,272614,1,1,1,rejected_candidate,2809.2,False,False,0.0,0,True,JOLT,Chargefox,"Gardeners Rd, Sydney, 2020",25.0,2,Mirvac South Eveleigh,2 Central Avenue,,Eveleigh,2015,CCS (Type 2) | CHAdeMO | Type 2 (Socket Only),22 | 50,8,4,Operational,Public - Membership Required,Free,2023-07-15T07:56:00Z,Open Charge Map Contributors,reject,Not the strongest candidate or evidence is insufficient.,,
ev_5b96c6bf889a7db4bc17bf6236d06def8c229187a23ace544fc85a1e2b57336a,273427,2,0,,rejected_candidate,1694.1,False,False,0.0,0,False,JOLT,BP Pulse (AU),"Gardeners Rd, Sydney, 2020",25.0,2,bp pulse Sydenham,339 Princes Hwy,,St Peters,2044,CCS (Type 2),75,2,2,Operational,Public - Membership Required,55c/kWh,2023-08-09T11:35:00Z,Open Charge Map Contributors,reject,Not the strongest candidate or evidence is insufficient.,,
ev_5b96c6bf889a7db4bc17bf6236d06def8c229187a23ace544fc85a1e2b57336a,193048,3,0,,rejected_candidate,2292.7,False,False,0.0,0,False,JOLT,Evie,"Gardeners Rd, Sydney, 2020",25.0,2,Marrickville Metro,Smidmore Street,,Sydney,2044,CCS (Type 2) | CHAdeMO,50,4,2,Operational,Public - Membership Required,,2023-07-16T13:40:00Z,Open Charge Map Contributors,reject,Not the strongest candidate or evidence is insufficient.,,
ev_5b96c6bf889a7db4bc17bf6236d06def8c229187a23ace544fc85a1e2b57336a,191062,4,0,,rejected_candidate,2559.0,False,False,0.0,0,False,JOLT,Chargefox,"Gardeners Rd, Sydney, 2020",25.0,2,Audi Centre Sydney ,895 South Dowling Street,,Zetland,2017,CCS (Type 2),165,1,1,Operational,Public - Membership Required,$0.70/kWh,2023-07-13T10:51:00Z,Open Charge Map Contributors,reject,Not the strongest candidate or evidence is insufficient.,,
ev_5b96c6bf889a7db4bc17bf6236d06def8c229187a23ace544fc85a1e2b57336a,272616,5,0,,rejected_candidate,2629.1,False,False,0.0,0,False,JOLT,Chargefox,"Gardeners Rd, Sydney, 2020",25.0,2,NRMA - Sydney,4 Defries Avenue,,Zetland,2017,CCS (Type 2) | CHAdeMO,50 | 350,4,4,Operational,Public - Membership Required,$0.45 - $0.60/kWh,2023-07-15T08:58:00Z,Open Charge Map Contributors,reject,Not the strongest candidate or evidence is insufficient.,,
ev_de3c1a8ef52402a5eb58d8d524ec2fedea17291d72938b515013a1e55bdc9659,272614,1,1,1,rejected_candidate,2809.9,False,False,0.0,0,True,JOLT,Chargefox,"Gardeners Rd, Sydney, 2020",25.0,2,Mirvac South Eveleigh,2 Central Avenue,,Eveleigh,2015,CCS (Type 2) | CHAdeMO | Type 2 (Socket Only),22 | 50,8,4,Operational,Public - Membership Required,Free,2023-07-15T07:56:00Z,Open Charge Map Contributors,reject,Not the strongest candidate or evidence is insufficient.,,
ev_de3c1a8ef52402a5eb58d8d524ec2fedea17291d72938b515013a1e55bdc9659,273427,2,0,,rejected_candidate,1761.4,False,False,0.0,0,False,JOLT,BP Pulse (AU),"Gardeners Rd, Sydney, 2020",25.0,2,bp pulse Sydenham,339 Princes Hwy,,St Peters,2044,CCS (Type 2),75,2,2,Operational,Public - Membership Required,55c/kWh,2023-08-09T11:35:00Z,Open Charge Map Contributors,reject,Not the strongest candidate or evidence is insufficient.,,
ev_de3c1a8ef52402a5eb58d8d524ec2fedea17291d72938b515013a1e55bdc9659,193048,3,0,,rejected_candidate,2352.5,False,False,0.0,0,False,JOLT,Evie,"Gardeners Rd, Sydney, 2020",25.0,2,Marrickville Metro,Smidmore Street,,Sydney,2044,CCS (Type 2) | CHAdeMO,50,4,2,Operational,Public - Membership Required,,2023-07-16T13:40:00Z,Open Charge Map Contributors,reject,Not the strongest candidate or evidence is insufficient.,,
ev_de3c1a8ef52402a5eb58d8d524ec2fedea17291d72938b515013a1e55bdc9659,191062,4,0,,rejected_candidate,2512.0,False,False,0.0,0,False,JOLT,Chargefox,"Gardeners Rd, Sydney, 2020",25.0,2,Audi Centre Sydney ,895 South Dowling Street,,Zetland,2017,CCS (Type 2),165,1,1,Operational,Public - Membership Required,$0.70/kWh,2023-07-13T10:51:00Z,Open Charge Map Contributors,reject,Not the strongest candidate or evidence is insufficient.,,
ev_de3c1a8ef52402a5eb58d8d524ec2fedea17291d72938b515013a1e55bdc9659,272616,5,0,,rejected_candidate,2584.8,False,False,0.0,0,False,JOLT,Chargefox,"Gardeners Rd, Sydney, 2020",25.0,2,NRMA - Sydney,4 Defries Avenue,,Zetland,2017,CCS (Type 2) | CHAdeMO,50 | 350,4,4,Operational,Public - Membership Required,$0.45 - $0.60/kWh,2023-07-15T08:58:00Z,Open Charge Map Contributors,reject,Not the strongest candidate or evidence is insufficient.,,
ev_b7e33a8eb34134563442a4ac84ffff0a1d7412d25b19285df8c5a9a83c62b0ce,191183,1,15,15,operator_address_power,52.9,True,False,1.0,2,True,NRMA,NRMA,"Gipps St, Bega, 2550",50.0,2,NRMA Bega,Church Street Carpark,81 Gipps Street,Bega,,CCS (Type 2),50,2,1,Operational,Public - Membership Required,$0.74/kWh,2026-07-15T00:58:00Z,Open Charge Map Contributors,auto_accept,High-confidence top candidate selected by operator_address_power.,,
ev_cf46f0650c3b85f1f68bb84d1c01c3e4f7484773a58bce4a9b0ad5f34f523ae9,171647,1,18,18,operator_postcode_address,36.6,True,True,0.75,3,True,Chargefox,Chargefox,"Harbour Boulevard, Shell Cove, 2529",350.0,2,Woolworths Shell Cove,Harbour Boulevarde,,Shellharbour,2529,CCS (Type 2) | CHAdeMO,100 | 350,4,2,Temporarily Unavailable,Public,$0.40/kWh ($0.32/kWh for NRMA),2023-07-15T07:37:00Z,Open Charge Map Contributors,auto_accept,High-confidence top candidate selected by operator_postcode_address.,,
ev_634e02629502a18c50bca9c41aa553c6faf5c22c920d2bb3a80eb7cd037225bf,273428,1,15,15,operator_postcode_address,76.2,True,True,1.0,1,False,BP,BP Pulse (AU),"Hassall St, Sydney, 2142",150.0,4,bp pulse Rosehill,Hassall Street,,Rosehill,2142,CCS (Type 2),75,2,2,Operational,Public - Membership Required,55c/kWh,2023-08-09T12:02:00Z,Open Charge Map Contributors,auto_accept,High-confidence top candidate selected by operator_postcode_address.,,
ev_634e02629502a18c50bca9c41aa553c6faf5c22c920d2bb3a80eb7cd037225bf,168913,2,0,,rejected_candidate,1590.1,False,False,0.0,0,False,BP,(Business Owner at Location),"Hassall St, Sydney, 2142",150.0,4,Abbott Road,19/287 Victoria Road,,Rydalmere,2116,Unknown,,1,1,Operational,(Unknown),,2021-07-02T10:48:00Z,Open Charge Map Contributors,reject,Not the strongest candidate or evidence is insufficient.,,
ev_ae586fded39e78d6652c061c577c326efba2812ae6ad7694b996cbaf205b4b8b,273428,1,11,11,close_coordinates_plus_identity,85.5,True,True,0.333,1,False,BP,BP Pulse (AU),"Hassall Street & James Rouse Drive, Sydney, 2142",150.0,4,bp pulse Rosehill,Hassall Street,,Rosehill,2142,CCS (Type 2),75,2,2,Operational,Public - Membership Required,55c/kWh,2023-08-09T12:02:00Z,Open Charge Map Contributors,auto_accept,High-confidence top candidate selected by close_coordinates_plus_identity.,,
ev_ae586fded39e78d6652c061c577c326efba2812ae6ad7694b996cbaf205b4b8b,168913,2,0,,rejected_candidate,1598.0,False,False,0.0,0,False,BP,(Business Owner at Location),"Hassall Street & James Rouse Drive, Sydney, 2142",150.0,4,Abbott Road,19/287 Victoria Road,,Rydalmere,2116,Unknown,,1,1,Operational,(Unknown),,2021-07-02T10:48:00Z,Open Charge Map Contributors,reject,Not the strongest candidate or evidence is insufficient.,,
ev_868b229cce5195de2467b7463261c7a95c1f638210923fd0b4808ecdaab46e9e,131610,1,18,12,operator_postcode_address,5.9,True,True,1.0,3,True,Chargefox,Chargefox,"Innovation Way, Wollongong, 2500",180.0,3,Innovation Campus - University of Wollongong,Off Innovation Way,,North Wollongong,2500,CCS (Type 2) | Type I (AS 3112),3.45 | 180,3,2,Operational,Public,Free,2024-07-30T05:30:00Z,Open Charge Map Contributors,auto_accept,High-confidence top candidate selected by operator_postcode_address.,,
ev_868b229cce5195de2467b7463261c7a95c1f638210923fd0b4808ecdaab46e9e,191177,2,6,,rejected_candidate,3148.3,False,True,0.333,1,True,Chargefox,NRMA,"Innovation Way, Wollongong, 2500",180.0,3,Stewart Street Carpark [NRMA],17 Stewart Street,,Wollongong,2500,CCS (Type 2) | CHAdeMO,50 | 75 | 150,4,2,Operational,Public,FREE,2023-02-20T17:51:00Z,Open Charge Map Contributors,reject,Not the strongest candidate or evidence is insufficient.,,
ev_868b229cce5195de2467b7463261c7a95c1f638210923fd0b4808ecdaab46e9e,460474,3,5,,rejected_candidate,2072.7,False,True,0.333,1,False,Chargefox,EVX (AU),"Innovation Way, Wollongong, 2500",180.0,3,Georges Place,Georges Place,,Wollongong,2500,Type 2 (Socket Only),22,2,2,Operational,Public - Membership Required,0.55,2025-08-25T07:52:00Z,Open Charge Map Contributors,reject,Not the strongest candidate or evidence is insufficient.,,
ev_868b229cce5195de2467b7463261c7a95c1f638210923fd0b4808ecdaab46e9e,131841,4,5,,rejected_candidate,2678.5,False,True,0.333,1,False,Chargefox,(Business Owner at Location),"Innovation Way, Wollongong, 2500",180.0,3,Wollongong Central - P1 Basement Car Park,71 Market Street,,Wollongong ,2500,Unknown,,1,0,Operational,Public,Free,2025-08-25T07:52:00Z,Open Charge Map Contributors,reject,Not the strongest candidate or evidence is insufficient.,,
ev_868b229cce5195de2467b7463261c7a95c1f638210923fd0b4808ecdaab46e9e,235461,5,5,,rejected_candidate,2762.2,False,True,0.333,1,False,Chargefox,Evie,"Innovation Way, Wollongong, 2500",180.0,3,Wollongong Central - Regent St Carpark,Regent Street,,Wollongong,2500,CCS (Type 2) | CHAdeMO,50,4,1,Operational,Public - Membership Required,50c per kWh energy consumed.,2023-07-12T21:49:00Z,Open Charge Map Contributors,reject,Not the strongest candidate or evidence is insufficient.,,
ev_868b229cce5195de2467b7463261c7a95c1f638210923fd0b4808ecdaab46e9e,273425,6,0,,rejected_candidate,806.6,False,False,0.0,0,False,Chargefox,BP Pulse (AU),"Innovation Way, Wollongong, 2500",180.0,3,Fairy Meadow [bp pulse],224 Princes Hwy,,Fairy Meadow,2519,CCS (Type 2),75,2,2,Operational,Public - Membership Required,55c/kWh,2023-08-09T11:24:00Z,Open Charge Map Contributors,reject,Not the strongest candidate or evidence is insufficient.,,
ev_a8e0fd980df97c1255d3a8f839171fe6151f0bf70137a894b13bf7fe0c5c8625,278525,1,3,3,rejected_candidate,2319.1,False,True,0.0,0,False,BP,Ampol AmpCharge,"Jersey St, Sydney, 2077",75.0,2,Ampol Waitara,"Corner Pacific Highway, Unwin Road",,Waitara,2077,CCS (Type 2),,1,1,Planned For Future Date,Public - Membership Required,,2023-10-09T02:47:00Z,Open Charge Map Contributors,reject,Not the strongest candidate or evidence is insufficient.,,
ev_e4becf1383fb5cba15aa406da3027d7013834d828a8548512efe501cdc6f9992,312659,1,8,1,combined_evidence,256.3,False,True,0.5,1,False,NRMA,Evie,"Kable Ave, Tamworth, 2340",50.0,2,Evie 300kW Charger,Cooper Lane,,Tamworth,2340,CCS (Type 2) | Type 2 (Socket Only),22 | 300,5,1,Operational,Public,63c,2025-05-20T02:24:00Z,Open Charge Map Contributors,auto_accept,High-confidence top candidate selected by combined_evidence.,,
ev_e4becf1383fb5cba15aa406da3027d7013834d828a8548512efe501cdc6f9992,113602,2,7,,rejected_candidate,1579.9,False,True,0.5,1,False,NRMA,Tesla (Tesla-only charging),"Kable Ave, Tamworth, 2340",50.0,2,Tamworth Supercharger,West Tamworth League Club,21 Park Street,Tamworth,2340,CCS (Type 2),120,4,4,Operational,Public,AUD 0.42/kWh;other tariffs for older cars,2019-03-22T18:24:00Z,Open Charge Map Contributors,reject,Not the strongest candidate or evidence is insufficient.,,
ev_298769533db24d93df26adc3474199b98621f8b9ce578010342737c6e1cf63f2,300154,1,8,1,combined_evidence,513.3,False,True,0.5,1,False,NRMA,Tesla (including non-tesla),"Kiewa St, Albury, 2640",50.0,2,Tesla Supercharger Albury,Stanley Street,,Albury,2640,CCS (Type 2),250,12,12,Operational,Public - Membership Required,$0.69/kWh,2024-06-25T11:24:00Z,Open Charge Map Contributors,auto_accept,High-confidence top candidate selected by combined_evidence.,,
ev_298769533db24d93df26adc3474199b98621f8b9ce578010342737c6e1cf63f2,471034,2,7,,rejected_candidate,2713.3,False,True,0.5,1,False,NRMA,Exploren,"Kiewa St, Albury, 2640",50.0,2,Albury Showground,21 Hague Ave,,North Albury,2640,Type 2 (Socket Only),22,1,1,Operational,Public,$0.50 plus $0.22/kWh,2025-12-18T23:32:00Z,Open Charge Map Contributors,reject,Not the strongest candidate or evidence is insufficient.,,
ev_0bb8d476f64907679f0e8d46b6aff0f14fe0dcc4c209c6fa0e4724f648f2069d,190677,1,14,6,operator_postcode_address,187485.6,True,True,0.8,4,True,NRMA,NRMA,"Kintore Headframe Car Park, 51 Bromide St, Broken Hill, NSW 2880, Australia",50.0,2,Broken Hill [NRMA],51 Bromide St,,Broken Hill,2880,CCS (Type 2) | CHAdeMO,50,2,1,Operational,Public,,2021-12-17T03:14:00Z,Open Charge Map Contributors,auto_accept,High-confidence top candidate selected by operator_postcode_address.,,
ev_0bb8d476f64907679f0e8d46b6aff0f14fe0dcc4c209c6fa0e4724f648f2069d,190678,2,8,,rejected_candidate,56.9,True,False,0.0,0,False,NRMA,NRMA,"Kintore Headframe Car Park, 51 Bromide St, Broken Hill, NSW 2880, Australia",50.0,2,Wilcannia [NRMA],1-7 Ross St,,Wilcannia,2836,CCS (Type 2) | CHAdeMO,75,2,1,Operational,Public,,2022-05-04T03:08:00Z,Open Charge Map Contributors,reject,Not the strongest candidate or evidence is insufficient.,,
ev_d53bab9154409d089415f5433ef94fec387c5d658f0ab9d9397f16ef58468d2b,272635,1,5,5,manual_review,648.5,False,True,0.0,0,True,Exploren,Evie,"Koonya Cct, Sydney, 2229",50.0,2,BP Caringbah,54-76 Captain Cook Drive,,Caringbah,2229,CCS (Type 2) | CHAdeMO,50,4,2,Operational,Public - Membership Required,,2023-07-15T12:20:00Z,Open Charge Map Contributors,manual_review,Top candidate has partial evidence but does not satisfy the high-confidence rule.,,
ev_1a9f75a27319cb9d63e6dac2739cb5d0698e20e06504c2723118e28060f1690b,272708,1,11,11,combined_evidence,580.9,False,True,1.0,2,True,Engie,Chargefox,"Lake Haven Dr, Lake Haven NSW 2263",150.0,2,ENGIE - Lake Haven Centre,Lake Haven Drive,,Lake Haven,2263,CCS (Type 2),120,1,2,Operational,Public - Membership Required,,2023-07-17T12:19:00Z,Open Charge Map Contributors,auto_accept,High-confidence top candidate selected by combined_evidence.,,
ev_6a7a9bb464ed8f19a7ef9ea781aca0203abb3335b7309088ee79250457eff8b4,204317,1,3,0,rejected_candidate,2893.0,False,True,0.0,0,False,Ampol,(Unknown Operator),"M4 Motorway Westbound, Sydney, 2766",400.0,10,ECQ XL,Easter Creek Quarter XL,Goldsboro Glade,Eastern Creek ,2766,Type 2 (Socket Only),11,4,4,Operational,Public,Free,2022-09-27T09:00:00Z,Open Charge Map Contributors,reject,Not the strongest candidate or evidence is insufficient.,,
ev_6a7a9bb464ed8f19a7ef9ea781aca0203abb3335b7309088ee79250457eff8b4,272521,2,3,,rejected_candidate,2935.5,False,True,0.0,0,False,Ampol,BP Pulse (AU),"M4 Motorway Westbound, Sydney, 2766",400.0,10,BP Pulse Eastern Creek,BP Truckstop,Wallgrove Road & Old Wallgrove Road,Eastern Creek,2766,CCS (Type 2),75,1,2,Operational,Public - Membership Required,$0.55/kWh,2023-08-09T12:21:00Z,Open Charge Map Contributors,reject,Not the strongest candidate or evidence is insufficient.,,
ev_a8e44ccd9c23dc3a9c6faab99c0656e4cb93ea39a27208d0a21a6c3bfb437420,191957,1,16,4,operator_postcode_address,7.5,True,True,0.5,1,True,NRMA,NRMA,"Mortimer St, Mudgee, 2850",50.0,2,NRMA Mudgee,Perry Street,,Mudgee,2850,CCS (Type 2) | CHAdeMO,50,2,1,Operational,Public,60c / 54c for NRMA Members,2024-06-14T12:05:00Z,Open Charge Map Contributors,auto_accept,High-confidence top candidate selected by operator_postcode_address.,,
ev_a8e44ccd9c23dc3a9c6faab99c0656e4cb93ea39a27208d0a21a6c3bfb437420,274144,2,12,,rejected_candidate,481.7,True,True,0.5,1,False,NRMA,NRMA,"Mortimer St, Mudgee, 2850",50.0,2,NRMA Short Street Car Park,47 Short Street,,Mudgee,2850,CCS (Type 2) | CHAdeMO,180,4,4,Operational,Public,60c / 54c for NRMA Members,2024-06-14T12:05:00Z,Open Charge Map Contributors,reject,Not the strongest candidate or evidence is insufficient.,,
ev_a8e44ccd9c23dc3a9c6faab99c0656e4cb93ea39a27208d0a21a6c3bfb437420,150117,3,5,,rejected_candidate,402.6,False,False,0.5,1,False,NRMA,(Unknown Operator),"Mortimer St, Mudgee, 2850",50.0,2,Mudgee Information Centre,,,Mudgee,,Tesla (Model S/X),22,1,1,Operational,Public - Membership Required,,2020-03-16T07:34:00Z,Open Charge Map Contributors,reject,Not the strongest candidate or evidence is insufficient.,,
ev_397832e5b06f91dfe8949d09e9ce7928e75b3effa782d1d4d39d543425e4857d,191394,1,18,18,operator_postcode_address,4.7,True,True,1.0,2,True,NRMA,NRMA,"Murray Rose Ave, Sydney, 2127",50.0,2,NRMA Olympic Park,9 Murray Rose Ave,,Sydney Olympic Park,2127,CCS (Type 2) | CHAdeMO,50,2,1,Operational,Public,Free,2022-02-09T13:05:00Z,Open Charge Map Contributors,auto_accept,High-confidence top candidate selected by operator_postcode_address.,,
ev_397832e5b06f91dfe8949d09e9ce7928e75b3effa782d1d4d39d543425e4857d,272618,2,0,,rejected_candidate,1236.1,False,False,0.0,0,False,NRMA,Chargefox,"Murray Rose Ave, Sydney, 2127",50.0,2,ENGIE - DFO Homebush,3 -5 Underwood Road,,Homebush,2140,CCS (Type 2),120,2,2,Operational,Public - Membership Required,$0.45/kWh,2023-07-16T13:41:00Z,Open Charge Map Contributors,reject,Not the strongest candidate or evidence is insufficient.,,
ev_397832e5b06f91dfe8949d09e9ce7928e75b3effa782d1d4d39d543425e4857d,190417,3,0,,rejected_candidate,2277.2,False,False,0.0,0,False,NRMA,(Unknown Operator),"Murray Rose Ave, Sydney, 2127",50.0,2,Richmond Tavistock No. 3 [Jolt],19 Richmond Road,Strathfield,Sydney,2135,CCS (Type 2) | CHAdeMO,25,2,1,Operational,Public,"Free up to 7kWh, charges thereafter",2022-01-25T14:22:00Z,Open Charge Map Contributors,reject,Not the strongest candidate or evidence is insufficient.,,
ev_082c17ed01aaacfb06f7957e322f0493807bb5a522a3756d2f399cc08ddbb4a6,475513,1,3,3,rejected_candidate,1875.3,False,True,0.0,0,False,Ampol,(Unknown Operator),"Newbridge Road 216, Sydney, 2170",150.0,2,Competitive Windscreens,Unit 6/14 Cunningham St,,Moorebank,2170,Unknown,,1,1,Operational,Public,-,2026-07-28T23:04:00Z,Open Charge Map Contributors,reject,Not the strongest candidate or evidence is insufficient.,,
ev_bf0564796584b2e308fb4e206078cc109e1536fd351026003009143be241316d,131610,1,9,1,manual_review,55308.9,True,False,0.5,1,True,Chargefox,Chargefox,"North Ter, Sydney, 2200",200.0,4,Innovation Campus - University of Wollongong,Off Innovation Way,,North Wollongong,2500,CCS (Type 2) | Type I (AS 3112),3.45 | 180,3,2,Operational,Public,Free,2024-07-30T05:30:00Z,Open Charge Map Contributors,manual_review,Top candidate has partial evidence but does not satisfy the high-confidence rule.,,
ev_bf0564796584b2e308fb4e206078cc109e1536fd351026003009143be241316d,172852,2,8,,rejected_candidate,444243.8,True,False,0.5,1,False,Chargefox,Chargefox,"North Ter, Sydney, 2200",200.0,4,Coffs Harbour [Chargefox],Pacific Highway,,North Boambee Valley,2450,CCS (Type 2) | CHAdeMO,100 | 350,4,2,Operational,Public,$0.60/kWh,2023-07-13T22:16:00Z,Open Charge Map Contributors,reject,Not the strongest candidate or evidence is insufficient.,,
ev_bf0564796584b2e308fb4e206078cc109e1536fd351026003009143be241316d,126602,3,8,,rejected_candidate,460273.9,True,False,0.5,1,False,Chargefox,Chargefox,"North Ter, Sydney, 2200",200.0,4,Chargefox - Barnawartha North,Murray Valley Hwy,,Barnawartha North,3690,CHAdeMO | CCS (Type 2),50 | 100 | 350,8,4,Operational,Public,AUD 0.65/kWh,2023-09-17T23:55:00Z,Open Charge Map Contributors,reject,Not the strongest candidate or evidence is insufficient.,,
ev_bf0564796584b2e308fb4e206078cc109e1536fd351026003009143be241316d,270935,4,8,,rejected_candidate,691448.1,True,False,0.5,1,False,Chargefox,Chargefox,"North Ter, Sydney, 2200",200.0,4,ClydeStone Square,Matterhorn Drive ,,Clyde North,3978,CCS (Type 2) | CHAdeMO,50,2,1,Operational,Public - Membership Required,AUD 0.40 per kWh,2023-07-10T02:38:00Z,Open Charge Map Contributors,reject,Not the strongest candidate or evidence is insufficient.,,
ev_bf0564796584b2e308fb4e206078cc109e1536fd351026003009143be241316d,189745,5,8,,rejected_candidate,691956.1,True,False,0.5,1,False,Chargefox,Chargefox,"North Ter, Sydney, 2200",200.0,4,Coburg North EV Fast Charge,11 Boundary Road,,Coburg North,3058,CCS (Type 2) | CHAdeMO,50,2,1,Operational,Public - Membership Required,Free to use for a 1 hour session.,2023-07-15T07:27:00Z,Open Charge Map Contributors,reject,Not the strongest candidate or evidence is insufficient.,,
ev_bf0564796584b2e308fb4e206078cc109e1536fd351026003009143be241316d,274328,6,8,,rejected_candidate,751639.4,True,False,0.5,1,False,Chargefox,Chargefox,"North Ter, Sydney, 2200",200.0,4,North Bellarine Aquatic Centre,30 Peninsula Drive,,Curlewis,3222,CCS (Type 2) | CHAdeMO,50,4,2,Operational,Public - Membership Required,$0.45/kWh,2023-09-08T03:19:00Z,Open Charge Map Contributors,reject,Not the strongest candidate or evidence is insufficient.,,
ev_bf0564796584b2e308fb4e206078cc109e1536fd351026003009143be241316d,274299,7,8,,rejected_candidate,1357174.5,True,False,0.5,1,False,Chargefox,Chargefox,"North Ter, Sydney, 2200",200.0,4,RAA Charge - Kimba Bowling Club,North Terrace,,Kimba,5641,Type 2 (Socket Only),7,1,2,Operational,Public,Evening peak 32c/kWh (5pm - 10pm) Standard 25c/kWh (all other times),2023-11-30T09:55:00Z,Open Charge Map Contributors,reject,Not the strongest candidate or evidence is insufficient.,,
ev_bf0564796584b2e308fb4e206078cc109e1536fd351026003009143be241316d,312202,8,8,,rejected_candidate,3279623.1,True,False,0.5,1,False,Chargefox,Chargefox,"North Ter, Sydney, 2200",200.0,4,North Coogee,12 Calypso Parade,,Cockburn,6163,CCS (Type 2),24,1,1,Operational,Public - Membership Required,,2025-05-02T08:23:00Z,Open Charge Map Contributors,reject,Not the strongest candidate or evidence is insufficient.,,
ev_bf0564796584b2e308fb4e206078cc109e1536fd351026003009143be241316d,148050,9,8,,rejected_candidate,3282201.2,True,False,0.5,1,False,Chargefox,Chargefox,"North Ter, Sydney, 2200",200.0,4,Primewest Gwelup,707 North Beach Road,,Gwelup,6018,Type 2 (Socket Only),22,2,1,Operational,Public - Membership Required,$0.45 per kWh,2025-08-09T09:32:00Z,Open Charge Map Contributors,reject,Not the strongest candidate or evidence is insufficient.,,
ev_bf0564796584b2e308fb4e206078cc109e1536fd351026003009143be241316d,280995,10,8,,rejected_candidate,3593936.2,True,False,0.5,1,False,Chargefox,Chargefox,"North Ter, Sydney, 2200",200.0,4,Overlander Roadhouse (WA EV Network),North West Coastal Highway,,,6532,CCS (Type 2) | Type 2 (Socket Only),22 | 50,3,2,Temporarily Unavailable,Public - Membership Required,"$0.60 per kWh for high power DC, $0.35 per kWh for low power AC.",2024-01-10T13:30:00Z,Open Charge Map Contributors,reject,Not the strongest candidate or evidence is insufficient.,,
ev_bf0564796584b2e308fb4e206078cc109e1536fd351026003009143be241316d,308738,11,1,,rejected_candidate,2141.1,False,False,0.0,0,True,Chargefox,Tesla (including non-tesla),"North Ter, Sydney, 2200",200.0,4,Tesla Supercharger Bankstown,Chapel Road,,Bankstown,,CCS (Type 2),250,6,6,Operational,Public - Membership Required,$0.69/kWh,2025-03-04T03:29:00Z,Open Charge Map Contributors,reject,Not the strongest candidate or evidence is insufficient.,,
ev_bf0564796584b2e308fb4e206078cc109e1536fd351026003009143be241316d,191160,12,0,,rejected_candidate,1961.3,False,False,0.0,0,False,Chargefox,Evie,"North Ter, Sydney, 2200",200.0,4,Bankstown [Evie],9-49 Chapel Road,,Bankstown,,CCS (Type 2) | CHAdeMO,50,4,2,Operational,Public - Membership Required,$0.40/kWh,2023-07-16T12:30:00Z,Open Charge Map Contributors,reject,Not the strongest candidate or evidence is insufficient.,,
ev_bf0564796584b2e308fb4e206078cc109e1536fd351026003009143be241316d,273436,13,0,,rejected_candidate,2460.7,False,False,0.0,0,False,Chargefox,BP Pulse (AU),"North Ter, Sydney, 2200",200.0,4,Wiley Park [bp pulse],24-42 King Georges Road,,Wiley Park,2195,CCS (Type 2) | CHAdeMO,75,2,1,Operational,Public - Membership Required,55c/kWh,2023-08-09T12:50:00Z,Open Charge Map Contributors,reject,Not the strongest candidate or evidence is insufficient.,,
ev_091354595ebb8c81bbc09fc349df33f2c6441b129bca6ab24a14547e2238550c,192687,1,5,5,manual_review,2573.0,True,False,0.0,0,True,JOLT,Jolt,"Oatley Railway Station, Oatley Pde, Oatley, New South Wales 2223, Australia",25.0,1,Stanley St Peakhurst NSW,17-25 Stanley St,, Peakhurst ,2210,CCS (Type 2) | CHAdeMO,25,2,2,Operational,Public - Pay At Location,0.40,2023-06-06T12:14:00Z,Open Charge Map Contributors,manual_review,Top candidate has partial evidence but does not satisfy the high-confidence rule.,,
ev_d8eb55823f9fb70ab7d2508bde47af4c48d9da37ae3f59a5336a17db7b9593b0,190409,1,5,2,manual_review,2037.1,False,True,0.333,1,False,Exploren,(Unknown Operator),"Orchard Ct, Bathurst, 2795",120.0,2,Bathurst Rail Museum,126 Havannah Street ,,Bathurst,2795,Type 2 (Tethered Connector)  | Type 2 (Socket Only),11 | 22,2,1,Operational,Public,,2021-12-06T09:44:00Z,Open Charge Map Contributors,manual_review,Top candidate has partial evidence but does not satisfy the high-confidence rule.,,
ev_d8eb55823f9fb70ab7d2508bde47af4c48d9da37ae3f59a5336a17db7b9593b0,121552,2,3,,rejected_candidate,2742.6,False,False,0.333,1,True,Exploren,Tesla (including non-tesla),"Orchard Ct, Bathurst, 2795",120.0,2,Bathurst Supercharger,1 Kendall Ave,,Bathurst,,CCS (Type 2),120,6,6,Operational,Public - Membership Required,AUD 0.66/kWh;other tariffs for older cars,2023-06-06T12:12:00Z,Open Charge Map Contributors,reject,Not the strongest candidate or evidence is insufficient.,,
ev_d8eb55823f9fb70ab7d2508bde47af4c48d9da37ae3f59a5336a17db7b9593b0,191953,3,2,,rejected_candidate,2940.2,False,False,0.333,1,False,Exploren,NRMA,"Orchard Ct, Bathurst, 2795",120.0,2,Bathurst Visitor Information Centre,1 Kendall Avenue,,Bathurst,,CCS (Type 2) | CHAdeMO,50,2,1,Operational,Public - Membership Required,60c / 54c for NRMA Members,2024-06-14T12:05:00Z,Open Charge Map Contributors,reject,Not the strongest candidate or evidence is insufficient.,,
ev_add89743ec1d9a0f30cc761126b15e0ac978d30dd4e7ce0084549eaad1ff915f,272708,1,4,4,rejected_candidate,2618.6,False,True,0.0,0,True,Ampol,Chargefox,"Pacific Hwy Cnr, 13-15 Costa Ave, Charmhaven NSW 2263",125.0,4,ENGIE - Lake Haven Centre,Lake Haven Drive,,Lake Haven,2263,CCS (Type 2),120,1,2,Operational,Public - Membership Required,,2023-07-17T12:19:00Z,Open Charge Map Contributors,reject,Not the strongest candidate or evidence is insufficient.,,
ev_09876a009bef142b1a5994a4dbcca6db5e1e6e806ed26180aa3a736a56fa2b6c,172852,1,18,10,operator_postcode_address,15.5,True,True,1.0,2,True,Chargefox,Chargefox,"Pacific Hwy, Boambee, 2450",270.0,2,Coffs Harbour [Chargefox],Pacific Highway,,North Boambee Valley,2450,CCS (Type 2) | CHAdeMO,100 | 350,4,2,Operational,Public,$0.60/kWh,2023-07-13T22:16:00Z,Open Charge Map Contributors,auto_accept,High-confidence top candidate selected by operator_postcode_address.,,
ev_09876a009bef142b1a5994a4dbcca6db5e1e6e806ed26180aa3a736a56fa2b6c,474459,2,8,,rejected_candidate,6374.8,False,True,0.5,1,True,Chargefox,(Unknown Operator),"Pacific Hwy, Boambee, 2450",270.0,2,Big Banana Tesla Supercharger,351 Pacific Highway,,Coffs Harbour,2450,CCS (Type 2),300,2,16,Operational,Public - Membership Required,,2026-09-12T22:44:00Z,Open Charge Map Contributors,reject,Not the strongest candidate or evidence is insufficient.,,
ev_09876a009bef142b1a5994a4dbcca6db5e1e6e806ed26180aa3a736a56fa2b6c,272707,3,8,,rejected_candidate,253035.8,True,False,0.5,1,False,Chargefox,Chargefox,"Pacific Hwy, Boambee, 2450",270.0,2,Miami Aquatic Centre,80 Pacific Avenue,,Miami,4220,CCS (Type 2) | CHAdeMO,75,2,1,Operational,Public - Membership Required,,2023-07-17T11:22:00Z,Open Charge Map Contributors,reject,Not the strongest candidate or evidence is insufficient.,,
ev_09876a009bef142b1a5994a4dbcca6db5e1e6e806ed26180aa3a736a56fa2b6c,175665,4,8,,rejected_candidate,324025.4,True,False,0.5,1,False,Chargefox,Chargefox,"Pacific Hwy, Boambee, 2450",270.0,2,"Pacific Fuels, Drayton",382 ANZAC Avenue,,Toowoomba,4350,CCS (Type 2) | CHAdeMO,50,2,1,Operational,Public - Membership Required,$0.30/kWh,2023-07-13T22:15:00Z,Open Charge Map Contributors,reject,Not the strongest candidate or evidence is insufficient.,,
ev_09876a009bef142b1a5994a4dbcca6db5e1e6e806ed26180aa3a736a56fa2b6c,131201,5,8,,rejected_candidate,1108848.0,True,False,0.5,1,False,Chargefox,Chargefox,"Pacific Hwy, Boambee, 2450",270.0,2,Forest Hill Chase Shopping Centre,Pacific Way,,Forest Hill,3131,Type 2 (Socket Only),22,2,2,Operational,Public,Free,2023-09-28T21:52:00Z,Open Charge Map Contributors,reject,Not the strongest candidate or evidence is insufficient.,,
ev_09876a009bef142b1a5994a4dbcca6db5e1e6e806ed26180aa3a736a56fa2b6c,273433,6,7,,rejected_candidate,4006.0,False,True,0.5,1,False,Chargefox,BP Pulse (AU),"Pacific Hwy, Boambee, 2450",270.0,2,Coffs Harbour [bp pulse],136 Pacific Highway,,Coffs Harbour,2450,CCS (Type 2) | CHAdeMO,75,2,1,Operational,Public - Membership Required,$0.55/kWh,2023-08-09T12:33:00Z,Open Charge Map Contributors,reject,Not the strongest candidate or evidence is insufficient.,,
ev_09876a009bef142b1a5994a4dbcca6db5e1e6e806ed26180aa3a736a56fa2b6c,97619,7,7,,rejected_candidate,5716.7,False,True,0.5,1,False,Chargefox,Tesla (Tesla-only charging),"Pacific Hwy, Boambee, 2450",270.0,2,Coffs Harbour Supercharger [Tesla],253 Pacific Highway,,Coffs Harbour,2450,CCS (Type 2),120,6,6,Operational,Public - Membership Required,$0.52/kWh,2021-12-19T01:50:00Z,Open Charge Map Contributors,reject,Not the strongest candidate or evidence is insufficient.,,
ev_c950928d40ccfec11c8f644b972151e57e267a8bd8210454f82d1b7427cb4295,272684,1,5,4,manual_review,1571.2,False,False,0.5,1,True,Everty,Evie,"Parramatta Rd 214, Sydney, 2134",60.0,2,BP Ashfield,586A Parramatta Rd,,Croydon,2132,CCS (Type 2) | CHAdeMO,50,4,2,Operational,Public - Membership Required,,2023-07-16T21:56:00Z,Open Charge Map Contributors,manual_review,Top candidate has partial evidence but does not satisfy the high-confidence rule.,,
ev_c950928d40ccfec11c8f644b972151e57e267a8bd8210454f82d1b7427cb4295,272641,2,1,,rejected_candidate,2501.8,False,False,0.0,0,True,Everty,Evie,"Parramatta Rd 214, Sydney, 2134",60.0,2,Ashfield Mall,260A Liverpool Rd,,Ashfield,2131,CCS (Type 2) | CHAdeMO,50,4,2,Operational,Public - Membership Required,,2023-07-15T13:50:00Z,Open Charge Map Contributors,reject,Not the strongest candidate or evidence is insufficient.,,
ev_2f2e9ca434dfc9d8c1cc315e4b2e2e53dea27d9e698372e3be6410e87658bc34,274056,1,5,1,combined_evidence,815.1,False,True,0.333,1,False,JOLT,Ampol AmpCharge,"Penrith Railway Station, Jane St, Penrith, New South Wales 2750, Australia",25.0,1,Ampol Foodary Penrith,153 Coreen Ave,,Penrith,2750,CCS (Type 2) | CHAdeMO,100 | 180,2,1,Operational,Public - Membership Required,$0.69/kWh for pay-as-you-go charging.,2023-08-31T09:47:00Z,Open Charge Map Contributors,auto_accept,High-confidence top candidate selected by combined_evidence.,,
ev_2f2e9ca434dfc9d8c1cc315e4b2e2e53dea27d9e698372e3be6410e87658bc34,190406,2,4,,rejected_candidate,2974.5,False,True,0.0,0,True,JOLT,(Unknown Operator),"Penrith Railway Station, Jane St, Penrith, New South Wales 2750, Australia",25.0,1,Supercheap auto,2227 Wolseley Street,,Jamisontown‎ ,2750,Type 2 (Tethered Connector) ,22,2,2,Operational,Public - Membership Required,,2021-12-06T13:08:00Z,Open Charge Map Contributors,reject,Not the strongest candidate or evidence is insufficient.,,
ev_2f2e9ca434dfc9d8c1cc315e4b2e2e53dea27d9e698372e3be6410e87658bc34,272693,3,3,,rejected_candidate,2920.5,False,True,0.0,0,False,JOLT,Evie,"Penrith Railway Station, Jane St, Penrith, New South Wales 2750, Australia",25.0,1,Jamisontown,221 Wolseley Street,,Jamisontown,2750,CCS (Type 2) | CHAdeMO,50 | 350,4,2,Operational,Public - Membership Required,,2023-07-16T23:05:00Z,Open Charge Map Contributors,reject,Not the strongest candidate or evidence is insufficient.,,
ev_587e00b26ab53c7ec7036e1eb0ff604408c33b9496052ffdb159937d00114bf2,272615,1,3,3,rejected_candidate,2021.0,False,True,0.0,0,False,JOLT,Chargefox,"Pittwater Road, Sydney, 2101",25.0,2,ENGIE - Warriewood Square,12 Jacksons Road,,Warriewood,2101,CCS (Type 2),120,2,2,Operational,Public - Membership Required,$0.45/kWh,2023-07-15T07:59:00Z,Open Charge Map Contributors,reject,Not the strongest candidate or evidence is insufficient.,,
ev_874f423dd1a3f49848fbde04fc442b77c4de522dd5238f905a2e0af8c5c94bd2,272632,1,9,0,manual_review,418.8,True,True,0.0,0,True,Evie,Evie,"Pole Ln, Sydney, 2065",75.0,4,Civic Plaza 88 Christie,88 Christie St,,St Leonards,2065,CCS (Type 2) | CHAdeMO,50,4,2,Operational,Public - Membership Required,,2023-07-15T12:12:00Z,Open Charge Map Contributors,manual_review,Top candidate has partial evidence but does not satisfy the high-confidence rule.,accept,"Same Evie operator, postcode and power; Pole Lane source is 419 m from the Christie Street OCM site."
ev_874f423dd1a3f49848fbde04fc442b77c4de522dd5238f905a2e0af8c5c94bd2,271017,2,9,,rejected_candidate,597367.4,True,False,0.5,1,True,Evie,Evie,"Pole Ln, Sydney, 2065",75.0,4,Evie Maffra,4 Purdy Ln,,Maffra,3860,CCS (Type 2) | CHAdeMO,50,2,1,Operational,Public - Membership Required,$0.45 per kWh,2023-07-10T02:38:00Z,Open Charge Map Contributors,reject,Not the strongest candidate or evidence is insufficient.,,
ev_874f423dd1a3f49848fbde04fc442b77c4de522dd5238f905a2e0af8c5c94bd2,272694,3,5,,rejected_candidate,1881.3,True,False,0.0,0,True,Evie,Evie,"Pole Ln, Sydney, 2065",75.0,4,Northbridge Plaza,9 Eastern Valley Way,,Northbridge,2063,CCS (Type 2) | CHAdeMO,50,4,1,Operational,Public - Membership Required,,2023-07-16T23:09:00Z,Open Charge Map Contributors,reject,Not the strongest candidate or evidence is insufficient.,,
ev_874f423dd1a3f49848fbde04fc442b77c4de522dd5238f905a2e0af8c5c94bd2,272613,4,3,,rejected_candidate,1183.3,False,True,0.0,0,False,Evie,Chargefox,"Pole Ln, Sydney, 2065",75.0,4,TLE Electrical Artarmon,65 Reserve Road,,St Leonards,2065,CCS (Type 2) | CHAdeMO,22,2,1,Operational,Public - Membership Required,$0.30/kWh,2023-07-15T07:52:00Z,Open Charge Map Contributors,reject,Not the strongest candidate or evidence is insufficient.,,
ev_a8acc47a6832e7b5ab6058a8e9d36f357a6f16f962bd2ee01ab6abb44b4cc5ff,497866,1,9,8,manual_review,249934.2,True,False,0.5,1,True,Exploren,Exploren,"Prince of Wales Dr, Sydney, 2073",60.0,2,ANU - School of Art & Design,3 Repertory Lane,,Acton,2601,CCS (Type 2) | CHAdeMO,50 | 160,6,6,Operational,Public,,2026-07-11T06:17:00Z,Open Charge Map Contributors,manual_review,Top candidate has partial evidence but does not satisfy the high-confidence rule.,,
ev_a8acc47a6832e7b5ab6058a8e9d36f357a6f16f962bd2ee01ab6abb44b4cc5ff,272627,2,1,,rejected_candidate,1969.1,False,False,0.0,0,True,Exploren,Evie,"Prince of Wales Dr, Sydney, 2073",60.0,2,Macquarie Centre,Cnr Herring Rd & Waterloo Rd,,North Ryde,2113,CCS (Type 2) | CHAdeMO,50,4,2,Operational,Public - Membership Required,,2026-03-05T06:26:00Z,Open Charge Map Contributors,reject,Not the strongest candidate or evidence is insufficient.,,
ev_a8acc47a6832e7b5ab6058a8e9d36f357a6f16f962bd2ee01ab6abb44b4cc5ff,150032,3,0,,rejected_candidate,1872.4,False,False,0.0,0,False,Exploren,Tesla (Tesla-only charging),"Prince of Wales Dr, Sydney, 2073",60.0,2,Macquarie Supercharger,Macquarie Supercharger,,,2113,CCS (Type 2),150,10,10,Operational,Public - Membership Required,AUD 0.42/kWh;other tariffs for older cars,2021-11-16T10:07:00Z,Open Charge Map Contributors,reject,Not the strongest candidate or evidence is insufficient.,,
ev_a8acc47a6832e7b5ab6058a8e9d36f357a6f16f962bd2ee01ab6abb44b4cc5ff,190055,4,0,,rejected_candidate,1899.3,False,False,0.0,0,False,Exploren,(Unknown Operator),"Prince of Wales Dr, Sydney, 2073",60.0,2,Eden Gardens,Eden Gardens,307 Lane Cove Road,Macquarie Park,2113,Type 2 (Tethered Connector) ,8,2,2,Operational,Public,Free,2021-11-16T17:44:00Z,Open Charge Map Contributors,reject,Not the strongest candidate or evidence is insufficient.,,
ev_a8acc47a6832e7b5ab6058a8e9d36f357a6f16f962bd2ee01ab6abb44b4cc5ff,190053,5,0,,rejected_candidate,2323.1,False,False,0.0,0,False,Exploren,(Unknown Operator),"Prince of Wales Dr, Sydney, 2073",60.0,2,Giffnock Avenue,22 Giffnock Avenue,,Macquarie Park,2113,Type 2 (Socket Only),22,1,1,Operational,Public - Membership Required,Free,2021-11-17T09:59:00Z,Open Charge Map Contributors,reject,Not the strongest candidate or evidence is insufficient.,,
ev_a8acc47a6832e7b5ab6058a8e9d36f357a6f16f962bd2ee01ab6abb44b4cc5ff,190041,6,0,,rejected_candidate,2577.7,False,False,0.0,0,False,Exploren,Chargefox,"Prince of Wales Dr, Sydney, 2073",60.0,2,Macquarie University X6A Banksia Cottage,Car Park W3 near X6A Banksia Cottage,,Macquarie University,2109,Type 2 (Socket Only),12,6,6,Operational,Public,See App,2025-01-06T17:07:00Z,Open Charge Map Contributors,reject,Not the strongest candidate or evidence is insufficient.,,
ev_241f2eb7b0ea9f6359df52c23102a9a191ec911f1f7d0e5d4e81491cad7c3915,190359,1,13,5,operator_address_power,174.4,True,False,1.0,2,True,NRMA,NRMA,"Prospect St, Holbrook, 2644",50.0,2,Holbrook [NRMA],Submarine Park,7 Prospect Street,Holbrook,,CCS (Type 2) | CHAdeMO,50,2,1,Operational,Public,,2021-12-19T02:24:00Z,Open Charge Map Contributors,auto_accept,High-confidence top candidate selected by operator_address_power.,,
ev_241f2eb7b0ea9f6359df52c23102a9a191ec911f1f7d0e5d4e81491cad7c3915,296044,2,8,,rejected_candidate,539.2,False,True,0.5,1,False,NRMA,Tesla (Tesla-only charging),"Prospect St, Holbrook, 2644",50.0,2,Tesla Supercharger Holbrook,Swift Street,,Holbrook,2644,CCS (Type 2),250,12,1,Operational,Public - Membership Required,$0.69 / kWh,2024-03-06T09:49:00Z,Open Charge Map Contributors,reject,Not the strongest candidate or evidence is insufficient.,,
ev_b86d336862da67afe4b2c514634aecba94945d02b61f921e82eb81a3f2cf11ca,190358,1,14,14,close_coordinates_plus_identity,30.2,True,False,1.0,2,False,NRMA,NRMA,"Riverside Dr, Jugiong, 2726",50.0,2,Jugiong [NRMA],319 Riverside Drive,,Jugiong,,CCS (Type 2),80,2,1,Operational,Public,$0.70/kWh,2026-07-15T01:53:00Z,Open Charge Map Contributors,auto_accept,High-confidence top candidate selected by close_coordinates_plus_identity.,,
ev_3836ad83b0fa19f12e7f46ca2742fa3cae20a2d3b54d9db5a0a8ed772c3698eb,191958,1,11,11,close_coordinates_plus_identity,10.8,True,False,0.333,1,True,NRMA,NRMA,"Rogan Ln, Young, 2594",50.0,2,NRMA Young,88 Lovell Street,,Young,,CCS (Type 2),50,2,2,Operational,Public,$0.64/kWh,2026-07-15T02:03:00Z,Open Charge Map Contributors,auto_accept,High-confidence top candidate selected by close_coordinates_plus_identity.,,
ev_fde3b4143e9b64adf049a2b87d8c1901da189fe37c3fe1616ec06e82f19db62a,266872,1,0,0,rejected_candidate,1709.1,False,False,0.0,0,False,JOLT,Chargefox,"Rosevillle Railway Station, Hill Street, Roseville, New South Wales 2069, Australia",25.0,1,Chatswood Chase Chargefox,345 Victoria Avenue,,Chatswood,2067,CCS (Type 2),120,2,2,Operational,Public - Membership Required,$0.45/kWh,2023-07-13T08:44:00Z,Open Charge Map Contributors,reject,Not the strongest candidate or evidence is insufficient.,,
ev_771c56cbe27b6d1c87ef8dedbd7c1135d282efc80d4a372ddba65a16f92f7e49,190669,1,17,17,operator_postcode_address,34.1,True,True,1.0,3,False,NRMA,NRMA,"Shire St, West Wyalong, 2671",50.0,2,West Wyalong [NRMA],"13-15 Shire St, West Wyalong NSW 2671",,West Wyalong, 2671,CCS (Type 2) | CHAdeMO,180,4,4,Operational,Public,$0.74/kWh,2026-07-15T02:13:00Z,Open Charge Map Contributors,auto_accept,High-confidence top candidate selected by operator_postcode_address.,,
ev_d695eada22f9155d4629845812277f1331de78058b72169af251a73bea8a6463,274144,1,15,3,operator_postcode_address,75.5,True,True,1.0,2,False,NRMA,NRMA,"Short St, Mudgee, 2850",125.0,4,NRMA Short Street Car Park,47 Short Street,,Mudgee,2850,CCS (Type 2) | CHAdeMO,180,4,4,Operational,Public,60c / 54c for NRMA Members,2024-06-14T12:05:00Z,Open Charge Map Contributors,auto_accept,High-confidence top candidate selected by operator_postcode_address.,,
ev_d695eada22f9155d4629845812277f1331de78058b72169af251a73bea8a6463,191957,2,12,,rejected_candidate,449.5,True,True,0.5,1,False,NRMA,NRMA,"Short St, Mudgee, 2850",125.0,4,NRMA Mudgee,Perry Street,,Mudgee,2850,CCS (Type 2) | CHAdeMO,50,2,1,Operational,Public,60c / 54c for NRMA Members,2024-06-14T12:05:00Z,Open Charge Map Contributors,reject,Not the strongest candidate or evidence is insufficient.,,
ev_d695eada22f9155d4629845812277f1331de78058b72169af251a73bea8a6463,150117,3,6,,rejected_candidate,79.7,False,False,0.5,1,False,NRMA,(Unknown Operator),"Short St, Mudgee, 2850",125.0,4,Mudgee Information Centre,,,Mudgee,,Tesla (Model S/X),22,1,1,Operational,Public - Membership Required,,2020-03-16T07:34:00Z,Open Charge Map Contributors,reject,Not the strongest candidate or evidence is insufficient.,,
ev_87355b5fddfe120eba463224557cf87e6c6f17fe96fc71e842b2e7c955707b7a,190005,1,9,7,close_coordinates_plus_identity,22.8,True,False,0.0,0,True,NRMA,NRMA,"Skillman's Lane, Coonamble, NSW 2829, Australia",50.0,4,Banjo Paterson Park [NRMA],81 Meehan Street,,Yass,2582,CCS (Type 2) | CHAdeMO,50,2,1,Operational,Public - Membership Required,FREE,2021-12-19T02:14:00Z,Open Charge Map Contributors,auto_accept,High-confidence top candidate selected by close_coordinates_plus_identity.,,
ev_87355b5fddfe120eba463224557cf87e6c6f17fe96fc71e842b2e7c955707b7a,190410,2,2,,rejected_candidate,98.7,False,False,0.0,0,False,NRMA,(Unknown Operator),"Skillman's Lane, Coonamble, NSW 2829, Australia",50.0,4,Yass Soldiers Club,86 Meehan St,,Yass,2582,Type 2 (Tethered Connector) ,22,1,1,Operational,"Private - For Staff, Visitors or Customers",FREE,2022-02-09T13:09:00Z,Open Charge Map Contributors,reject,Not the strongest candidate or evidence is insufficient.,,
ev_87355b5fddfe120eba463224557cf87e6c6f17fe96fc71e842b2e7c955707b7a,307990,3,2,,rejected_candidate,594.8,False,False,0.0,0,True,NRMA,Chargefox,"Skillman's Lane, Coonamble, NSW 2829, Australia",50.0,4,Woolworths Yass,Comur Street,,Yass,,CCS (Type 2),50,4,4,Operational,Public - Membership Required,,2025-01-23T07:44:00Z,Open Charge Map Contributors,reject,Not the strongest candidate or evidence is insufficient.,,
ev_87355b5fddfe120eba463224557cf87e6c6f17fe96fc71e842b2e7c955707b7a,296045,4,1,,rejected_candidate,346.8,False,False,0.0,0,False,NRMA,Tesla (including non-tesla),"Skillman's Lane, Coonamble, NSW 2829, Australia",50.0,4,Tesla Superchargers Yass,Lead Street,,Yass,2582,CCS (Type 2),250,12,1,Operational,Public - Membership Required,$0.52/kWh,2024-03-06T09:49:00Z,Open Charge Map Contributors,reject,Not the strongest candidate or evidence is insufficient.,,
ev_177e55a2261810a1431bf65cf8512c238e97faa564411facd09b38c02b1ebf3c,266499,1,18,18,operator_postcode_address,0.5,True,True,0.75,3,True,NRMA,NRMA,"Sommerlad Ln, Glen Innes, 2370",50.0,2,NRMA Glen Innes,Sommerlad Lane,,Glen Innes,2370,CCS (Type 2) | CHAdeMO,50,2,1,Operational,Public - Membership Required,FREE,2023-06-08T03:24:00Z,Open Charge Map Contributors,auto_accept,High-confidence top candidate selected by operator_postcode_address.,,
ev_be05715876b065d15a2391a4d91a3a4692cd3a33311ddfc3cb40b01c223bd336,306016,1,18,11,operator_postcode_address,18.6,True,True,1.0,2,True,Everty,Everty,"Stuart St, Wagga Wagga, 2650",25.0,2,Middy's Wagga East,Stuart Road,East Wagga Wagga,,2650,CCS (Type 2) | CHAdeMO,25,2,1,Operational,Public - Membership Required,$0.35/kWh,2024-12-08T01:54:00Z,Open Charge Map Contributors,auto_accept,High-confidence top candidate selected by operator_postcode_address.,,
ev_be05715876b065d15a2391a4d91a3a4692cd3a33311ddfc3cb40b01c223bd336,300153,2,7,,rejected_candidate,5471.0,False,True,0.5,1,False,Everty,Tesla (including non-tesla),"Stuart St, Wagga Wagga, 2650",25.0,2,Tesla Supercharger Wagga Wagga,Fernleigh Road,Glenfield Park,Wagga Wagga,2650,CCS (Type 2),250,6,6,Operational,Public - Membership Required,$0.69/kWh,2024-06-25T11:19:00Z,Open Charge Map Contributors,reject,Not the strongest candidate or evidence is insufficient.,,
ev_be05715876b065d15a2391a4d91a3a4692cd3a33311ddfc3cb40b01c223bd336,190500,3,4,,rejected_candidate,2850.4,False,False,0.5,1,False,Everty,NRMA,"Stuart St, Wagga Wagga, 2650",25.0,2,Cross Street Carpark [NRMA],8 Cross Street,,Wagga Wagga,NSW,CCS (Type 2) | CHAdeMO,50,2,1,Operational,Public - Membership Required,$0.66/KWh,2024-11-12T12:09:00Z,Open Charge Map Contributors,reject,Not the strongest candidate or evidence is insufficient.,,
ev_2379e2c48899b4eb156d4525614b8d2f2f0bb051f312ba24096b496e821b0db1,273225,1,18,18,operator_postcode_address,10.7,True,True,1.0,4,True,Chargefox,Chargefox,"Sunset Blvd, Soldiers Point, 2317",24.0,2,Soldiers Point Marina,Sunset Blvd,,Soldiers Point,2317,CCS (Type 2) | CHAdeMO,24,2,1,Operational,Public - Membership Required,$0.45 per kWh,2023-07-29T10:08:00Z,Open Charge Map Contributors,auto_accept,High-confidence top candidate selected by operator_postcode_address.,,
ev_ac4323b62f6de476dee033a103a04c7361381acdc02c4f59ae8df5820084575c,131610,1,11,3,operator_address_power,2245.8,True,False,0.75,3,True,Chargefox,Chargefox,"University of Wollongong, Northfields Avenue, Wollongong NSW 2522, Australia",175.0,6,Innovation Campus - University of Wollongong,Off Innovation Way,,North Wollongong,2500,CCS (Type 2) | Type I (AS 3112),3.45 | 180,3,2,Operational,Public,Free,2024-07-30T05:30:00Z,Open Charge Map Contributors,auto_accept,High-confidence top candidate selected by operator_address_power.,reject,Main campus source and Innovation Campus candidate are separate sites.
ev_ac4323b62f6de476dee033a103a04c7361381acdc02c4f59ae8df5820084575c,193903,2,8,,rejected_candidate,184775.3,True,False,0.5,2,False,Chargefox,Chargefox,"University of Wollongong, Northfields Avenue, Wollongong NSW 2522, Australia",175.0,6,University of Newcastle P6 [Chargefox],Ring Road,,Callaghan,2308,Type 2 (Socket Only),22,4,4,Operational,Public - Membership Required,Free,2022-07-06T18:32:00Z,Open Charge Map Contributors,reject,Not the strongest candidate or evidence is insufficient.,,
ev_ac4323b62f6de476dee033a103a04c7361381acdc02c4f59ae8df5820084575c,193904,3,8,,rejected_candidate,185065.2,True,False,0.5,2,False,Chargefox,Chargefox,"University of Wollongong, Northfields Avenue, Wollongong NSW 2522, Australia",175.0,6,University of Newcastle P4 [Chargefox],Ring Road,,Callaghan,2308,Type 2 (Socket Only),22,4,4,Operational,Public - Membership Required,Free,2022-07-06T18:32:00Z,Open Charge Map Contributors,reject,Not the strongest candidate or evidence is insufficient.,,
ev_ac4323b62f6de476dee033a103a04c7361381acdc02c4f59ae8df5820084575c,131841,4,2,,rejected_candidate,2208.7,False,False,0.25,1,False,Chargefox,(Business Owner at Location),"University of Wollongong, Northfields Avenue, Wollongong NSW 2522, Australia",175.0,6,Wollongong Central - P1 Basement Car Park,71 Market Street,,Wollongong ,2500,Unknown,,1,0,Operational,Public,Free,2025-08-25T07:52:00Z,Open Charge Map Contributors,reject,Not the strongest candidate or evidence is insufficient.,,
ev_ac4323b62f6de476dee033a103a04c7361381acdc02c4f59ae8df5820084575c,235461,5,2,,rejected_candidate,2209.2,False,False,0.25,1,False,Chargefox,Evie,"University of Wollongong, Northfields Avenue, Wollongong NSW 2522, Australia",175.0,6,Wollongong Central - Regent St Carpark,Regent Street,,Wollongong,2500,CCS (Type 2) | CHAdeMO,50,4,1,Operational,Public - Membership Required,50c per kWh energy consumed.,2023-07-12T21:49:00Z,Open Charge Map Contributors,reject,Not the strongest candidate or evidence is insufficient.,,
ev_ac4323b62f6de476dee033a103a04c7361381acdc02c4f59ae8df5820084575c,460474,6,2,,rejected_candidate,2591.1,False,False,0.333,1,False,Chargefox,EVX (AU),"University of Wollongong, Northfields Avenue, Wollongong NSW 2522, Australia",175.0,6,Georges Place,Georges Place,,Wollongong,2500,Type 2 (Socket Only),22,2,2,Operational,Public - Membership Required,0.55,2025-08-25T07:52:00Z,Open Charge Map Contributors,reject,Not the strongest candidate or evidence is insufficient.,,
ev_ac4323b62f6de476dee033a103a04c7361381acdc02c4f59ae8df5820084575c,273425,7,0,,rejected_candidate,1435.3,False,False,0.0,0,False,Chargefox,BP Pulse (AU),"University of Wollongong, Northfields Avenue, Wollongong NSW 2522, Australia",175.0,6,Fairy Meadow [bp pulse],224 Princes Hwy,,Fairy Meadow,2519,CCS (Type 2),75,2,2,Operational,Public - Membership Required,55c/kWh,2023-08-09T11:24:00Z,Open Charge Map Contributors,reject,Not the strongest candidate or evidence is insufficient.,,
ev_e6a051facfd92f5b6d4f64f7b15b20f5dd182dd778209f38d5028bf38ef57659,209950,1,16,2,operator_postcode_address,100.2,True,True,1.0,3,True,NRMA,NRMA,"Vesper St, Batemans Bay, 2536",75.0,4,Batemans Bay Regional Arts Aquatic & Leisure Centre [NRMA],12 Vesper Street,,Batemans Bay,2536,CHAdeMO | CCS (Type 2),75,4,2,Operational,Public - Membership Required,FREE,2022-11-16T10:13:00Z,Open Charge Map Contributors,auto_accept,High-confidence top candidate selected by operator_postcode_address.,,
ev_e6a051facfd92f5b6d4f64f7b15b20f5dd182dd778209f38d5028bf38ef57659,157566,2,14,,rejected_candidate,181.9,True,True,0.667,2,True,NRMA,NRMA,"Vesper St, Batemans Bay, 2536",75.0,4,Batemans Bay Visitor Centre [NRMA],2A Beach Road,,Batemans Bay,2536,CCS (Type 2) | CHAdeMO,50,2,1,Operational,Public,,2021-12-19T02:29:00Z,Open Charge Map Contributors,reject,Not the strongest candidate or evidence is insufficient.,,
ev_e6a051facfd92f5b6d4f64f7b15b20f5dd182dd778209f38d5028bf38ef57659,190706,3,9,,rejected_candidate,341.8,False,True,0.667,2,True,NRMA,Evie,"Vesper St, Batemans Bay, 2536",75.0,4,Dan Murphy's,51 Orient Street,,Batemans Bay,2536,CCS (Type 2) | CHAdeMO,50,2,1,Operational,Public - Membership Required,50c per kWh energy consumed.,2023-07-12T22:38:00Z,Open Charge Map Contributors,reject,Not the strongest candidate or evidence is insufficient.,,
ev_255519e7a2e83576276e8d784a95c9743df425f65c4939e61a0a3ec914f16e2a,272784,1,17,17,operator_postcode_address,35.1,True,True,1.0,2,False,Everty,Everty,"Waddells Ave, Singleton, 2330",50.0,2,Lancaster Motor Group,1 waddells lane ,,Singleton,2330,CCS (Type 2),100,1,2,Operational,Public,.35,2023-08-24T08:47:00Z,Open Charge Map Contributors,auto_accept,High-confidence top candidate selected by operator_postcode_address.,,
ev_4a1445bddd2a904c8fe8d2b321a2d651f130d358df8cb6a80f3882e87270acc0,161843,1,16,16,operator_postcode_address,9.3,True,True,0.667,2,True,NRMA,NRMA,"Walton Ln, Picton, 2571",50.0,2,Picton [NRMA],5 Walton Lane,,Picton,2571,CCS (Type 2) | CHAdeMO,50,2,1,Operational,Public,Currently free but will be fee at some point,2021-12-19T02:10:00Z,Open Charge Map Contributors,auto_accept,High-confidence top candidate selected by operator_postcode_address.,,
ev_80b9a5d7b54e92f53dbb37f2cfb63d572971b6cd5f82f592d4da199f311f3035,297042,1,9,9,manual_review,24772.2,True,False,0.5,1,True,Ampol,Ampol AmpCharge,"Western Motorway, Sydney, 2766",240.0,15,AmpCharge Charging Station,78 Great Western Highway,,Glenbrook,2773,CCS (Type 2) | CHAdeMO,150,2,1,Operational,Public - Membership Required,,2024-03-30T04:59:00Z,Open Charge Map Contributors,manual_review,Top candidate has partial evidence but does not satisfy the high-confidence rule.,,
ev_fb447602838feeeb3fcbf17b54f303c8b9aa5fe00dea031448af602d3a88a844,308826,1,11,6,manual_review,677799.6,True,False,1.0,1,True,Evie,Evie,"William St, Sydney, 2046",75.0,2,Evie Beaudesart,William Street,,Beaudesart,,CCS (Type 2),50,4,1,Operational,Public - Membership Required,,2025-03-04T03:29:00Z,Open Charge Map Contributors,manual_review,Top candidate has partial evidence but does not satisfy the high-confidence rule.,,
ev_fb447602838feeeb3fcbf17b54f303c8b9aa5fe00dea031448af602d3a88a844,272684,2,5,,rejected_candidate,981.8,True,False,0.0,0,True,Evie,Evie,"William St, Sydney, 2046",75.0,2,BP Ashfield,586A Parramatta Rd,,Croydon,2132,CCS (Type 2) | CHAdeMO,50,4,2,Operational,Public - Membership Required,,2023-07-16T21:56:00Z,Open Charge Map Contributors,reject,Not the strongest candidate or evidence is insufficient.,,
ev_fb447602838feeeb3fcbf17b54f303c8b9aa5fe00dea031448af602d3a88a844,272641,3,5,,rejected_candidate,2372.0,True,False,0.0,0,True,Evie,Evie,"William St, Sydney, 2046",75.0,2,Ashfield Mall,260A Liverpool Rd,,Ashfield,2131,CCS (Type 2) | CHAdeMO,50,4,2,Operational,Public - Membership Required,,2023-07-15T13:50:00Z,Open Charge Map Contributors,reject,Not the strongest candidate or evidence is insufficient.,,
ev_a86d89cdfd75ebe4577a4b4d62548b26e2b7e95b6e8ff6e4c247ed3a596e7170,191955,1,15,2,operator_address_power,15.8,True,False,1.0,2,True,NRMA,NRMA,"Wingewarra St, Dubbo, 2830",50.0,2,NRMA Dubbo,Wingewarra Street,,Dubbo,,CCS (Type 2) | CHAdeMO,50,2,1,Operational,Public - Membership Required,FREE,2022-03-10T22:21:00Z,Open Charge Map Contributors,auto_accept,High-confidence top candidate selected by operator_address_power.,,
ev_a86d89cdfd75ebe4577a4b4d62548b26e2b7e95b6e8ff6e4c247ed3a596e7170,121546,2,13,,rejected_candidate,65.2,False,True,1.0,2,False,NRMA,Tesla (including non-tesla),"Wingewarra St, Dubbo, 2830",50.0,2,Dubbo Supercharger [Tesla],76 Wingewarra Street,,Dubbo,2830,CCS (Type 2),120,4,4,Operational,Public - Membership Required,$0.52/kWh,2023-08-30T06:19:00Z,Open Charge Map Contributors,reject,Not the strongest candidate or evidence is insufficient.,,
ev_1d401365978d8c9ec24660cb5a164c5cdf3bf8978b91bac7a0c53efd8718bdd9,266767,1,14,14,close_coordinates_plus_identity,17.4,True,True,0.333,1,True,BP,BP Pulse (AU),"Wyong Rd, Central Coast, 2261",75.0,2,BP Pulse,Cnr Mingara Dr & Wyong Rd,,Tumbi Umbi,2261,CHAdeMO | CCS (Type 2),75,2,2,Operational,Public,$0.55/kwh,2023-08-09T11:36:00Z,Open Charge Map Contributors,auto_accept,High-confidence top candidate selected by close_coordinates_plus_identity.,,
ev_f4541d35e73670741678834a9099d01eafad51a684e29a77a94091c07ad8bec2,173908,1,8,4,manual_review,1035378.0,True,False,0.5,2,False,Evie,Evie,"92 Houston Rd, Kingsford NSW 2032, Australia",,2,Evie Networks - Brighton,146 Brighton Road,,Brighton,7030,CCS (Type 2) | CHAdeMO,100 | 350,4,2,Operational,Public - Membership Required,60c/kWh,2023-07-12T13:47:00Z,Open Charge Map Contributors,manual_review,Top candidate has partial evidence but does not satisfy the high-confidence rule.,,
ev_f4541d35e73670741678834a9099d01eafad51a684e29a77a94091c07ad8bec2,272630,2,4,,rejected_candidate,1658.6,True,False,0.0,0,False,Evie,Evie,"92 Houston Rd, Kingsford NSW 2032, Australia",,2,Royal Randwick,73 Belmore Road,,Randwick,2031,CCS (Type 2) | CHAdeMO,50,4,2,Operational,Public - Membership Required,,2023-07-15T12:06:00Z,Open Charge Map Contributors,reject,Not the strongest candidate or evidence is insufficient.,,
ev_f4541d35e73670741678834a9099d01eafad51a684e29a77a94091c07ad8bec2,190875,3,0,,rejected_candidate,1923.1,False,False,0.0,0,False,Evie,Jolt,"92 Houston Rd, Kingsford NSW 2032, Australia",,2,Kensington [Jolt],110 Anzac Pde,,Kensington,2033,CCS (Type 2) | CHAdeMO,25,2,1,Operational,Public - Membership Required,$0.00/kWh up to 7 kWh then $0.40/kWh,2023-07-13T10:53:00Z,Open Charge Map Contributors,reject,Not the strongest candidate or evidence is insufficient.,,
ev_f4541d35e73670741678834a9099d01eafad51a684e29a77a94091c07ad8bec2,191062,4,0,,rejected_candidate,2291.4,False,False,0.0,0,False,Evie,Chargefox,"92 Houston Rd, Kingsford NSW 2032, Australia",,2,Audi Centre Sydney ,895 South Dowling Street,,Zetland,2017,CCS (Type 2),165,1,1,Operational,Public - Membership Required,$0.70/kWh,2023-07-13T10:51:00Z,Open Charge Map Contributors,reject,Not the strongest candidate or evidence is insufficient.,,
ev_f4541d35e73670741678834a9099d01eafad51a684e29a77a94091c07ad8bec2,272616,5,0,,rejected_candidate,2443.1,False,False,0.0,0,False,Evie,Chargefox,"92 Houston Rd, Kingsford NSW 2032, Australia",,2,NRMA - Sydney,4 Defries Avenue,,Zetland,2017,CCS (Type 2) | CHAdeMO,50 | 350,4,4,Operational,Public - Membership Required,$0.45 - $0.60/kWh,2023-07-15T08:58:00Z,Open Charge Map Contributors,reject,Not the strongest candidate or evidence is insufficient.,,
ev_f4541d35e73670741678834a9099d01eafad51a684e29a77a94091c07ad8bec2,150024,6,0,,rejected_candidate,2680.2,False,False,0.0,0,False,Evie,(Unknown Operator),"92 Houston Rd, Kingsford NSW 2032, Australia",,2,Supa Centa Moore Park,,,Kensington,2033,Tesla (Model S/X),17,1,1,Operational,Public,Free,2020-06-10T21:39:00Z,Open Charge Map Contributors,reject,Not the strongest candidate or evidence is insufficient.,,
ev_6c9d2b1726480ec136956e375e2a0b6a970532d7b6ad719f050946266568b917,131610,1,6,4,manual_review,2245.8,False,False,0.75,3,False,University of,Chargefox,"University of Wollongong, Northfields Avenue, Wollongong NSW 2522, Australia",,6,Innovation Campus - University of Wollongong,Off Innovation Way,,North Wollongong,2500,CCS (Type 2) | Type I (AS 3112),3.45 | 180,3,2,Operational,Public,Free,2024-07-30T05:30:00Z,Open Charge Map Contributors,manual_review,Top candidate has partial evidence but does not satisfy the high-confidence rule.,,
ev_6c9d2b1726480ec136956e375e2a0b6a970532d7b6ad719f050946266568b917,131841,2,2,,rejected_candidate,2208.7,False,False,0.25,1,False,University of,(Business Owner at Location),"University of Wollongong, Northfields Avenue, Wollongong NSW 2522, Australia",,6,Wollongong Central - P1 Basement Car Park,71 Market Street,,Wollongong ,2500,Unknown,,1,0,Operational,Public,Free,2025-08-25T07:52:00Z,Open Charge Map Contributors,reject,Not the strongest candidate or evidence is insufficient.,,
ev_6c9d2b1726480ec136956e375e2a0b6a970532d7b6ad719f050946266568b917,235461,3,2,,rejected_candidate,2209.2,False,False,0.25,1,False,University of,Evie,"University of Wollongong, Northfields Avenue, Wollongong NSW 2522, Australia",,6,Wollongong Central - Regent St Carpark,Regent Street,,Wollongong,2500,CCS (Type 2) | CHAdeMO,50,4,1,Operational,Public - Membership Required,50c per kWh energy consumed.,2023-07-12T21:49:00Z,Open Charge Map Contributors,reject,Not the strongest candidate or evidence is insufficient.,,
ev_6c9d2b1726480ec136956e375e2a0b6a970532d7b6ad719f050946266568b917,460474,4,2,,rejected_candidate,2591.1,False,False,0.333,1,False,University of,EVX (AU),"University of Wollongong, Northfields Avenue, Wollongong NSW 2522, Australia",,6,Georges Place,Georges Place,,Wollongong,2500,Type 2 (Socket Only),22,2,2,Operational,Public - Membership Required,0.55,2025-08-25T07:52:00Z,Open Charge Map Contributors,reject,Not the strongest candidate or evidence is insufficient.,,
ev_6c9d2b1726480ec136956e375e2a0b6a970532d7b6ad719f050946266568b917,273425,5,0,,rejected_candidate,1435.3,False,False,0.0,0,False,University of,BP Pulse (AU),"University of Wollongong, Northfields Avenue, Wollongong NSW 2522, Australia",,6,Fairy Meadow [bp pulse],224 Princes Hwy,,Fairy Meadow,2519,CCS (Type 2),75,2,2,Operational,Public - Membership Required,55c/kWh,2023-08-09T11:24:00Z,Open Charge Map Contributors,reject,Not the strongest candidate or evidence is insufficient.,,
ev_9eeb85b4fe2cf21b3fee9c759e75a01177f8019fcb29d3068169ecdde1a18a2d,266501,1,15,6,operator_postcode_address,88.3,True,True,1.0,4,False,Tesla,Tesla (Tesla-only charging),20-22 Camden Rd Campbelltown NSW 2560 Australia,,12,Campbelltown Supercharger,20-22 Camden Road,,Campbelltown,2560,CCS (Type 2),250,12,12,Operational,Public - Membership Required,$0.66/kWh,2023-06-08T03:24:00Z,Open Charge Map Contributors,auto_accept,High-confidence top candidate selected by operator_postcode_address.,,
ev_9eeb85b4fe2cf21b3fee9c759e75a01177f8019fcb29d3068169ecdde1a18a2d,299879,2,9,,rejected_candidate,150.2,False,True,0.5,2,False,Tesla,Chargefox,20-22 Camden Rd Campbelltown NSW 2560 Australia,,12,Chargefox Charging Station,38 Camden Rd,,Campbelltown,2560,CCS (Type 2) | CHAdeMO,65 | 75,4,1,Operational,Public - Membership Required,$0.60/kWh,2024-06-11T09:50:00Z,Open Charge Map Contributors,reject,Not the strongest candidate or evidence is insufficient.,,
ev_8e508009b751691ba8fa15d29dbcbf4a0a0dc4e8d0992f0e3c0d9d5525b7b21c,171646,1,11,4,combined_evidence,151.1,True,True,0.333,1,False,Tesla,Tesla (including non-tesla),"19 Princes Hwy, Figtree NSW 2525, Australia",,6,Wollongong Supercharger,Figtree Grove Shopping Centre,The Avenue,Figtree,2525,CCS (Type 2),250,6,6,Operational,Public - Membership Required,$0.69/kWh,2023-08-30T06:17:00Z,Open Charge Map Contributors,auto_accept,High-confidence top candidate selected by combined_evidence.,,
ev_8e508009b751691ba8fa15d29dbcbf4a0a0dc4e8d0992f0e3c0d9d5525b7b21c,131564,2,7,,rejected_candidate,91.3,False,True,0.333,1,False,Tesla,,"19 Princes Hwy, Figtree NSW 2525, Australia",,6,Figtree Grove Shopping Centre ,The Avenue,,Figtree ,2525,Type 2 (Socket Only),22,2,2,Operational,Public,Free,2023-07-13T23:36:00Z,Open Charge Map Contributors,reject,Not the strongest candidate or evidence is insufficient.,,
ev_8e508009b751691ba8fa15d29dbcbf4a0a0dc4e8d0992f0e3c0d9d5525b7b21c,235461,3,0,,rejected_candidate,2934.2,False,False,0.0,0,False,Tesla,Evie,"19 Princes Hwy, Figtree NSW 2525, Australia",,6,Wollongong Central - Regent St Carpark,Regent Street,,Wollongong,2500,CCS (Type 2) | CHAdeMO,50,4,1,Operational,Public - Membership Required,50c per kWh energy consumed.,2023-07-12T21:49:00Z,Open Charge Map Contributors,reject,Not the strongest candidate or evidence is insufficient.,,
ev_d11cbbe29355c3181a2544ece1abef615b35e39b20dd49267fc56bc5f01eac0b,308738,1,8,4,combined_evidence,137.9,True,False,0.333,1,False,Tesla,Tesla (including non-tesla),"173 Canterbury Road, Bankstown NSW 2200",175.0,6,Tesla Supercharger Bankstown,Chapel Road,,Bankstown,,CCS (Type 2),250,6,6,Operational,Public - Membership Required,$0.69/kWh,2025-03-04T03:29:00Z,Open Charge Map Contributors,auto_accept,High-confidence top candidate selected by combined_evidence.,,
ev_d11cbbe29355c3181a2544ece1abef615b35e39b20dd49267fc56bc5f01eac0b,191160,2,4,,rejected_candidate,177.7,False,False,0.333,1,False,Tesla,Evie,"173 Canterbury Road, Bankstown NSW 2200",175.0,6,Bankstown [Evie],9-49 Chapel Road,,Bankstown,,CCS (Type 2) | CHAdeMO,50,4,2,Operational,Public - Membership Required,$0.40/kWh,2023-07-16T12:30:00Z,Open Charge Map Contributors,reject,Not the strongest candidate or evidence is insufficient.,,
ev_67cde3032dedb562f1606a716901d65ed8414b334fd9f8fd1cd97f841d054d92,296038,1,9,1,close_coordinates_plus_identity,39.3,False,True,0.333,1,False,Tesla,Chargefox,"179-183 Hume St, Goulburn NSW 2580",175.0,20,KFC Goulburn,Lockyer Street,,Goulburn,2580,CCS (Type 2),75,2,2,Operational,Public - Membership Required,,2025-01-24T09:21:00Z,Open Charge Map Contributors,auto_accept,High-confidence top candidate selected by close_coordinates_plus_identity.,,
ev_67cde3032dedb562f1606a716901d65ed8414b334fd9f8fd1cd97f841d054d92,308265,2,8,,rejected_candidate,130.4,True,False,0.25,1,False,Tesla,Tesla (including non-tesla),"179-183 Hume St, Goulburn NSW 2580",175.0,20,Tesla Supercharger Goulburn South,Lockyer Street,,Goulburn,,CCS (Type 2),250,12,12,Operational,Public - Membership Required,,2025-02-17T16:56:00Z,Open Charge Map Contributors,reject,Not the strongest candidate or evidence is insufficient.,,
ev_67cde3032dedb562f1606a716901d65ed8414b334fd9f8fd1cd97f841d054d92,190003,3,8,,rejected_candidate,5879.7,False,True,0.5,1,True,Tesla,NRMA,"179-183 Hume St, Goulburn NSW 2580",175.0,20,Sydney Road,Sydney Road,Bradfordville,Goulburn,2580,CCS (Type 2),210,4,4,Operational,Public - Membership Required,$0.64 / kWh,2026-07-15T01:58:00Z,Open Charge Map Contributors,reject,Not the strongest candidate or evidence is insufficient.,,
ev_67cde3032dedb562f1606a716901d65ed8414b334fd9f8fd1cd97f841d054d92,189983,4,5,,rejected_candidate,3124.4,False,True,0.25,1,False,Tesla,(Unknown Operator),"179-183 Hume St, Goulburn NSW 2580",175.0,20,Goulburn Visitor Information Centre,201 Sloane St,,Goulburn,2580,Type 2 (Tethered Connector) ,7,1,1,Operational,Public,,2021-11-15T08:13:00Z,Open Charge Map Contributors,reject,Not the strongest candidate or evidence is insufficient.,,
ev_67cde3032dedb562f1606a716901d65ed8414b334fd9f8fd1cd97f841d054d92,189982,5,5,,rejected_candidate,4331.0,False,True,0.25,1,False,Tesla,(Unknown Operator),"179-183 Hume St, Goulburn NSW 2580",175.0,20,Best Western Plus Goulburn,77 Lagoon St,,Goulburn,2580,Type 2 (Tethered Connector) ,22,1,2,Operational,Public - Pay At Location,,2021-11-15T08:11:00Z,Open Charge Map Contributors,reject,Not the strongest candidate or evidence is insufficient.,,
ev_90138642a7ae550d190f161fd4f92b6f4c3023c8fd5cf1d72d812cd2079ec190,300153,1,15,15,operator_postcode_address,81.1,True,True,0.75,3,False,Tesla,Tesla (including non-tesla),188 Fernleigh Rd Glenfield Park NSW 2650 Australia,175.0,6,Tesla Supercharger Wagga Wagga,Fernleigh Road,Glenfield Park,Wagga Wagga,2650,CCS (Type 2),250,6,6,Operational,Public - Membership Required,$0.69/kWh,2024-06-25T11:19:00Z,Open Charge Map Contributors,auto_accept,High-confidence top candidate selected by operator_postcode_address.,,
ev_f482947f98fc9fc40e8a631319d2437db34b7c99303489d10e71dc5c041c45a9,306013,1,17,12,operator_postcode_address,46.9,True,True,1.0,3,False,Tesla,Tesla (including non-tesla),2 Bridge Rd Griffith NSW 2680 Australia,175.0,6,Griffith Leagues Club Southside,2 Bridge Road,,Griffith,2680,CCS (Type 2),250,6,6,Operational,Public - Membership Required,up to $0.92/kWh,2024-12-08T01:54:00Z,Open Charge Map Contributors,auto_accept,High-confidence top candidate selected by operator_postcode_address.,,
ev_f482947f98fc9fc40e8a631319d2437db34b7c99303489d10e71dc5c041c45a9,306015,2,5,,rejected_candidate,3148.7,False,True,0.333,1,False,Tesla,Chargefox,2 Bridge Rd Griffith NSW 2680 Australia,175.0,6,Griffith City Volkswagen,Kurrajong Avenue,Yoogali,,2680,CCS (Type 2),24,1,1,Operational,Public - Membership Required,$0.40/kWh,2024-12-08T01:54:00Z,Open Charge Map Contributors,reject,Not the strongest candidate or evidence is insufficient.,,
ev_f482947f98fc9fc40e8a631319d2437db34b7c99303489d10e71dc5c041c45a9,306014,3,3,,rejected_candidate,2660.7,False,True,0.0,0,False,Tesla,Chargefox,2 Bridge Rd Griffith NSW 2680 Australia,175.0,6,Owen Toyota,Owen Drive,Yoogali,,2680,CCS (Type 2),50,2,2,Operational,Public - Membership Required,$0.40/kWh,2024-11-14T09:54:00Z,Open Charge Map Contributors,reject,Not the strongest candidate or evidence is insufficient.,,
ev_75b225d94a7f455b2eaced27bae05b65b79712adb8fa7dcf0b3edff69b9d9b4f,272619,1,3,3,rejected_candidate,1450.7,False,True,0.0,0,False,Evie,Chargefox,"2 Coast Hospital Rd
Little Bay NSW 2036
Australia",75.0,2,The Heffron Centre,439 Bunnerong Road,,Chifley,2036,CCS (Type 2) | CHAdeMO,25,8,8,Operational,Public - Membership Required,Free - $0.42/kWh,2023-07-15T09:08:00Z,Open Charge Map Contributors,reject,Not the strongest candidate or evidence is insufficient.,,
ev_c1f1ec246d6e8d5edd8df2e7c3579ca98eeba01dc50d229c1e33474805b2c8db,311704,1,17,8,operator_postcode_address,68.1,True,True,1.0,3,False,Tesla,Tesla (including non-tesla),2 Moonee Beach Rd Moonee Beach NSW 2450 Australia,175.0,15,Moonee Beach,2 Moonee Beach Rd,,Moonee Beach,2450,CCS (Type 2),250,15,15,Operational,Public - Membership Required,$0.56/kWh,2025-04-28T11:06:00Z,Open Charge Map Contributors,auto_accept,High-confidence top candidate selected by operator_postcode_address.,,
ev_c1f1ec246d6e8d5edd8df2e7c3579ca98eeba01dc50d229c1e33474805b2c8db,150039,2,9,,rejected_candidate,1131305.3,True,False,0.5,1,True,Tesla,Tesla (Tesla-only charging),2 Moonee Beach Rd Moonee Beach NSW 2450 Australia,175.0,15,Moonee Ponds,Moonee Ponds,,,3039,CCS (Type 2),120,6,6,Operational,Public - Membership Required,AUD 0.42/kWh;other tariffs for older cars,2020-03-12T06:55:00Z,Open Charge Map Contributors,reject,Not the strongest candidate or evidence is insufficient.,,
ev_c1f1ec246d6e8d5edd8df2e7c3579ca98eeba01dc50d229c1e33474805b2c8db,97619,3,8,,rejected_candidate,8685.1,True,True,0.0,0,True,Tesla,Tesla (Tesla-only charging),2 Moonee Beach Rd Moonee Beach NSW 2450 Australia,175.0,15,Coffs Harbour Supercharger [Tesla],253 Pacific Highway,,Coffs Harbour,2450,CCS (Type 2),120,6,6,Operational,Public - Membership Required,$0.52/kWh,2021-12-19T01:50:00Z,Open Charge Map Contributors,reject,Not the strongest candidate or evidence is insufficient.,,
ev_dc8801c9b81443b71a7599c86bea5afa5e0c9605b5e2675dc158abafd3442351,190407,1,7,7,manual_review,1507.2,False,True,0.5,1,False,Zeus Renewables,Tesla (Tesla-only charging),"218 Katoomba St, Katoomba NSW 2780, Australia",175.0,4,Scenic World Carpark,1 Violet Street,,Katoomba,2780,Type 2 (Tethered Connector) ,22,2,2,Operational,Public,,2021-12-06T09:52:00Z,Open Charge Map Contributors,manual_review,Top candidate has partial evidence but does not satisfy the high-confidence rule.,,
ev_10435c046b83cdba3b7c1845adcf068f6d457f1948b30b74c36baa8994e8c916,272632,1,5,0,manual_review,1515.8,True,False,0.0,0,True,Evie,Evie,"234 Miller St
North Sydney NSW 2060
Australia",75.0,4,Civic Plaza 88 Christie,88 Christie St,,St Leonards,2065,CCS (Type 2) | CHAdeMO,50,4,2,Operational,Public - Membership Required,,2023-07-15T12:12:00Z,Open Charge Map Contributors,manual_review,Top candidate has partial evidence but does not satisfy the high-confidence rule.,,
ev_10435c046b83cdba3b7c1845adcf068f6d457f1948b30b74c36baa8994e8c916,272694,2,5,,rejected_candidate,2660.9,True,False,0.0,0,True,Evie,Evie,"234 Miller St
North Sydney NSW 2060
Australia",75.0,4,Northbridge Plaza,9 Eastern Valley Way,,Northbridge,2063,CCS (Type 2) | CHAdeMO,50,4,1,Operational,Public - Membership Required,,2023-07-16T23:09:00Z,Open Charge Map Contributors,reject,Not the strongest candidate or evidence is insufficient.,,
ev_10435c046b83cdba3b7c1845adcf068f6d457f1948b30b74c36baa8994e8c916,272613,3,0,,rejected_candidate,2332.3,False,False,0.0,0,False,Evie,Chargefox,"234 Miller St
North Sydney NSW 2060
Australia",75.0,4,TLE Electrical Artarmon,65 Reserve Road,,St Leonards,2065,CCS (Type 2) | CHAdeMO,22,2,1,Operational,Public - Membership Required,$0.30/kWh,2023-07-15T07:52:00Z,Open Charge Map Contributors,reject,Not the strongest candidate or evidence is insufficient.,,
ev_10435c046b83cdba3b7c1845adcf068f6d457f1948b30b74c36baa8994e8c916,55007,4,0,,rejected_candidate,2535.5,False,False,0.0,0,False,Evie,Tesla (Tesla-only charging),"234 Miller St
North Sydney NSW 2060
Australia",75.0,4,Park Hyatt Sydney,7 Hickson Road,,The Rocks,2000,Tesla (Model S/X),7.6,2,2,Operational,Public - Pay At Location,Free,2017-01-31T18:52:00Z,Open Charge Map Contributors,reject,Not the strongest candidate or evidence is insufficient.,,
ev_ac92d24e87fe78611ed2fc89414435f71c2028b98b1a02d504e10b30dcdaeefd,100404,1,5,1,manual_review,2332.4,True,False,0.0,0,True,Tesla,Tesla (Tesla-only charging),25 Danks St Waterloo NSW 2017,175.0,8,Broadway Supercharger,1 Bay Street,,Broadway,2007,CCS (Type 2),120,8,8,Operational,Public - Membership Required,AUD 0.42/kWh;other tariffs for older cars,2025-03-21T01:01:00Z,Open Charge Map Contributors,manual_review,Top candidate has partial evidence but does not satisfy the high-confidence rule.,,
ev_ac92d24e87fe78611ed2fc89414435f71c2028b98b1a02d504e10b30dcdaeefd,191062,2,4,,rejected_candidate,983.6,False,True,0.0,0,True,Tesla,Chargefox,25 Danks St Waterloo NSW 2017,175.0,8,Audi Centre Sydney ,895 South Dowling Street,,Zetland,2017,CCS (Type 2),165,1,1,Operational,Public - Membership Required,$0.70/kWh,2023-07-13T10:51:00Z,Open Charge Map Contributors,reject,Not the strongest candidate or evidence is insufficient.,,
ev_ac92d24e87fe78611ed2fc89414435f71c2028b98b1a02d504e10b30dcdaeefd,311308,3,4,,rejected_candidate,2283.5,True,False,0.0,0,False,Tesla,Tesla (including non-tesla),25 Danks St Waterloo NSW 2017,175.0,8,Tesla Destination Charger,1 Bay Street,,Broadway,2007,CCS (Type 2),22,3,3,Operational,Public,0,2025-03-29T03:34:00Z,Open Charge Map Contributors,reject,Not the strongest candidate or evidence is insufficient.,,
ev_ac92d24e87fe78611ed2fc89414435f71c2028b98b1a02d504e10b30dcdaeefd,272616,4,3,,rejected_candidate,822.5,False,True,0.0,0,False,Tesla,Chargefox,25 Danks St Waterloo NSW 2017,175.0,8,NRMA - Sydney,4 Defries Avenue,,Zetland,2017,CCS (Type 2) | CHAdeMO,50 | 350,4,4,Operational,Public - Membership Required,$0.45 - $0.60/kWh,2023-07-15T08:58:00Z,Open Charge Map Contributors,reject,Not the strongest candidate or evidence is insufficient.,,
ev_ac92d24e87fe78611ed2fc89414435f71c2028b98b1a02d504e10b30dcdaeefd,150024,5,1,,rejected_candidate,539.0,False,False,0.0,0,False,Tesla,(Unknown Operator),25 Danks St Waterloo NSW 2017,175.0,8,Supa Centa Moore Park,,,Kensington,2033,Tesla (Model S/X),17,1,1,Operational,Public,Free,2020-06-10T21:39:00Z,Open Charge Map Contributors,reject,Not the strongest candidate or evidence is insufficient.,,
ev_ac92d24e87fe78611ed2fc89414435f71c2028b98b1a02d504e10b30dcdaeefd,272614,6,0,,rejected_candidate,1501.0,False,False,0.0,0,False,Tesla,Chargefox,25 Danks St Waterloo NSW 2017,175.0,8,Mirvac South Eveleigh,2 Central Avenue,,Eveleigh,2015,CCS (Type 2) | CHAdeMO | Type 2 (Socket Only),22 | 50,8,4,Operational,Public - Membership Required,Free,2023-07-15T07:56:00Z,Open Charge Map Contributors,reject,Not the strongest candidate or evidence is insufficient.,,
ev_ac92d24e87fe78611ed2fc89414435f71c2028b98b1a02d504e10b30dcdaeefd,190875,7,0,,rejected_candidate,1507.1,False,False,0.0,0,False,Tesla,Jolt,25 Danks St Waterloo NSW 2017,175.0,8,Kensington [Jolt],110 Anzac Pde,,Kensington,2033,CCS (Type 2) | CHAdeMO,25,2,1,Operational,Public - Membership Required,$0.00/kWh up to 7 kWh then $0.40/kWh,2023-07-13T10:53:00Z,Open Charge Map Contributors,reject,Not the strongest candidate or evidence is insufficient.,,
ev_ac92d24e87fe78611ed2fc89414435f71c2028b98b1a02d504e10b30dcdaeefd,272689,8,0,,rejected_candidate,2616.7,False,False,0.0,0,False,Tesla,Evie,25 Danks St Waterloo NSW 2017,175.0,8,Dorhauer Lane,Dorhauer Lane,,Woollahra,2025,CCS (Type 2) | CHAdeMO,50,2,1,Operational,Public - Membership Required,,2023-07-16T22:09:00Z,Open Charge Map Contributors,reject,Not the strongest candidate or evidence is insufficient.,,
ev_9bbfe5dc40b88c35b25684fcd8e04efa27cafa104dd51836f34ec7758d3eecc2,266872,1,10,10,close_address_power,172.1,False,True,0.667,2,True,Tesla,Chargefox,"260 Victoria Avenue, Chatswood, NSW 2067",175.0,8,Chatswood Chase Chargefox,345 Victoria Avenue,,Chatswood,2067,CCS (Type 2),120,2,2,Operational,Public - Membership Required,$0.45/kWh,2023-07-13T08:44:00Z,Open Charge Map Contributors,auto_accept,High-confidence top candidate selected by close_address_power.,,
ev_9bbfe5dc40b88c35b25684fcd8e04efa27cafa104dd51836f34ec7758d3eecc2,272694,2,0,,rejected_candidate,2468.3,False,False,0.0,0,False,Tesla,Evie,"260 Victoria Avenue, Chatswood, NSW 2067",175.0,8,Northbridge Plaza,9 Eastern Valley Way,,Northbridge,2063,CCS (Type 2) | CHAdeMO,50,4,1,Operational,Public - Membership Required,,2023-07-16T23:09:00Z,Open Charge Map Contributors,reject,Not the strongest candidate or evidence is insufficient.,,
ev_9bbfe5dc40b88c35b25684fcd8e04efa27cafa104dd51836f34ec7758d3eecc2,272613,3,0,,rejected_candidate,2615.7,False,False,0.0,0,False,Tesla,Chargefox,"260 Victoria Avenue, Chatswood, NSW 2067",175.0,8,TLE Electrical Artarmon,65 Reserve Road,,St Leonards,2065,CCS (Type 2) | CHAdeMO,22,2,1,Operational,Public - Membership Required,$0.30/kWh,2023-07-15T07:52:00Z,Open Charge Map Contributors,reject,Not the strongest candidate or evidence is insufficient.,,
ev_9bbfe5dc40b88c35b25684fcd8e04efa27cafa104dd51836f34ec7758d3eecc2,191165,4,0,,rejected_candidate,2749.4,False,False,0.0,0,False,Tesla,Evie,"260 Victoria Avenue, Chatswood, NSW 2067",175.0,8,Evie Lane Cove,2 Rosenthal Ave,“The Canopy”,Lane Cove,,CCS (Type 2) | CHAdeMO,50,4,2,Operational,Public - Membership Required,$0.40/kWh,2023-07-15T12:03:00Z,Open Charge Map Contributors,reject,Not the strongest candidate or evidence is insufficient.,,
ev_80b43615dc09cd2c57df9a73dfad05cac69fdf2ab6f62d7e155fd6b850487414,193903,1,4,4,rejected_candidate,2801.6,True,False,0.0,0,False,Chargefox,Chargefox,"31 Moate St
Georgetown NSW 2298
Australia",60.0,2,University of Newcastle P6 [Chargefox],Ring Road,,Callaghan,2308,Type 2 (Socket Only),22,4,4,Operational,Public - Membership Required,Free,2022-07-06T18:32:00Z,Open Charge Map Contributors,reject,Not the strongest candidate or evidence is insufficient.,,
ev_3953c525a75b720790cf7ef496d8b7863986d37a440ac0b7f606c4b12c3bc8ad,312659,1,13,7,close_coordinates_plus_identity,37.0,True,True,0.333,1,False,Evie,Evie,"374 Peel St, Tamworth NSW 2340, Australia",175.0,4,Evie 300kW Charger,Cooper Lane,,Tamworth,2340,CCS (Type 2) | Type 2 (Socket Only),22 | 300,5,1,Operational,Public,63c,2025-05-20T02:24:00Z,Open Charge Map Contributors,auto_accept,High-confidence top candidate selected by close_coordinates_plus_identity.,,
ev_3953c525a75b720790cf7ef496d8b7863986d37a440ac0b7f606c4b12c3bc8ad,113602,2,6,,rejected_candidate,1792.8,False,True,0.333,1,True,Evie,Tesla (Tesla-only charging),"374 Peel St, Tamworth NSW 2340, Australia",175.0,4,Tamworth Supercharger,West Tamworth League Club,21 Park Street,Tamworth,2340,CCS (Type 2),120,4,4,Operational,Public,AUD 0.42/kWh;other tariffs for older cars,2019-03-22T18:24:00Z,Open Charge Map Contributors,reject,Not the strongest candidate or evidence is insufficient.,,
ev_70c2a1ed13875718dceb4f8214f30d262da250cb3176f9f34fbe922107e9300c,133760,1,5,5,manual_review,3005.1,False,True,0.333,1,False,NRMA,ChargePoint,"424 Hoxton Park Rd, Prestons, NSW, 2170",175.0,4,Woolworths Prestons,Corfield Road,Prestons,Sydney,2170,Type 1 (J1772),6.6,4,4,Operational,Public,Free,2019-12-08T11:44:00Z,Open Charge Map Contributors,manual_review,Top candidate has partial evidence but does not satisfy the high-confidence rule.,,
ev_8e498916e9f8def32feb1d71116900a5405b566799da660fb4a041644b354ca4,460625,1,13,8,operator_postcode_address,227.0,True,True,0.667,2,False,Tesla,Tesla (including non-tesla),"46 Wynter St, Taree NSW 2430, Australia",175.0,12,Tesla Supercharger Taree,37 Wynter Street,,Taree,2430,CCS (Type 2),250,12,12,Operational,Public - Membership Required,,2026-09-05T11:22:00Z,Open Charge Map Contributors,auto_accept,High-confidence top candidate selected by operator_postcode_address.,,
ev_8e498916e9f8def32feb1d71116900a5405b566799da660fb4a041644b354ca4,172652,2,5,,rejected_candidate,3918.3,False,True,0.333,1,False,Tesla,Evie,"46 Wynter St, Taree NSW 2430, Australia",175.0,12,Taree South Service Centre [Evie],Manning River Drive,Glenthorne,,2430,CCS (Type 2) | CHAdeMO,100 | 350,4,4,Operational,Public - Membership Required,$0.60/kWh,2023-07-15T13:54:00Z,Open Charge Map Contributors,reject,Not the strongest candidate or evidence is insufficient.,,
ev_f9a793b1e12d4d17c3a5c805694a7b581b85a53b6993c3344cd153a05147d6f7,193937,1,5,1,manual_review,1559.0,True,False,0.0,0,True,Chargefox,Chargefox,"47-49A Cleary St
Hamilton NSW 2303
Australia",60.0,2,Sportsground No.2 [Chargefox],Smith Street,,Newcastle,2300,Type 2 (Socket Only) | CCS (Type 2),22 | 60,6,5,Partly Operational (Mixed),Public - Membership Required,Free,2023-07-29T09:40:00Z,Open Charge Map Contributors,manual_review,Top candidate has partial evidence but does not satisfy the high-confidence rule.,,
ev_f9a793b1e12d4d17c3a5c805694a7b581b85a53b6993c3344cd153a05147d6f7,161831,2,4,,rejected_candidate,2934.3,True,False,0.0,0,False,Chargefox,Chargefox,"47-49A Cleary St
Hamilton NSW 2303
Australia",60.0,2,Wharf Road Carpark (Chargefox),250 Wharf Road,,Newcastle,2300,Type 2 (Socket Only),22,4,4,Operational,Public - Membership Required,Currently free thanks to City of Newcastle,2023-07-13T22:55:00Z,Open Charge Map Contributors,reject,Not the strongest candidate or evidence is insufficient.,,
ev_ff8cec41c46b7ef8da0e37e9e7a97b0777e046ef21e551854f28480f8317d6ce,461335,1,17,17,operator_postcode_address,54.4,True,True,1.0,2,False,Tesla,Tesla (including non-tesla),477 Coolac Rd Coolac NSW 2727 Australia,175.0,12,Tesla Supercharger Coolac ,477 Coolac Road ,,Coolac ,2727,CCS (Type 2),300,12,12,Operational,Public - Membership Required,,2025-09-24T02:47:00Z,Open Charge Map Contributors,auto_accept,High-confidence top candidate selected by operator_postcode_address.,,
ev_22482099fbb5e7cb2bd5721188e15ff1565b350b75c65cb3bb42579ab09d3868,508148,1,18,18,operator_postcode_address,24.2,True,True,1.0,2,True,BP,BP Pulse (AU),"481 Pacific Hwy, Wyoming NSW 2250, Australia",175.0,6,Pacific Highway,Pacific Highway,Wyoming,,2250,CCS (Type 2) | CHAdeMO,60 | 150 | 300,7,6,Operational,Public - Membership Required,55c/kWh,2026-09-09T01:02:00Z,Open Charge Map Contributors,auto_accept,High-confidence top candidate selected by operator_postcode_address.,,
ev_da8d0a017ef2a7ac9df578287b23cfa7093f8064fe8c641f7bf04ee8b22303f7,272630,1,5,1,manual_review,1502.1,True,False,0.0,0,True,Evie,Evie,"592 Anzac Pde
Kingsford NSW 2032
Australia",75.0,4,Royal Randwick,73 Belmore Road,,Randwick,2031,CCS (Type 2) | CHAdeMO,50,4,2,Operational,Public - Membership Required,,2023-07-15T12:06:00Z,Open Charge Map Contributors,manual_review,Top candidate has partial evidence but does not satisfy the high-confidence rule.,,
ev_da8d0a017ef2a7ac9df578287b23cfa7093f8064fe8c641f7bf04ee8b22303f7,190875,2,4,,rejected_candidate,2209.9,False,False,0.5,2,False,Evie,Jolt,"592 Anzac Pde
Kingsford NSW 2032
Australia",75.0,4,Kensington [Jolt],110 Anzac Pde,,Kensington,2033,CCS (Type 2) | CHAdeMO,25,2,1,Operational,Public - Membership Required,$0.00/kWh up to 7 kWh then $0.40/kWh,2023-07-13T10:53:00Z,Open Charge Map Contributors,reject,Not the strongest candidate or evidence is insufficient.,,
ev_da8d0a017ef2a7ac9df578287b23cfa7093f8064fe8c641f7bf04ee8b22303f7,272616,3,1,,rejected_candidate,2846.9,False,False,0.0,0,True,Evie,Chargefox,"592 Anzac Pde
Kingsford NSW 2032
Australia",75.0,4,NRMA - Sydney,4 Defries Avenue,,Zetland,2017,CCS (Type 2) | CHAdeMO,50 | 350,4,4,Operational,Public - Membership Required,$0.45 - $0.60/kWh,2023-07-15T08:58:00Z,Open Charge Map Contributors,reject,Not the strongest candidate or evidence is insufficient.,,
ev_da8d0a017ef2a7ac9df578287b23cfa7093f8064fe8c641f7bf04ee8b22303f7,191062,4,0,,rejected_candidate,2700.8,False,False,0.0,0,False,Evie,Chargefox,"592 Anzac Pde
Kingsford NSW 2032
Australia",75.0,4,Audi Centre Sydney ,895 South Dowling Street,,Zetland,2017,CCS (Type 2),165,1,1,Operational,Public - Membership Required,$0.70/kWh,2023-07-13T10:51:00Z,Open Charge Map Contributors,reject,Not the strongest candidate or evidence is insufficient.,,
ev_74a62fcbdd0e1dedba8488b9444417d0696fc66d2b6403127480262cebe0b95b,272632,1,5,0,manual_review,1446.1,True,False,0.0,0,True,Evie,Evie,"60-62 Amherst St
Cammeray NSW 2062
Australia",50.0,4,Civic Plaza 88 Christie,88 Christie St,,St Leonards,2065,CCS (Type 2) | CHAdeMO,50,4,2,Operational,Public - Membership Required,,2023-07-15T12:12:00Z,Open Charge Map Contributors,manual_review,Top candidate has partial evidence but does not satisfy the high-confidence rule.,,
ev_74a62fcbdd0e1dedba8488b9444417d0696fc66d2b6403127480262cebe0b95b,272694,2,5,,rejected_candidate,1505.3,True,False,0.0,0,True,Evie,Evie,"60-62 Amherst St
Cammeray NSW 2062
Australia",50.0,4,Northbridge Plaza,9 Eastern Valley Way,,Northbridge,2063,CCS (Type 2) | CHAdeMO,50,4,1,Operational,Public - Membership Required,,2023-07-16T23:09:00Z,Open Charge Map Contributors,reject,Not the strongest candidate or evidence is insufficient.,,
ev_74a62fcbdd0e1dedba8488b9444417d0696fc66d2b6403127480262cebe0b95b,191164,3,5,,rejected_candidate,2836.8,True,False,0.0,0,True,Evie,Evie,"60-62 Amherst St
Cammeray NSW 2062
Australia",50.0,4,Evie Mosman,6 Myahgah Road,,Mosman,,CHAdeMO | CCS (Type 2),50,2,1,Operational,Public - Membership Required,$0.40/kWh,2023-07-16T22:01:00Z,Open Charge Map Contributors,reject,Not the strongest candidate or evidence is insufficient.,,
ev_74a62fcbdd0e1dedba8488b9444417d0696fc66d2b6403127480262cebe0b95b,272613,4,0,,rejected_candidate,2052.0,False,False,0.0,0,False,Evie,Chargefox,"60-62 Amherst St
Cammeray NSW 2062
Australia",50.0,4,TLE Electrical Artarmon,65 Reserve Road,,St Leonards,2065,CCS (Type 2) | CHAdeMO,22,2,1,Operational,Public - Membership Required,$0.30/kWh,2023-07-15T07:52:00Z,Open Charge Map Contributors,reject,Not the strongest candidate or evidence is insufficient.,,
ev_ff114def7a6bb53d713ba534bf472dae63501b909e4989a62f91805dd577fcea,300154,1,13,8,close_coordinates_plus_identity,49.2,True,True,0.333,1,False,Tesla,Tesla (including non-tesla),618 Dean St Albury NSW 2640 Australia,175.0,16,Tesla Supercharger Albury,Stanley Street,,Albury,2640,CCS (Type 2),250,12,12,Operational,Public - Membership Required,$0.69/kWh,2024-06-25T11:24:00Z,Open Charge Map Contributors,auto_accept,High-confidence top candidate selected by close_coordinates_plus_identity.,,
ev_ff114def7a6bb53d713ba534bf472dae63501b909e4989a62f91805dd577fcea,471034,2,5,,rejected_candidate,2442.6,False,True,0.333,1,False,Tesla,Exploren,618 Dean St Albury NSW 2640 Australia,175.0,16,Albury Showground,21 Hague Ave,,North Albury,2640,Type 2 (Socket Only),22,1,1,Operational,Public,$0.50 plus $0.22/kWh,2025-12-18T23:32:00Z,Open Charge Map Contributors,reject,Not the strongest candidate or evidence is insufficient.,,
ev_eebc99b12e3eff7190371311f6d961a2ad19e947491969511c6a5cb1604d1843,272632,1,9,4,combined_evidence,455.9,True,True,0.0,0,True,Evie,Evie,"65 Hume St
Crows Nest NSW 2065
Australia",75.0,4,Civic Plaza 88 Christie,88 Christie St,,St Leonards,2065,CCS (Type 2) | CHAdeMO,50,4,2,Operational,Public - Membership Required,,2023-07-15T12:12:00Z,Open Charge Map Contributors,auto_accept,High-confidence top candidate selected by combined_evidence.,,
ev_eebc99b12e3eff7190371311f6d961a2ad19e947491969511c6a5cb1604d1843,272613,2,5,,rejected_candidate,1199.8,False,True,0.25,1,False,Evie,Chargefox,"65 Hume St
Crows Nest NSW 2065
Australia",75.0,4,TLE Electrical Artarmon,65 Reserve Road,,St Leonards,2065,CCS (Type 2) | CHAdeMO,22,2,1,Operational,Public - Membership Required,$0.30/kWh,2023-07-15T07:52:00Z,Open Charge Map Contributors,reject,Not the strongest candidate or evidence is insufficient.,,
ev_eebc99b12e3eff7190371311f6d961a2ad19e947491969511c6a5cb1604d1843,272694,3,5,,rejected_candidate,1832.5,True,False,0.0,0,True,Evie,Evie,"65 Hume St
Crows Nest NSW 2065
Australia",75.0,4,Northbridge Plaza,9 Eastern Valley Way,,Northbridge,2063,CCS (Type 2) | CHAdeMO,50,4,1,Operational,Public - Membership Required,,2023-07-16T23:09:00Z,Open Charge Map Contributors,reject,Not the strongest candidate or evidence is insufficient.,,
ev_07ee21d4494bcaa60091446e45dddd6694af3ff5c52caf37a3b2174c6f32a4fd,296045,1,15,8,operator_postcode_address,25.1,True,True,0.667,2,False,Tesla,Tesla (including non-tesla),"68 Lead St, Yass NSW 2582, Australia",175.0,12,Tesla Superchargers Yass,Lead Street,,Yass,2582,CCS (Type 2),250,12,1,Operational,Public - Membership Required,$0.52/kWh,2024-03-06T09:49:00Z,Open Charge Map Contributors,auto_accept,High-confidence top candidate selected by operator_postcode_address.,,
ev_07ee21d4494bcaa60091446e45dddd6694af3ff5c52caf37a3b2174c6f32a4fd,190410,2,7,,rejected_candidate,235.7,False,True,0.333,1,False,Tesla,(Unknown Operator),"68 Lead St, Yass NSW 2582, Australia",175.0,12,Yass Soldiers Club,86 Meehan St,,Yass,2582,Type 2 (Tethered Connector) ,22,1,1,Operational,"Private - For Staff, Visitors or Customers",FREE,2022-02-09T13:09:00Z,Open Charge Map Contributors,reject,Not the strongest candidate or evidence is insufficient.,,
ev_07ee21d4494bcaa60091446e45dddd6694af3ff5c52caf37a3b2174c6f32a4fd,190005,3,6,,rejected_candidate,322.7,False,True,0.333,1,False,Tesla,NRMA,"68 Lead St, Yass NSW 2582, Australia",175.0,12,Banjo Paterson Park [NRMA],81 Meehan Street,,Yass,2582,CCS (Type 2) | CHAdeMO,50,2,1,Operational,Public - Membership Required,FREE,2021-12-19T02:14:00Z,Open Charge Map Contributors,reject,Not the strongest candidate or evidence is insufficient.,,
ev_07ee21d4494bcaa60091446e45dddd6694af3ff5c52caf37a3b2174c6f32a4fd,307990,4,3,,rejected_candidate,261.2,False,False,0.333,1,False,Tesla,Chargefox,"68 Lead St, Yass NSW 2582, Australia",175.0,12,Woolworths Yass,Comur Street,,Yass,,CCS (Type 2),50,4,4,Operational,Public - Membership Required,,2025-01-23T07:44:00Z,Open Charge Map Contributors,reject,Not the strongest candidate or evidence is insufficient.,,
ev_606cdfda4e61fa6756bff572c3fcb61f4c6da39d48120e7ab8fd10a3ece88e1b,191165,1,0,0,rejected_candidate,1214.9,False,False,0.0,0,False,BP,Evie,"7 Northwood Rd, Longueville NSW 2066, Australia",175.0,4,Evie Lane Cove,2 Rosenthal Ave,“The Canopy”,Lane Cove,,CCS (Type 2) | CHAdeMO,50,4,2,Operational,Public - Membership Required,$0.40/kWh,2023-07-15T12:03:00Z,Open Charge Map Contributors,reject,Not the strongest candidate or evidence is insufficient.,,
ev_606cdfda4e61fa6756bff572c3fcb61f4c6da39d48120e7ab8fd10a3ece88e1b,272613,2,0,,rejected_candidate,1688.9,False,False,0.0,0,False,BP,Chargefox,"7 Northwood Rd, Longueville NSW 2066, Australia",175.0,4,TLE Electrical Artarmon,65 Reserve Road,,St Leonards,2065,CCS (Type 2) | CHAdeMO,22,2,1,Operational,Public - Membership Required,$0.30/kWh,2023-07-15T07:52:00Z,Open Charge Map Contributors,reject,Not the strongest candidate or evidence is insufficient.,,
ev_606cdfda4e61fa6756bff572c3fcb61f4c6da39d48120e7ab8fd10a3ece88e1b,272632,3,0,,rejected_candidate,2102.6,False,False,0.0,0,False,BP,Evie,"7 Northwood Rd, Longueville NSW 2066, Australia",175.0,4,Civic Plaza 88 Christie,88 Christie St,,St Leonards,2065,CCS (Type 2) | CHAdeMO,50,4,2,Operational,Public - Membership Required,,2023-07-15T12:12:00Z,Open Charge Map Contributors,reject,Not the strongest candidate or evidence is insufficient.,,
ev_4a72e8dadf98c01f0c62241db9057233fb696a8565264b603d532473c84942a5,190670,1,8,8,combined_evidence,319.8,False,True,0.667,2,False,Tesla,NRMA,72 Lachlan St Hay NSW 2711 Australia,175.0,6,Hay [NRMA],134 Lachlan St,,Hay,2711,CCS (Type 2) | CHAdeMO,50,2,1,Operational,Public,Currently free but will be fee at some point.,2021-12-17T02:59:00Z,Open Charge Map Contributors,auto_accept,High-confidence top candidate selected by combined_evidence.,,
ev_6a77d922a2c828a8aadc9c6fdf4e61297664b0be72b875ecb11a687a62bb9858,272614,1,1,0,rejected_candidate,1633.8,False,False,0.0,0,True,EVE Australia,Chargefox,"8 Federation Rd
Camperdown NSW 2050
Australia",60.0,2,Mirvac South Eveleigh,2 Central Avenue,,Eveleigh,2015,CCS (Type 2) | CHAdeMO | Type 2 (Socket Only),22 | 50,8,4,Operational,Public - Membership Required,Free,2023-07-15T07:56:00Z,Open Charge Map Contributors,reject,Not the strongest candidate or evidence is insufficient.,,
ev_6a77d922a2c828a8aadc9c6fdf4e61297664b0be72b875ecb11a687a62bb9858,193048,2,1,,rejected_candidate,1726.9,False,False,0.0,0,True,EVE Australia,Evie,"8 Federation Rd
Camperdown NSW 2050
Australia",60.0,2,Marrickville Metro,Smidmore Street,,Sydney,2044,CCS (Type 2) | CHAdeMO,50,4,2,Operational,Public - Membership Required,,2023-07-16T13:40:00Z,Open Charge Map Contributors,reject,Not the strongest candidate or evidence is insufficient.,,
ev_6a77d922a2c828a8aadc9c6fdf4e61297664b0be72b875ecb11a687a62bb9858,273427,3,1,,rejected_candidate,2578.4,False,False,0.0,0,True,EVE Australia,BP Pulse (AU),"8 Federation Rd
Camperdown NSW 2050
Australia",60.0,2,bp pulse Sydenham,339 Princes Hwy,,St Peters,2044,CCS (Type 2),75,2,2,Operational,Public - Membership Required,55c/kWh,2023-08-09T11:35:00Z,Open Charge Map Contributors,reject,Not the strongest candidate or evidence is insufficient.,,
ev_6a77d922a2c828a8aadc9c6fdf4e61297664b0be72b875ecb11a687a62bb9858,272673,4,1,,rejected_candidate,2835.4,False,False,0.0,0,True,EVE Australia,Evie,"8 Federation Rd
Camperdown NSW 2050
Australia",60.0,2,Leichhardt Marketplace,128 Flood Street,,Leichhardt,2040,CCS (Type 2) | CHAdeMO,50,4,2,Operational,Public - Membership Required,,2023-07-16T12:44:00Z,Open Charge Map Contributors,reject,Not the strongest candidate or evidence is insufficient.,,
ev_6a77d922a2c828a8aadc9c6fdf4e61297664b0be72b875ecb11a687a62bb9858,311308,5,0,,rejected_candidate,1876.5,False,False,0.0,0,False,EVE Australia,Tesla (including non-tesla),"8 Federation Rd
Camperdown NSW 2050
Australia",60.0,2,Tesla Destination Charger,1 Bay Street,,Broadway,2007,CCS (Type 2),22,3,3,Operational,Public,0,2025-03-29T03:34:00Z,Open Charge Map Contributors,reject,Not the strongest candidate or evidence is insufficient.,,
ev_6a77d922a2c828a8aadc9c6fdf4e61297664b0be72b875ecb11a687a62bb9858,100404,6,0,,rejected_candidate,1884.0,False,False,0.0,0,False,EVE Australia,Tesla (Tesla-only charging),"8 Federation Rd
Camperdown NSW 2050
Australia",60.0,2,Broadway Supercharger,1 Bay Street,,Broadway,2007,CCS (Type 2),120,8,8,Operational,Public - Membership Required,AUD 0.42/kWh;other tariffs for older cars,2025-03-21T01:01:00Z,Open Charge Map Contributors,reject,Not the strongest candidate or evidence is insufficient.,,
ev_5b831093929722ee59e4bd6f95db28d1a8249aeeba97c6a98c5e0c022653f204,191953,1,7,2,combined_evidence,693.8,True,False,0.333,1,False,NRMA,NRMA,"8 Stanley St, Bathurst, NSW, 2795, Australia",175.0,4,Bathurst Visitor Information Centre,1 Kendall Avenue,,Bathurst,,CCS (Type 2) | CHAdeMO,50,2,1,Operational,Public - Membership Required,60c / 54c for NRMA Members,2024-06-14T12:05:00Z,Open Charge Map Contributors,auto_accept,High-confidence top candidate selected by combined_evidence.,,
ev_5b831093929722ee59e4bd6f95db28d1a8249aeeba97c6a98c5e0c022653f204,190409,2,5,,rejected_candidate,1426.8,False,True,0.333,1,False,NRMA,(Unknown Operator),"8 Stanley St, Bathurst, NSW, 2795, Australia",175.0,4,Bathurst Rail Museum,126 Havannah Street ,,Bathurst,2795,Type 2 (Tethered Connector)  | Type 2 (Socket Only),11 | 22,2,1,Operational,Public,,2021-12-06T09:44:00Z,Open Charge Map Contributors,reject,Not the strongest candidate or evidence is insufficient.,,
ev_5b831093929722ee59e4bd6f95db28d1a8249aeeba97c6a98c5e0c022653f204,121552,3,4,,rejected_candidate,651.2,False,False,0.333,1,True,NRMA,Tesla (including non-tesla),"8 Stanley St, Bathurst, NSW, 2795, Australia",175.0,4,Bathurst Supercharger,1 Kendall Ave,,Bathurst,,CCS (Type 2),120,6,6,Operational,Public - Membership Required,AUD 0.66/kWh;other tariffs for older cars,2023-06-06T12:12:00Z,Open Charge Map Contributors,reject,Not the strongest candidate or evidence is insufficient.,,
ev_24da761128de485174c66334365cf45d7b711f35bd3e323dc0932fa98ad30add,272619,1,13,13,operator_postcode_address,86.9,True,True,0.5,2,False,Chargefox,Chargefox,"801-899R Bunnerong Rd
Chifley NSW 2036
Australia",50.0,2,The Heffron Centre,439 Bunnerong Road,,Chifley,2036,CCS (Type 2) | CHAdeMO,25,8,8,Operational,Public - Membership Required,Free - $0.42/kWh,2023-07-15T09:08:00Z,Open Charge Map Contributors,auto_accept,High-confidence top candidate selected by operator_postcode_address.,,
ev_38107b306360242338682ac309ff2af727098b4abccd3e55baa43dd21455057a,191954,1,5,0,manual_review,802.8,False,True,0.333,1,False,Tesla,NRMA,82 Summer St Orange NSW 2800 Australia,175.0,6,Orange Civic Theatre,Orange Civic Theatre,,Orange,2800,CCS (Type 2) | CHAdeMO,50,2,1,Operational,Public - Membership Required,FREE,2022-03-10T22:21:00Z,Open Charge Map Contributors,manual_review,Top candidate has partial evidence but does not satisfy the high-confidence rule.,,
ev_38107b306360242338682ac309ff2af727098b4abccd3e55baa43dd21455057a,311438,2,5,,rejected_candidate,846.1,False,True,0.333,1,False,Tesla,Exploren,82 Summer St Orange NSW 2800 Australia,175.0,6,Orange City Council - City Library,259 Lords Place,,Orange,2800,Type 2 (Socket Only),7,4,2,Operational,Public - Membership Required,$0.47/kWh,2025-04-01T20:24:00Z,Open Charge Map Contributors,reject,Not the strongest candidate or evidence is insufficient.,,
ev_38107b306360242338682ac309ff2af727098b4abccd3e55baa43dd21455057a,311913,3,5,,rejected_candidate,2449.8,False,True,0.333,1,False,Tesla,Chargehub,82 Summer St Orange NSW 2800 Australia,175.0,6,Ibis Styles - Orange,146 Bathurst Road,,ORANGE,2800,Type 2 (Socket Only),11,3,3,Operational,Public,"$0.45 per kWh, may vary. See chargehub app.",2025-04-28T10:59:00Z,Open Charge Map Contributors,reject,Not the strongest candidate or evidence is insufficient.,,
ev_38107b306360242338682ac309ff2af727098b4abccd3e55baa43dd21455057a,311437,4,5,,rejected_candidate,6529.1,False,True,0.333,1,False,Tesla,Exploren,82 Summer St Orange NSW 2800 Australia,175.0,6,Orange City Council - Lake Canobolas,145 Lake Canobolas Road,,Nashdale,2800,Type 2 (Socket Only),7,2,1,Operational,Public - Membership Required,$0.47/kWh,2025-04-01T20:19:00Z,Open Charge Map Contributors,reject,Not the strongest candidate or evidence is insufficient.,,
ev_d73150450af90283e684fa17988ba49b13185f36ad6f16ab97c304ccaa3d2ddc,460280,1,13,4,operator_postcode_address,187830.2,True,True,1.0,2,False,Tesla,Tesla (including non-tesla),"8275 Pacific Hwy, New Italy NSW 2472",175.0,12,New Italy Tesla SuperCharger,8725 Pacific Motorway,,Richmond Valley New Italy,2472,CCS (Type 2),250,12,12,Operational,Public - Membership Required,,2025-08-25T07:52:00Z,Open Charge Map Contributors,auto_accept,High-confidence top candidate selected by operator_postcode_address.,,
ev_d73150450af90283e684fa17988ba49b13185f36ad6f16ab97c304ccaa3d2ddc,97619,2,9,,rejected_candidate,63069.2,True,False,0.5,1,True,Tesla,Tesla (Tesla-only charging),"8275 Pacific Hwy, New Italy NSW 2472",175.0,12,Coffs Harbour Supercharger [Tesla],253 Pacific Highway,,Coffs Harbour,2450,CCS (Type 2),120,6,6,Operational,Public - Membership Required,$0.52/kWh,2021-12-19T01:50:00Z,Open Charge Map Contributors,reject,Not the strongest candidate or evidence is insufficient.,,
ev_d73150450af90283e684fa17988ba49b13185f36ad6f16ab97c304ccaa3d2ddc,79311,3,9,,rejected_candidate,70691.0,True,False,0.5,1,True,Tesla,Tesla (Tesla-only charging),"8275 Pacific Hwy, New Italy NSW 2472",175.0,12,Port Macquarie Supercharger [Tesla],764 Pacific Highway,,Port Macquarie,2444,CCS (Type 2),120,6,6,Operational,Public - Membership Required,AUD 0.52/kWh,2021-12-19T01:54:00Z,Open Charge Map Contributors,reject,Not the strongest candidate or evidence is insufficient.,,
ev_d73150450af90283e684fa17988ba49b13185f36ad6f16ab97c304ccaa3d2ddc,79490,4,9,,rejected_candidate,245786.9,True,False,0.5,1,True,Tesla,Tesla (Tesla-only charging),"8275 Pacific Hwy, New Italy NSW 2472",175.0,12,Heatherbrae Supercharger [Tesla],2285 Pacific Highway,,Heatherbrae,2324,CCS (Type 2),120,6,6,Operational,Public - Membership Required,$0.52/kWh,2021-12-19T02:07:00Z,Open Charge Map Contributors,reject,Not the strongest candidate or evidence is insufficient.,,
ev_ccbcb25b3695d8e468992b55abdce46131ff9b6613168254f2c44db671b29091,279191,1,8,8,manual_review,542327.2,True,False,0.5,1,False,Evie,Evie,"85 South St, Ulladulla NSW 2539, Australia",175.0,4,Wallan,85 High Street,,Wallan,3756,CCS (Type 2) | CHAdeMO,50,2,1,Operational,Public - Membership Required,,2023-10-22T08:33:00Z,Open Charge Map Contributors,manual_review,Top candidate has partial evidence but does not satisfy the high-confidence rule.,,
ev_a2cffd33d15be2891313e9f373dc4298aab945611ffe756f0a1c54482aafaf5a,272630,1,5,5,manual_review,2829.6,True,False,0.0,0,True,Evie,Evie,"872 Anzac Pde, Maroubra, NSW, 2035",75.0,4,Royal Randwick,73 Belmore Road,,Randwick,2031,CCS (Type 2) | CHAdeMO,50,4,2,Operational,Public - Membership Required,,2023-07-15T12:06:00Z,Open Charge Map Contributors,manual_review,Top candidate has partial evidence but does not satisfy the high-confidence rule.,,
ev_45a3ef046ff422e37f44a238379fab58ecfe8b8f3ad7de72e4c3cb123d130ff4,272634,1,5,5,manual_review,2926.9,True,False,0.0,0,True,Evie,Evie,"9 Vickery Ave
Rose Bay NSW 2029
Australia",75.0,4,Eastgate Bondi Junction,"91 Spring St , NSW 2022",,Bondi Junction,2022,CCS (Type 2) | CHAdeMO,50,4,2,Operational,Public - Membership Required,,2023-07-15T12:17:00Z,Open Charge Map Contributors,manual_review,Top candidate has partial evidence but does not satisfy the high-confidence rule.,,
ev_035bc65ed294dc844e3bf7fdc991f0b7f99a37f6b997b1cd902bcf2b2b9bc742,191956,1,6,6,combined_evidence,459.9,False,True,0.333,1,False,Tesla,NRMA,"9-17 Short St, Parkes NSW 2870",175.0,4,NRMA Parkes,Bogan Street,,Parkes,2870,CCS (Type 2) | CHAdeMO,50,2,1,Operational,Public - Membership Required,FREE,2022-03-10T22:21:00Z,Open Charge Map Contributors,auto_accept,High-confidence top candidate selected by combined_evidence.,,
ev_6a5996a8b7b924f6cfc9b190f749a73c0429985b3bb8a0a988d58dd1e5c52c78,272618,1,0,0,rejected_candidate,2659.6,False,False,0.0,0,False,Evie,Chargefox,"Brewer St
Concord NSW 2137
Australia",75.0,4,ENGIE - DFO Homebush,3 -5 Underwood Road,,Homebush,2140,CCS (Type 2),120,2,2,Operational,Public - Membership Required,$0.45/kWh,2023-07-16T13:41:00Z,Open Charge Map Contributors,reject,Not the strongest candidate or evidence is insufficient.,,
ev_96272c524719da68b9940261b655844b41cf2a8acffe2cca5ec9bf05d0cbfb67,295994,1,13,13,close_coordinates_plus_identity,57.6,True,True,0.4,2,False,NRMA,NRMA,"Cabarita Beach Bowls and Sports Club, Cabarita Beach NSW 2488",175.0,4,NRMA Cabarita Beach,45 Cabarita Road,,Bogangar,2488,CCS (Type 2) | CHAdeMO | Type 2 (Socket Only),22 | 87 | 300,5,4,Operational,Public - Membership Required,$0.60/kWh,2024-03-06T17:53:00Z,Open Charge Map Contributors,auto_accept,High-confidence top candidate selected by close_coordinates_plus_identity.,,
ev_8006c40b0103b41f086482a2bf8de9ae056be8f065e6eb72d61b7248579a2ead,191161,1,4,4,rejected_candidate,100.0,False,False,0.25,1,False,BP,Evie,"Cnr Cumberland Hwy & Cabramatta Rd W, Cabramatta NSW 2166, Australia",175.0,4,Evie Cabramatta,Hungry Jacks,401 Cabramatta Road,Cabramatta,,CCS (Type 2) | CHAdeMO,50,4,2,Operational,Public - Membership Required,$0.40/kWh,2023-07-15T14:01:00Z,Open Charge Map Contributors,reject,Not the strongest candidate or evidence is insufficient.,,
ev_61d91b8e20330ceaa76695d256b496f784c65a37fb0d1794c14d66eefc09b1a1,191959,1,11,11,close_coordinates_plus_identity,12.9,True,False,0.333,1,True,NRMA,NRMA,"Coonabarabran Visitor Cntr, Coonabarabran, 2357",50.0,2,NRMA Coonabarabran,Newell Highway,,Coonabarabran,,CCS (Type 2) | CHAdeMO,50,2,1,Operational,Public - Membership Required,FREE,2022-03-10T22:20:00Z,Open Charge Map Contributors,auto_accept,High-confidence top candidate selected by close_coordinates_plus_identity.,,
ev_0a677446522370aadeca52a6376cf803995bf0ada00f50de5dda3811756137f8,297859,1,13,5,operator_postcode_address,97.2,True,True,0.6,3,False,Tesla,Tesla (including non-tesla),Corner Sturgeon St & Glenelg St Raymond Terrace NSW 2324 Australia,175.0,12,Terrace Central [Tesla],Glenelg Street,,Raymond Terrace,2324,CCS (Type 2),250,12,12,Operational,Public - Membership Required,$0.68/kWh,2026-03-05T09:39:00Z,Open Charge Map Contributors,auto_accept,High-confidence top candidate selected by operator_postcode_address.,,
ev_0a677446522370aadeca52a6376cf803995bf0ada00f50de5dda3811756137f8,79490,2,8,,rejected_candidate,2935.1,True,True,0.0,0,True,Tesla,Tesla (Tesla-only charging),Corner Sturgeon St & Glenelg St Raymond Terrace NSW 2324 Australia,175.0,12,Heatherbrae Supercharger [Tesla],2285 Pacific Highway,,Heatherbrae,2324,CCS (Type 2),120,6,6,Operational,Public - Membership Required,$0.52/kWh,2021-12-19T02:07:00Z,Open Charge Map Contributors,reject,Not the strongest candidate or evidence is insufficient.,,
ev_3c89a1ebcda70d4bc0e9ae8542512c6cc004e81d03b2136a8324c68a7217ced7,272686,1,13,3,operator_postcode_address,413.5,True,True,0.5,1,True,Evie,Evie,"Gouldsbury St
Mosman NSW 2088
Australia",75.0,2,Raglan Street West,188 Raglan St,,Mosman,2088,CCS (Type 2) | CHAdeMO,50,4,1,Operational,Public - Membership Required,,2023-07-16T22:00:00Z,Open Charge Map Contributors,auto_accept,High-confidence top candidate selected by operator_postcode_address.,,
ev_3c89a1ebcda70d4bc0e9ae8542512c6cc004e81d03b2136a8324c68a7217ced7,191164,2,10,,rejected_candidate,260.3,True,False,0.5,1,True,Evie,Evie,"Gouldsbury St
Mosman NSW 2088
Australia",75.0,2,Evie Mosman,6 Myahgah Road,,Mosman,,CHAdeMO | CCS (Type 2),50,2,1,Operational,Public - Membership Required,$0.40/kWh,2023-07-16T22:01:00Z,Open Charge Map Contributors,reject,Not the strongest candidate or evidence is insufficient.,,
ev_e3e1be231da26a7a0f4786d858e8cc211be6e7c9f8d8da4c86977bc6c987eaf6,266538,1,17,9,operator_postcode_address,12.2,True,True,1.0,2,False,Tesla,Tesla (Tesla-only charging),"Hope St, Blaxland NSW 2774, Australia",175.0,6,Blaxland Supercharger,126 Hope St,,Blaxland,2774,CCS (Type 2),250,6,6,Operational,Public - Membership Required,Supercharger rates,2023-06-08T12:45:00Z,Open Charge Map Contributors,auto_accept,High-confidence top candidate selected by operator_postcode_address.,,
ev_e3e1be231da26a7a0f4786d858e8cc211be6e7c9f8d8da4c86977bc6c987eaf6,300148,2,8,,rejected_candidate,684584.5,True,False,0.5,1,False,Tesla,Tesla (including non-tesla),"Hope St, Blaxland NSW 2774, Australia",175.0,6,Tesla Supercharger Brighton East,Hope Street,,Brighton East,3186,CCS (Type 2),250,3,3,Operational,Public - Membership Required,$0.69/kWh,2024-06-25T11:09:00Z,Open Charge Map Contributors,reject,Not the strongest candidate or evidence is insufficient.,,
ev_e3e1be231da26a7a0f4786d858e8cc211be6e7c9f8d8da4c86977bc6c987eaf6,297042,3,1,,rejected_candidate,2482.7,False,False,0.0,0,True,Tesla,Ampol AmpCharge,"Hope St, Blaxland NSW 2774, Australia",175.0,6,AmpCharge Charging Station,78 Great Western Highway,,Glenbrook,2773,CCS (Type 2) | CHAdeMO,150,2,1,Operational,Public - Membership Required,,2024-03-30T04:59:00Z,Open Charge Map Contributors,reject,Not the strongest candidate or evidence is insufficient.,,
ev_433a28a62cf678ff68a304f9161ecd4458415a9394f019be0606660fe1d25220,460615,1,14,6,close_coordinates_plus_identity,39.7,True,False,1.0,2,False,Tesla,Tesla (including non-tesla),"Jessie St, Armidale NSW 2350, Australia",175.0,4,Tesla Supercharger Armidale,117 Jessie Street,,Armidale,,CCS (Type 2),250,4,4,Operational,Public - Membership Required,,2025-09-01T05:09:00Z,Open Charge Map Contributors,auto_accept,High-confidence top candidate selected by close_coordinates_plus_identity.,,
ev_433a28a62cf678ff68a304f9161ecd4458415a9394f019be0606660fe1d25220,274592,2,8,,rejected_candidate,511.9,False,True,0.5,1,False,Tesla,(Business Owner at Location),"Jessie St, Armidale NSW 2350, Australia",175.0,4,Cedar Lodge Motel,119 Barney Street,,Armidale,2350,Type 2 (Socket Only),7,2,2,Operational,"Private - For Staff, Visitors or Customers",$15 for guest who do not book direct.  Free for guest who book direct.,2023-10-09T02:47:00Z,Open Charge Map Contributors,reject,Not the strongest candidate or evidence is insufficient.,,
ev_433a28a62cf678ff68a304f9161ecd4458415a9394f019be0606660fe1d25220,170824,3,8,,rejected_candidate,617.9,False,True,0.5,1,False,Tesla,NRMA,"Jessie St, Armidale NSW 2350, Australia",175.0,4,Armidale Visitors Centre,82 Marsh Street,,Armidale,2350,CCS (Type 2) | CHAdeMO,50,2,1,Operational,Public,Currently free but will be fee at some point.,2020-12-11T13:42:00Z,Open Charge Map Contributors,reject,Not the strongest candidate or evidence is insufficient.,,
ev_4867be9447c91b67fa4811fb77983f83d133603af68ca305b1bfece09221adcc,272684,1,6,1,manual_review,655.3,True,False,0.0,0,True,Evie,Evie,"Queens Rd
Five Dock NSW 2046
Australia",75.0,4,BP Ashfield,586A Parramatta Rd,,Croydon,2132,CCS (Type 2) | CHAdeMO,50,4,2,Operational,Public - Membership Required,,2023-07-16T21:56:00Z,Open Charge Map Contributors,manual_review,Top candidate has partial evidence but does not satisfy the high-confidence rule.,,
ev_4867be9447c91b67fa4811fb77983f83d133603af68ca305b1bfece09221adcc,272641,2,5,,rejected_candidate,2219.4,True,False,0.0,0,True,Evie,Evie,"Queens Rd
Five Dock NSW 2046
Australia",75.0,4,Ashfield Mall,260A Liverpool Rd,,Ashfield,2131,CCS (Type 2) | CHAdeMO,50,4,2,Operational,Public - Membership Required,,2023-07-15T13:50:00Z,Open Charge Map Contributors,reject,Not the strongest candidate or evidence is insufficient.,,
ev_4867be9447c91b67fa4811fb77983f83d133603af68ca305b1bfece09221adcc,272673,3,5,,rejected_candidate,2982.5,True,False,0.0,0,True,Evie,Evie,"Queens Rd
Five Dock NSW 2046
Australia",75.0,4,Leichhardt Marketplace,128 Flood Street,,Leichhardt,2040,CCS (Type 2) | CHAdeMO,50,4,2,Operational,Public - Membership Required,,2023-07-16T12:44:00Z,Open Charge Map Contributors,reject,Not the strongest candidate or evidence is insufficient.,,
ev_e6aedb7d67b93b36263a8408ea64bfc3524f3e0fb089a3cbc6df2751e4a3389b,121552,1,15,7,operator_address_power,15.5,True,False,1.0,3,True,Tesla,Tesla (including non-tesla),"1 Kendall Ave, Bathurst , 2795",130.0,12,Bathurst Supercharger,1 Kendall Ave,,Bathurst,,CCS (Type 2),120,6,6,Operational,Public - Membership Required,AUD 0.66/kWh;other tariffs for older cars,2023-06-06T12:12:00Z,Open Charge Map Contributors,auto_accept,High-confidence top candidate selected by operator_address_power.,,
ev_e6aedb7d67b93b36263a8408ea64bfc3524f3e0fb089a3cbc6df2751e4a3389b,191953,2,8,,rejected_candidate,195.1,False,False,1.0,3,False,Tesla,NRMA,"1 Kendall Ave, Bathurst , 2795",130.0,12,Bathurst Visitor Information Centre,1 Kendall Avenue,,Bathurst,,CCS (Type 2) | CHAdeMO,50,2,1,Operational,Public - Membership Required,60c / 54c for NRMA Members,2024-06-14T12:05:00Z,Open Charge Map Contributors,reject,Not the strongest candidate or evidence is insufficient.,,
ev_e6aedb7d67b93b36263a8408ea64bfc3524f3e0fb089a3cbc6df2751e4a3389b,190409,3,5,,rejected_candidate,900.0,False,True,0.333,1,False,Tesla,(Unknown Operator),"1 Kendall Ave, Bathurst , 2795",130.0,12,Bathurst Rail Museum,126 Havannah Street ,,Bathurst,2795,Type 2 (Tethered Connector)  | Type 2 (Socket Only),11 | 22,2,1,Operational,Public,,2021-12-06T09:44:00Z,Open Charge Map Contributors,reject,Not the strongest candidate or evidence is insufficient.,,
ev_f89a88e900e75accedfbc7185d627fdf2a58098c078523e63aff886277b541b4,191953,1,13,3,operator_address_power,196.6,True,False,1.0,3,True,NRMA,NRMA,"1 Kendall Ave, Bathurst, 2795",50.0,2,Bathurst Visitor Information Centre,1 Kendall Avenue,,Bathurst,,CCS (Type 2) | CHAdeMO,50,2,1,Operational,Public - Membership Required,60c / 54c for NRMA Members,2024-06-14T12:05:00Z,Open Charge Map Contributors,auto_accept,High-confidence top candidate selected by operator_address_power.,,
ev_f89a88e900e75accedfbc7185d627fdf2a58098c078523e63aff886277b541b4,121552,2,10,,rejected_candidate,10.5,False,False,1.0,3,False,NRMA,Tesla (including non-tesla),"1 Kendall Ave, Bathurst, 2795",50.0,2,Bathurst Supercharger,1 Kendall Ave,,Bathurst,,CCS (Type 2),120,6,6,Operational,Public - Membership Required,AUD 0.66/kWh;other tariffs for older cars,2023-06-06T12:12:00Z,Open Charge Map Contributors,reject,Not the strongest candidate or evidence is insufficient.,,
ev_f89a88e900e75accedfbc7185d627fdf2a58098c078523e63aff886277b541b4,190409,3,5,,rejected_candidate,891.3,False,True,0.333,1,False,NRMA,(Unknown Operator),"1 Kendall Ave, Bathurst, 2795",50.0,2,Bathurst Rail Museum,126 Havannah Street ,,Bathurst,2795,Type 2 (Tethered Connector)  | Type 2 (Socket Only),11 | 22,2,1,Operational,Public,,2021-12-06T09:44:00Z,Open Charge Map Contributors,reject,Not the strongest candidate or evidence is insufficient.,,
ev_9f9705c4c736f913b54fb0803c2fbdcb14b92622b2ba878ef11d6c79e1908b2c,306016,1,0,0,rejected_candidate,1989.1,False,False,0.0,0,False,BP,Everty,"1 Tasman Rd, Gumly Gumly NSW 2652, Australia",175.0,6,Middy's Wagga East,Stuart Road,East Wagga Wagga,,2650,CCS (Type 2) | CHAdeMO,25,2,1,Operational,Public - Membership Required,$0.35/kWh,2024-12-08T01:54:00Z,Open Charge Map Contributors,reject,Not the strongest candidate or evidence is insufficient.,,
ev_29f87cc930c70dc25bbd7d9d862ca4beb318b8ccb3247edc5767510d39f102fc,272614,1,3,2,rejected_candidate,1975.1,False,True,0.0,0,False,Tesla,Chargefox,"1/118 Bourke Rd, Alexandria NSW 2015",175.0,6,Mirvac South Eveleigh,2 Central Avenue,,Eveleigh,2015,CCS (Type 2) | CHAdeMO | Type 2 (Socket Only),22 | 50,8,4,Operational,Public - Membership Required,Free,2023-07-15T07:56:00Z,Open Charge Map Contributors,reject,Not the strongest candidate or evidence is insufficient.,,
ev_29f87cc930c70dc25bbd7d9d862ca4beb318b8ccb3247edc5767510d39f102fc,191062,2,1,,rejected_candidate,1938.4,False,False,0.0,0,True,Tesla,Chargefox,"1/118 Bourke Rd, Alexandria NSW 2015",175.0,6,Audi Centre Sydney ,895 South Dowling Street,,Zetland,2017,CCS (Type 2),165,1,1,Operational,Public - Membership Required,$0.70/kWh,2023-07-13T10:51:00Z,Open Charge Map Contributors,reject,Not the strongest candidate or evidence is insufficient.,,
ev_29f87cc930c70dc25bbd7d9d862ca4beb318b8ccb3247edc5767510d39f102fc,273427,3,0,,rejected_candidate,1918.3,False,False,0.0,0,False,Tesla,BP Pulse (AU),"1/118 Bourke Rd, Alexandria NSW 2015",175.0,6,bp pulse Sydenham,339 Princes Hwy,,St Peters,2044,CCS (Type 2),75,2,2,Operational,Public - Membership Required,55c/kWh,2023-08-09T11:35:00Z,Open Charge Map Contributors,reject,Not the strongest candidate or evidence is insufficient.,,
ev_29f87cc930c70dc25bbd7d9d862ca4beb318b8ccb3247edc5767510d39f102fc,272616,4,0,,rejected_candidate,1970.6,False,False,0.0,0,False,Tesla,Chargefox,"1/118 Bourke Rd, Alexandria NSW 2015",175.0,6,NRMA - Sydney,4 Defries Avenue,,Zetland,2017,CCS (Type 2) | CHAdeMO,50 | 350,4,4,Operational,Public - Membership Required,$0.45 - $0.60/kWh,2023-07-15T08:58:00Z,Open Charge Map Contributors,reject,Not the strongest candidate or evidence is insufficient.,,
ev_29f87cc930c70dc25bbd7d9d862ca4beb318b8ccb3247edc5767510d39f102fc,193048,5,0,,rejected_candidate,2156.5,False,False,0.0,0,False,Tesla,Evie,"1/118 Bourke Rd, Alexandria NSW 2015",175.0,6,Marrickville Metro,Smidmore Street,,Sydney,2044,CCS (Type 2) | CHAdeMO,50,4,2,Operational,Public - Membership Required,,2023-07-16T13:40:00Z,Open Charge Map Contributors,reject,Not the strongest candidate or evidence is insufficient.,,
ev_29f87cc930c70dc25bbd7d9d862ca4beb318b8ccb3247edc5767510d39f102fc,150024,6,0,,rejected_candidate,2352.4,False,False,0.0,0,False,Tesla,(Unknown Operator),"1/118 Bourke Rd, Alexandria NSW 2015",175.0,6,Supa Centa Moore Park,,,Kensington,2033,Tesla (Model S/X),17,1,1,Operational,Public,Free,2020-06-10T21:39:00Z,Open Charge Map Contributors,reject,Not the strongest candidate or evidence is insufficient.,,
ev_29f87cc930c70dc25bbd7d9d862ca4beb318b8ccb3247edc5767510d39f102fc,190875,7,0,,rejected_candidate,2898.0,False,False,0.0,0,False,Tesla,Jolt,"1/118 Bourke Rd, Alexandria NSW 2015",175.0,6,Kensington [Jolt],110 Anzac Pde,,Kensington,2033,CCS (Type 2) | CHAdeMO,25,2,1,Operational,Public - Membership Required,$0.00/kWh up to 7 kWh then $0.40/kWh,2023-07-13T10:53:00Z,Open Charge Map Contributors,reject,Not the strongest candidate or evidence is insufficient.,,
ev_f3b15586f4ce81395cd5717b53a375b71386d27bf291be7490fca9ddaf41fdf4,272641,1,5,2,manual_review,1182.4,False,True,0.25,1,False,EVE Australia,Evie,"105-107 Alt St
Ashfield NSW 2131
Australia",25.0,2,Ashfield Mall,260A Liverpool Rd,,Ashfield,2131,CCS (Type 2) | CHAdeMO,50,4,2,Operational,Public - Membership Required,,2023-07-15T13:50:00Z,Open Charge Map Contributors,manual_review,Top candidate has partial evidence but does not satisfy the high-confidence rule.,,
ev_f3b15586f4ce81395cd5717b53a375b71386d27bf291be7490fca9ddaf41fdf4,272684,2,3,,rejected_candidate,735.6,False,False,0.25,1,False,EVE Australia,Evie,"105-107 Alt St
Ashfield NSW 2131
Australia",25.0,2,BP Ashfield,586A Parramatta Rd,,Croydon,2132,CCS (Type 2) | CHAdeMO,50,4,2,Operational,Public - Membership Required,,2023-07-16T21:56:00Z,Open Charge Map Contributors,reject,Not the strongest candidate or evidence is insufficient.,,
ev_f3b15586f4ce81395cd5717b53a375b71386d27bf291be7490fca9ddaf41fdf4,272673,3,0,,rejected_candidate,1889.0,False,False,0.0,0,False,EVE Australia,Evie,"105-107 Alt St
Ashfield NSW 2131
Australia",25.0,2,Leichhardt Marketplace,128 Flood Street,,Leichhardt,2040,CCS (Type 2) | CHAdeMO,50,4,2,Operational,Public - Membership Required,,2023-07-16T12:44:00Z,Open Charge Map Contributors,reject,Not the strongest candidate or evidence is insufficient.,,
ev_ca95a8da2f625d04ef7a96068ee0571c01395f93531e2c2f7d6ab5af7c1f6ef3,191164,1,5,0,manual_review,1063.9,True,False,0.0,0,True,Evie,Evie,"106 Parraween St
Cremorne NSW 2090
Australia",75.0,4,Evie Mosman,6 Myahgah Road,,Mosman,,CHAdeMO | CCS (Type 2),50,2,1,Operational,Public - Membership Required,$0.40/kWh,2023-07-16T22:01:00Z,Open Charge Map Contributors,manual_review,Top candidate has partial evidence but does not satisfy the high-confidence rule.,,
ev_ca95a8da2f625d04ef7a96068ee0571c01395f93531e2c2f7d6ab5af7c1f6ef3,272686,2,5,,rejected_candidate,1323.2,True,False,0.0,0,True,Evie,Evie,"106 Parraween St
Cremorne NSW 2090
Australia",75.0,4,Raglan Street West,188 Raglan St,,Mosman,2088,CCS (Type 2) | CHAdeMO,50,4,1,Operational,Public - Membership Required,,2023-07-16T22:00:00Z,Open Charge Map Contributors,reject,Not the strongest candidate or evidence is insufficient.,,
ev_ca95a8da2f625d04ef7a96068ee0571c01395f93531e2c2f7d6ab5af7c1f6ef3,272694,3,5,,rejected_candidate,2817.0,True,False,0.0,0,True,Evie,Evie,"106 Parraween St
Cremorne NSW 2090
Australia",75.0,4,Northbridge Plaza,9 Eastern Valley Way,,Northbridge,2063,CCS (Type 2) | CHAdeMO,50,4,1,Operational,Public - Membership Required,,2023-07-16T23:09:00Z,Open Charge Map Contributors,reject,Not the strongest candidate or evidence is insufficient.,,
ev_94064799c11a8efa066978448d4fef6a85f9be9943d907b9a8152a2040c0c844,272619,1,3,3,rejected_candidate,1498.9,False,True,0.0,0,False,Evie,Chargefox,"1215 Anzac Pde, Matraville, NSW, 2036",75.0,4,The Heffron Centre,439 Bunnerong Road,,Chifley,2036,CCS (Type 2) | CHAdeMO,25,8,8,Operational,Public - Membership Required,Free - $0.42/kWh,2023-07-15T09:08:00Z,Open Charge Map Contributors,reject,Not the strongest candidate or evidence is insufficient.,,
ev_5319c99c791735d42b7c52b2a163f89fd2ff4371a604a117d737d24a30036918,273427,1,8,0,manual_review,23320.6,True,False,0.5,1,False,BP,BP Pulse (AU),"1234 Princes Hwy, Engadine NSW 2233, Australia",175.0,4,bp pulse Sydenham,339 Princes Hwy,,St Peters,2044,CCS (Type 2),75,2,2,Operational,Public - Membership Required,55c/kWh,2023-08-09T11:35:00Z,Open Charge Map Contributors,manual_review,Top candidate has partial evidence but does not satisfy the high-confidence rule.,,
ev_5319c99c791735d42b7c52b2a163f89fd2ff4371a604a117d737d24a30036918,273425,2,8,,rejected_candidate,37837.7,True,False,0.5,1,False,BP,BP Pulse (AU),"1234 Princes Hwy, Engadine NSW 2233, Australia",175.0,4,Fairy Meadow [bp pulse],224 Princes Hwy,,Fairy Meadow,2519,CCS (Type 2),75,2,2,Operational,Public - Membership Required,55c/kWh,2023-08-09T11:24:00Z,Open Charge Map Contributors,reject,Not the strongest candidate or evidence is insufficient.,,
ev_3bf1991a2bd83eb074345a8d4467ffd36a8944af3bb5ddd8f0524fc4c423111a,190915,1,5,5,combined_evidence,871.3,False,True,0.333,1,False,BP,NRMA,"13 Southey St, Jerilderie NSW 2716, Australia",175.0,6,NRMA Jerilderie,Powell Street,,Jerilderie,2716,CCS (Type 2) | CHAdeMO,50,2,1,Operational,Public,FREE,2022-01-04T11:52:00Z,Open Charge Map Contributors,auto_accept,High-confidence top candidate selected by combined_evidence.,,
ev_13956b6342d4b2caac28de8cd39e00ab65299a93f966f7fa6f712f97175c062c,273195,1,12,1,operator_postcode_address,3407.3,True,True,0.5,2,True,Chargefox,Chargefox,"144 Bayshore Dr, Byron Bay, 2481",50.0,2,Byron Bay Library,Lawson Street,,Byron Bay,2481,CCS (Type 2) | CHAdeMO,50,2,1,Operational,Public - Membership Required,$0.40 per kWh,2023-07-28T12:55:00Z,Open Charge Map Contributors,auto_accept,High-confidence top candidate selected by operator_postcode_address.,reject,Different Byron Bay street address despite matching operator and postcode.
ev_13956b6342d4b2caac28de8cd39e00ab65299a93f966f7fa6f712f97175c062c,148118,2,11,,rejected_candidate,762.0,True,True,0.5,1,False,Chargefox,Chargefox,"144 Bayshore Dr, Byron Bay, 2481",50.0,2,Bayshore Drive,Bayshore Drive,,Ewingsdale,2481,Type 2 (Socket Only),22,11,2,Operational,Public,Free,2023-07-13T23:23:00Z,Open Charge Map Contributors,reject,Not the strongest candidate or evidence is insufficient.,,
ev_8489eb17131ee325c121e948490a20861b5a5838f65adeeae44573a2a67d94b4,157566,1,9,2,manual_review,1787.3,False,True,0.75,3,False,Tesla,NRMA,"154 Beach Rd, Batemans Bay NSW 2536",175.0,6,Batemans Bay Visitor Centre [NRMA],2A Beach Road,,Batemans Bay,2536,CCS (Type 2) | CHAdeMO,50,2,1,Operational,Public,,2021-12-19T02:29:00Z,Open Charge Map Contributors,manual_review,Top candidate has partial evidence but does not satisfy the high-confidence rule.,,
ev_8489eb17131ee325c121e948490a20861b5a5838f65adeeae44573a2a67d94b4,190706,2,7,,rejected_candidate,1533.9,False,True,0.5,2,False,Tesla,Evie,"154 Beach Rd, Batemans Bay NSW 2536",175.0,6,Dan Murphy's,51 Orient Street,,Batemans Bay,2536,CCS (Type 2) | CHAdeMO,50,2,1,Operational,Public - Membership Required,50c per kWh energy consumed.,2023-07-12T22:38:00Z,Open Charge Map Contributors,reject,Not the strongest candidate or evidence is insufficient.,,
ev_8489eb17131ee325c121e948490a20861b5a5838f65adeeae44573a2a67d94b4,209950,3,7,,rejected_candidate,1915.4,False,True,0.5,2,False,Tesla,NRMA,"154 Beach Rd, Batemans Bay NSW 2536",175.0,6,Batemans Bay Regional Arts Aquatic & Leisure Centre [NRMA],12 Vesper Street,,Batemans Bay,2536,CHAdeMO | CCS (Type 2),75,4,2,Operational,Public - Membership Required,FREE,2022-11-16T10:13:00Z,Open Charge Map Contributors,reject,Not the strongest candidate or evidence is insufficient.,,
ev_8489eb17131ee325c121e948490a20861b5a5838f65adeeae44573a2a67d94b4,272603,4,5,,rejected_candidate,1438.9,False,True,0.25,1,False,Tesla,Chargefox,"154 Beach Rd, Batemans Bay NSW 2536",175.0,6,The Isla,222 Beach Road,,Batehaven,2536,Type 2 (Socket Only),7,1,1,Operational,Public - Membership Required,$0.60/kWh,2023-07-15T06:56:00Z,Open Charge Map Contributors,reject,Not the strongest candidate or evidence is insufficient.,,
ev_372a562b06916db567589a4649b53329cfc9c471b88ccaba4e0ebb33a268457a,312274,1,11,11,close_coordinates_plus_identity,78.7,True,True,0.333,1,False,Tesla,Tesla (including non-tesla),"162 Rouse St, Tenterfield NSW 2372, Australia",175.0,4,Tesla Supercharger - Coles Tenterfield,1 Crown St,,Tenterfield,2372,CCS (Type 2),250,12,3,Operational,Public - Membership Required,$0.69/kWh,2025-05-07T05:24:00Z,Open Charge Map Contributors,auto_accept,High-confidence top candidate selected by close_coordinates_plus_identity.,,
